ts_code,date,contract,symbol,open,high,low,close,settle,volume,open_interest,provider
P.DCE,2015-01-05,P1505.DCE,P,5048.0,5052.0,4982.0,5006.0,5020.0,240460.0,532642.0,tushare_contract
P.DCE,2015-01-06,P1505.DCE,P,5000.0,5050.0,4984.0,5038.0,5022.0,393316.0,525292.0,tushare_contract
P.DCE,2015-01-07,P1505.DCE,P,5040.0,5066.0,5004.0,5026.0,5032.0,342328.0,519712.0,tushare_contract
P.DCE,2015-01-08,P1505.DCE,P,5070.0,5088.0,5038.0,5062.0,5062.0,473784.0,529996.0,tushare_contract
P.DCE,2015-01-09,P1505.DCE,P,5086.0,5098.0,5040.0,5052.0,5074.0,433036.0,526510.0,tushare_contract
P.DCE,2015-01-12,P1505.DCE,P,5050.0,5076.0,5044.0,5060.0,5060.0,227010.0,532212.0,tushare_contract
P.DCE,2015-01-13,P1505.DCE,P,5058.0,5058.0,4972.0,4982.0,5008.0,299966.0,537682.0,tushare_contract
P.DCE,2015-01-14,P1505.DCE,P,4986.0,5008.0,4924.0,4938.0,4968.0,358504.0,535308.0,tushare_contract
P.DCE,2015-01-15,P1505.DCE,P,4926.0,4974.0,4900.0,4956.0,4936.0,428382.0,547210.0,tushare_contract
P.DCE,2015-01-16,P1505.DCE,P,4956.0,4998.0,4920.0,4942.0,4950.0,379078.0,540918.0,tushare_contract
P.DCE,2015-01-19,P1505.DCE,P,4936.0,4982.0,4760.0,4896.0,4914.0,718154.0,474688.0,tushare_contract
P.DCE,2015-01-20,P1505.DCE,P,4880.0,4912.0,4864.0,4888.0,4886.0,295924.0,476784.0,tushare_contract
P.DCE,2015-01-21,P1505.DCE,P,4888.0,4928.0,4870.0,4894.0,4898.0,382368.0,493330.0,tushare_contract
P.DCE,2015-01-22,P1505.DCE,P,4870.0,4908.0,4864.0,4876.0,4888.0,285746.0,489316.0,tushare_contract
P.DCE,2015-01-23,P1505.DCE,P,4890.0,4892.0,4854.0,4870.0,4868.0,329186.0,481754.0,tushare_contract
P.DCE,2015-01-26,P1505.DCE,P,4852.0,4874.0,4836.0,4838.0,4850.0,247708.0,463804.0,tushare_contract
P.DCE,2015-01-27,P1505.DCE,P,4840.0,4868.0,4822.0,4826.0,4840.0,327400.0,471282.0,tushare_contract
P.DCE,2015-01-28,P1505.DCE,P,4834.0,4850.0,4780.0,4810.0,4810.0,315388.0,465740.0,tushare_contract
P.DCE,2015-01-29,P1505.DCE,P,4814.0,4818.0,4736.0,4756.0,4770.0,332030.0,481950.0,tushare_contract
P.DCE,2015-01-30,P1505.DCE,P,4722.0,4746.0,4610.0,4652.0,4666.0,617164.0,499368.0,tushare_contract
P.DCE,2015-02-02,P1505.DCE,P,4680.0,4708.0,4628.0,4694.0,4668.0,336800.0,477366.0,tushare_contract
P.DCE,2015-02-03,P1505.DCE,P,4718.0,4750.0,4696.0,4736.0,4718.0,293516.0,472290.0,tushare_contract
P.DCE,2015-02-04,P1505.DCE,P,4740.0,4818.0,4736.0,4750.0,4766.0,343794.0,450958.0,tushare_contract
P.DCE,2015-02-05,P1505.DCE,P,4778.0,4826.0,4736.0,4802.0,4782.0,479924.0,442668.0,tushare_contract
P.DCE,2015-02-06,P1505.DCE,P,4888.0,4952.0,4846.0,4896.0,4892.0,812316.0,421582.0,tushare_contract
P.DCE,2015-02-09,P1505.DCE,P,4930.0,4934.0,4884.0,4916.0,4904.0,397022.0,413604.0,tushare_contract
P.DCE,2015-02-10,P1505.DCE,P,4892.0,4942.0,4886.0,4940.0,4912.0,273506.0,411748.0,tushare_contract
P.DCE,2015-02-11,P1505.DCE,P,4912.0,4942.0,4898.0,4936.0,4918.0,259104.0,401270.0,tushare_contract
P.DCE,2015-02-12,P1505.DCE,P,4918.0,4924.0,4882.0,4886.0,4900.0,323994.0,368938.0,tushare_contract
P.DCE,2015-02-13,P1505.DCE,P,4902.0,4988.0,4890.0,4986.0,4950.0,327188.0,372408.0,tushare_contract
P.DCE,2015-02-16,P1505.DCE,P,4990.0,5030.0,4972.0,5000.0,5004.0,204542.0,346924.0,tushare_contract
P.DCE,2015-02-17,P1505.DCE,P,5002.0,5016.0,4990.0,4996.0,4998.0,82618.0,333412.0,tushare_contract
P.DCE,2015-02-25,P1505.DCE,P,4976.0,4978.0,4816.0,4942.0,4916.0,125970.0,319178.0,tushare_contract
P.DCE,2015-02-26,P1505.DCE,P,4952.0,4974.0,4936.0,4962.0,4956.0,116924.0,321936.0,tushare_contract
P.DCE,2015-02-27,P1505.DCE,P,4974.0,5104.0,4966.0,5100.0,5040.0,351048.0,363518.0,tushare_contract
P.DCE,2015-03-02,P1505.DCE,P,5100.0,5174.0,5100.0,5164.0,5136.0,447282.0,372620.0,tushare_contract
P.DCE,2015-03-03,P1505.DCE,P,5164.0,5220.0,5070.0,5106.0,5144.0,529290.0,345050.0,tushare_contract
P.DCE,2015-03-04,P1505.DCE,P,5124.0,5170.0,5100.0,5142.0,5136.0,241488.0,339784.0,tushare_contract
P.DCE,2015-03-05,P1509.DCE,P,4990.0,4990.0,4892.0,4918.0,4926.0,277524.0,324160.0,tushare_contract
P.DCE,2015-03-06,P1509.DCE,P,4900.0,4900.0,4816.0,4818.0,4862.0,254300.0,313986.0,tushare_contract
P.DCE,2015-03-09,P1509.DCE,P,4830.0,4834.0,4760.0,4814.0,4806.0,297770.0,327508.0,tushare_contract
P.DCE,2015-03-10,P1509.DCE,P,4804.0,4808.0,4732.0,4742.0,4764.0,441202.0,333666.0,tushare_contract
P.DCE,2015-03-11,P1509.DCE,P,4744.0,4752.0,4706.0,4742.0,4726.0,396420.0,369372.0,tushare_contract
P.DCE,2015-03-12,P1509.DCE,P,4754.0,4776.0,4732.0,4748.0,4750.0,316596.0,372660.0,tushare_contract
P.DCE,2015-03-13,P1509.DCE,P,4742.0,4756.0,4706.0,4724.0,4724.0,322900.0,379322.0,tushare_contract
P.DCE,2015-03-16,P1509.DCE,P,4724.0,4734.0,4536.0,4650.0,4682.0,505634.0,351798.0,tushare_contract
P.DCE,2015-03-17,P1509.DCE,P,4660.0,4680.0,4646.0,4662.0,4666.0,344602.0,404802.0,tushare_contract
P.DCE,2015-03-18,P1509.DCE,P,4602.0,4626.0,4578.0,4616.0,4600.0,637820.0,515052.0,tushare_contract
P.DCE,2015-03-19,P1509.DCE,P,4652.0,4774.0,4652.0,4738.0,4718.0,803982.0,512322.0,tushare_contract
P.DCE,2015-03-20,P1509.DCE,P,4730.0,4756.0,4678.0,4688.0,4714.0,593376.0,557522.0,tushare_contract
P.DCE,2015-03-23,P1509.DCE,P,4650.0,4744.0,4642.0,4730.0,4702.0,714462.0,608354.0,tushare_contract
P.DCE,2015-03-24,P1509.DCE,P,4730.0,4788.0,4708.0,4730.0,4746.0,702168.0,621754.0,tushare_contract
P.DCE,2015-03-25,P1509.DCE,P,4740.0,4752.0,4714.0,4716.0,4728.0,450566.0,628748.0,tushare_contract
P.DCE,2015-03-26,P1509.DCE,P,4752.0,4766.0,4698.0,4752.0,4736.0,610362.0,627142.0,tushare_contract
P.DCE,2015-03-27,P1509.DCE,P,4750.0,4762.0,4674.0,4688.0,4716.0,514884.0,623764.0,tushare_contract
P.DCE,2015-03-30,P1509.DCE,P,4700.0,4706.0,4642.0,4664.0,4668.0,469874.0,607624.0,tushare_contract
P.DCE,2015-03-31,P1509.DCE,P,4680.0,4686.0,4632.0,4644.0,4660.0,429164.0,590226.0,tushare_contract
P.DCE,2015-04-01,P1509.DCE,P,4626.0,4696.0,4620.0,4650.0,4658.0,398886.0,604216.0,tushare_contract
P.DCE,2015-04-02,P1509.DCE,P,4650.0,4688.0,4612.0,4670.0,4656.0,572444.0,630800.0,tushare_contract
P.DCE,2015-04-03,P1509.DCE,P,4652.0,4680.0,4646.0,4678.0,4662.0,306492.0,606770.0,tushare_contract
P.DCE,2015-04-07,P1509.DCE,P,4706.0,4778.0,4702.0,4746.0,4738.0,294052.0,606364.0,tushare_contract
P.DCE,2015-04-08,P1509.DCE,P,4726.0,4730.0,4692.0,4714.0,4714.0,303586.0,617796.0,tushare_contract
P.DCE,2015-04-09,P1509.DCE,P,4696.0,4702.0,4648.0,4656.0,4674.0,365568.0,602082.0,tushare_contract
P.DCE,2015-04-10,P1509.DCE,P,4630.0,4672.0,4620.0,4626.0,4644.0,386470.0,599762.0,tushare_contract
P.DCE,2015-04-13,P1509.DCE,P,4644.0,4688.0,4636.0,4676.0,4664.0,430286.0,625806.0,tushare_contract
P.DCE,2015-04-14,P1509.DCE,P,4670.0,4686.0,4632.0,4642.0,4658.0,360574.0,637088.0,tushare_contract
P.DCE,2015-04-15,P1509.DCE,P,4666.0,4734.0,4662.0,4720.0,4700.0,747760.0,681610.0,tushare_contract
P.DCE,2015-04-16,P1509.DCE,P,4704.0,4802.0,4690.0,4762.0,4750.0,886354.0,694486.0,tushare_contract
P.DCE,2015-04-17,P1509.DCE,P,4742.0,4774.0,4734.0,4742.0,4750.0,406422.0,701910.0,tushare_contract
P.DCE,2015-04-20,P1509.DCE,P,4752.0,4848.0,4748.0,4846.0,4808.0,897266.0,758058.0,tushare_contract
P.DCE,2015-04-21,P1509.DCE,P,4824.0,4926.0,4812.0,4918.0,4878.0,1010870.0,749012.0,tushare_contract
P.DCE,2015-04-22,P1509.DCE,P,4912.0,4934.0,4854.0,4896.0,4898.0,822094.0,737320.0,tushare_contract
P.DCE,2015-04-23,P1509.DCE,P,4902.0,4926.0,4872.0,4880.0,4898.0,956542.0,717204.0,tushare_contract
P.DCE,2015-04-24,P1509.DCE,P,4898.0,4930.0,4860.0,4868.0,4894.0,940678.0,697520.0,tushare_contract
P.DCE,2015-04-27,P1509.DCE,P,4870.0,4924.0,4834.0,4908.0,4886.0,840964.0,763944.0,tushare_contract
P.DCE,2015-04-28,P1509.DCE,P,4886.0,4932.0,4858.0,4868.0,4896.0,901886.0,753280.0,tushare_contract
P.DCE,2015-04-29,P1509.DCE,P,4870.0,4892.0,4830.0,4852.0,4862.0,632060.0,758168.0,tushare_contract
P.DCE,2015-04-30,P1509.DCE,P,4860.0,4904.0,4836.0,4878.0,4874.0,670580.0,804306.0,tushare_contract
P.DCE,2015-05-04,P1509.DCE,P,4870.0,4990.0,4854.0,4980.0,4944.0,737616.0,836140.0,tushare_contract
P.DCE,2015-05-05,P1509.DCE,P,4990.0,5092.0,4984.0,5050.0,5038.0,1182844.0,753296.0,tushare_contract
P.DCE,2015-05-06,P1509.DCE,P,5070.0,5206.0,5056.0,5162.0,5126.0,1360948.0,797958.0,tushare_contract
P.DCE,2015-05-07,P1509.DCE,P,5154.0,5168.0,5072.0,5108.0,5116.0,948898.0,799034.0,tushare_contract
P.DCE,2015-05-08,P1509.DCE,P,5098.0,5098.0,5002.0,5008.0,5042.0,860076.0,778976.0,tushare_contract
P.DCE,2015-05-11,P1509.DCE,P,5032.0,5100.0,5018.0,5094.0,5068.0,709774.0,789116.0,tushare_contract
P.DCE,2015-05-12,P1509.DCE,P,5106.0,5130.0,5064.0,5092.0,5102.0,876902.0,822224.0,tushare_contract
P.DCE,2015-05-13,P1509.DCE,P,5122.0,5172.0,5110.0,5116.0,5138.0,985976.0,780984.0,tushare_contract
P.DCE,2015-05-14,P1509.DCE,P,5114.0,5124.0,5056.0,5112.0,5094.0,729058.0,801338.0,tushare_contract
P.DCE,2015-05-15,P1509.DCE,P,5124.0,5164.0,5102.0,5138.0,5136.0,941750.0,789500.0,tushare_contract
P.DCE,2015-05-18,P1509.DCE,P,5110.0,5110.0,5062.0,5100.0,5082.0,590556.0,768470.0,tushare_contract
P.DCE,2015-05-19,P1509.DCE,P,5096.0,5100.0,5008.0,5026.0,5044.0,559642.0,751674.0,tushare_contract
P.DCE,2015-05-20,P1509.DCE,P,5000.0,5006.0,4860.0,4908.0,4918.0,851050.0,682944.0,tushare_contract
P.DCE,2015-05-21,P1509.DCE,P,4910.0,4952.0,4894.0,4918.0,4926.0,517618.0,691232.0,tushare_contract
P.DCE,2015-05-22,P1509.DCE,P,4936.0,4966.0,4912.0,4938.0,4938.0,450228.0,675114.0,tushare_contract
P.DCE,2015-05-25,P1509.DCE,P,4898.0,4934.0,4876.0,4918.0,4904.0,461842.0,695274.0,tushare_contract
P.DCE,2015-05-26,P1509.DCE,P,4930.0,5090.0,4918.0,5058.0,5022.0,886790.0,710228.0,tushare_contract
P.DCE,2015-05-27,P1509.DCE,P,5054.0,5120.0,5040.0,5084.0,5086.0,972186.0,735998.0,tushare_contract
P.DCE,2015-05-28,P1509.DCE,P,5060.0,5184.0,5048.0,5148.0,5128.0,1282304.0,743794.0,tushare_contract
P.DCE,2015-05-29,P1509.DCE,P,5138.0,5162.0,5100.0,5116.0,5136.0,885376.0,708296.0,tushare_contract
P.DCE,2015-06-01,P1509.DCE,P,5130.0,5254.0,5116.0,5184.0,5184.0,1497370.0,637132.0,tushare_contract
P.DCE,2015-06-02,P1509.DCE,P,5238.0,5250.0,5186.0,5232.0,5222.0,933004.0,580186.0,tushare_contract
P.DCE,2015-06-03,P1509.DCE,P,5202.0,5248.0,5122.0,5138.0,5198.0,828870.0,508354.0,tushare_contract
P.DCE,2015-06-04,P1601.DCE,P,5336.0,5376.0,5258.0,5334.0,5318.0,802760.0,535558.0,tushare_contract
P.DCE,2015-06-05,P1601.DCE,P,5340.0,5390.0,5272.0,5372.0,5326.0,886642.0,597904.0,tushare_contract
P.DCE,2015-06-08,P1601.DCE,P,5372.0,5412.0,5324.0,5352.0,5368.0,977406.0,627314.0,tushare_contract
P.DCE,2015-06-09,P1601.DCE,P,5334.0,5354.0,5200.0,5258.0,5272.0,988742.0,619106.0,tushare_contract
P.DCE,2015-06-10,P1601.DCE,P,5286.0,5310.0,5216.0,5252.0,5264.0,895620.0,632414.0,tushare_contract
P.DCE,2015-06-11,P1601.DCE,P,5268.0,5286.0,5214.0,5256.0,5246.0,823288.0,604006.0,tushare_contract
P.DCE,2015-06-12,P1601.DCE,P,5244.0,5268.0,5130.0,5132.0,5192.0,1029444.0,527678.0,tushare_contract
P.DCE,2015-06-15,P1601.DCE,P,5162.0,5190.0,5106.0,5132.0,5152.0,601830.0,512466.0,tushare_contract
P.DCE,2015-06-16,P1601.DCE,P,5128.0,5210.0,5106.0,5204.0,5164.0,740552.0,526614.0,tushare_contract
P.DCE,2015-06-17,P1601.DCE,P,5198.0,5222.0,5138.0,5190.0,5188.0,825138.0,524112.0,tushare_contract
P.DCE,2015-06-18,P1601.DCE,P,5192.0,5216.0,5078.0,5086.0,5146.0,849680.0,482692.0,tushare_contract
P.DCE,2015-06-19,P1601.DCE,P,5076.0,5124.0,5044.0,5114.0,5082.0,664172.0,466680.0,tushare_contract
P.DCE,2015-06-23,P1601.DCE,P,5146.0,5162.0,5070.0,5088.0,5110.0,379238.0,466652.0,tushare_contract
P.DCE,2015-06-24,P1601.DCE,P,5070.0,5150.0,5048.0,5140.0,5100.0,741480.0,507284.0,tushare_contract
P.DCE,2015-06-25,P1601.DCE,P,5166.0,5210.0,5140.0,5152.0,5176.0,812734.0,507012.0,tushare_contract
P.DCE,2015-06-26,P1601.DCE,P,5168.0,5204.0,5084.0,5122.0,5160.0,929346.0,477794.0,tushare_contract
P.DCE,2015-06-29,P1601.DCE,P,5170.0,5204.0,5074.0,5106.0,5144.0,854502.0,456746.0,tushare_contract
P.DCE,2015-06-30,P1601.DCE,P,5120.0,5120.0,4960.0,5014.0,5032.0,836276.0,420242.0,tushare_contract
P.DCE,2015-07-01,P1601.DCE,P,5010.0,5204.0,4996.0,5134.0,5104.0,736912.0,442772.0,tushare_contract
P.DCE,2015-07-02,P1601.DCE,P,5152.0,5154.0,5058.0,5114.0,5098.0,618268.0,432784.0,tushare_contract
P.DCE,2015-07-03,P1601.DCE,P,5104.0,5164.0,5102.0,5120.0,5134.0,624284.0,442812.0,tushare_contract
P.DCE,2015-07-06,P1601.DCE,P,5118.0,5120.0,4930.0,4990.0,5018.0,786004.0,403906.0,tushare_contract
P.DCE,2015-07-07,P1601.DCE,P,4986.0,5030.0,4920.0,4944.0,4972.0,698172.0,392934.0,tushare_contract
P.DCE,2015-07-08,P1601.DCE,P,4916.0,4920.0,4774.0,4774.0,4810.0,483190.0,333474.0,tushare_contract
P.DCE,2015-07-09,P1601.DCE,P,4700.0,4894.0,4522.0,4792.0,4724.0,1170240.0,331066.0,tushare_contract
P.DCE,2015-07-10,P1601.DCE,P,4842.0,4912.0,4818.0,4912.0,4882.0,567476.0,350840.0,tushare_contract
P.DCE,2015-07-13,P1601.DCE,P,4882.0,4950.0,4810.0,4872.0,4870.0,616966.0,330292.0,tushare_contract
P.DCE,2015-07-14,P1601.DCE,P,4870.0,5004.0,4842.0,4934.0,4940.0,891122.0,354198.0,tushare_contract
P.DCE,2015-07-15,P1601.DCE,P,4930.0,4980.0,4892.0,4912.0,4938.0,705966.0,365492.0,tushare_contract
P.DCE,2015-07-16,P1601.DCE,P,4892.0,4916.0,4816.0,4862.0,4860.0,580390.0,372902.0,tushare_contract
P.DCE,2015-07-17,P1601.DCE,P,4882.0,4910.0,4804.0,4852.0,4852.0,543928.0,374198.0,tushare_contract
P.DCE,2015-07-20,P1601.DCE,P,4820.0,4896.0,4806.0,4890.0,4860.0,641268.0,398932.0,tushare_contract
P.DCE,2015-07-21,P1601.DCE,P,4890.0,4966.0,4874.0,4966.0,4924.0,898206.0,453456.0,tushare_contract
P.DCE,2015-07-22,P1601.DCE,P,4970.0,4988.0,4912.0,4952.0,4954.0,740424.0,441486.0,tushare_contract
P.DCE,2015-07-23,P1601.DCE,P,4920.0,4928.0,4862.0,4878.0,4894.0,637620.0,423566.0,tushare_contract
P.DCE,2015-07-24,P1601.DCE,P,4876.0,4900.0,4842.0,4860.0,4870.0,514482.0,406748.0,tushare_contract
P.DCE,2015-07-27,P1601.DCE,P,4850.0,4874.0,4736.0,4756.0,4802.0,678800.0,375462.0,tushare_contract
P.DCE,2015-07-28,P1601.DCE,P,4722.0,4780.0,4688.0,4746.0,4736.0,578156.0,374698.0,tushare_contract
P.DCE,2015-07-29,P1601.DCE,P,4756.0,4814.0,4752.0,4774.0,4778.0,516132.0,371238.0,tushare_contract
P.DCE,2015-07-30,P1601.DCE,P,4750.0,4784.0,4734.0,4748.0,4756.0,508902.0,393058.0,tushare_contract
P.DCE,2015-07-31,P1601.DCE,P,4790.0,4798.0,4742.0,4752.0,4770.0,515086.0,416690.0,tushare_contract
P.DCE,2015-08-03,P1601.DCE,P,4736.0,4762.0,4632.0,4644.0,4700.0,672702.0,428388.0,tushare_contract
P.DCE,2015-08-04,P1601.DCE,P,4606.0,4666.0,4596.0,4642.0,4626.0,714354.0,444142.0,tushare_contract
P.DCE,2015-08-05,P1601.DCE,P,4660.0,4676.0,4624.0,4644.0,4652.0,485372.0,454366.0,tushare_contract
P.DCE,2015-08-06,P1601.DCE,P,4640.0,4642.0,4546.0,4560.0,4592.0,610416.0,475906.0,tushare_contract
P.DCE,2015-08-07,P1601.DCE,P,4580.0,4594.0,4486.0,4572.0,4554.0,757804.0,483646.0,tushare_contract
P.DCE,2015-08-10,P1601.DCE,P,4560.0,4624.0,4532.0,4566.0,4564.0,694122.0,502952.0,tushare_contract
P.DCE,2015-08-11,P1601.DCE,P,4560.0,4698.0,4552.0,4642.0,4620.0,1183014.0,529114.0,tushare_contract
P.DCE,2015-08-12,P1601.DCE,P,4620.0,4678.0,4596.0,4674.0,4632.0,795250.0,521056.0,tushare_contract
P.DCE,2015-08-13,P1601.DCE,P,4670.0,4724.0,4502.0,4628.0,4642.0,985244.0,529826.0,tushare_contract
P.DCE,2015-08-14,P1601.DCE,P,4614.0,4664.0,4582.0,4586.0,4622.0,866288.0,562398.0,tushare_contract
P.DCE,2015-08-17,P1601.DCE,P,4574.0,4618.0,4574.0,4608.0,4602.0,598988.0,586724.0,tushare_contract
P.DCE,2015-08-18,P1601.DCE,P,4622.0,4632.0,4548.0,4566.0,4592.0,580102.0,597042.0,tushare_contract
P.DCE,2015-08-19,P1601.DCE,P,4578.0,4578.0,4498.0,4544.0,4532.0,735616.0,551634.0,tushare_contract
P.DCE,2015-08-20,P1601.DCE,P,4544.0,4552.0,4448.0,4448.0,4496.0,793706.0,604074.0,tushare_contract
P.DCE,2015-08-21,P1601.DCE,P,4476.0,4484.0,4424.0,4438.0,4454.0,883826.0,624054.0,tushare_contract
P.DCE,2015-08-24,P1601.DCE,P,4424.0,4434.0,4276.0,4276.0,4338.0,934054.0,583428.0,tushare_contract
P.DCE,2015-08-25,P1601.DCE,P,4180.0,4222.0,4088.0,4122.0,4158.0,1408046.0,523832.0,tushare_contract
P.DCE,2015-08-26,P1601.DCE,P,4216.0,4256.0,4116.0,4138.0,4176.0,950776.0,543450.0,tushare_contract
P.DCE,2015-08-27,P1601.DCE,P,4134.0,4196.0,4078.0,4188.0,4132.0,994968.0,553006.0,tushare_contract
P.DCE,2015-08-28,P1601.DCE,P,4216.0,4296.0,4200.0,4296.0,4258.0,1047530.0,477164.0,tushare_contract
P.DCE,2015-08-31,P1601.DCE,P,4310.0,4320.0,4230.0,4272.0,4274.0,1030108.0,493826.0,tushare_contract
P.DCE,2015-09-01,P1601.DCE,P,4240.0,4360.0,4232.0,4312.0,4290.0,870702.0,469654.0,tushare_contract
P.DCE,2015-09-02,P1601.DCE,P,4300.0,4314.0,4234.0,4252.0,4274.0,582466.0,454030.0,tushare_contract
P.DCE,2015-09-07,P1601.DCE,P,4232.0,4258.0,4202.0,4222.0,4234.0,359654.0,488574.0,tushare_contract
P.DCE,2015-09-08,P1601.DCE,P,4252.0,4294.0,4242.0,4292.0,4260.0,496550.0,493120.0,tushare_contract
P.DCE,2015-09-09,P1601.DCE,P,4310.0,4378.0,4310.0,4326.0,4336.0,741706.0,486022.0,tushare_contract
P.DCE,2015-09-10,P1601.DCE,P,4336.0,4354.0,4280.0,4340.0,4314.0,890356.0,538298.0,tushare_contract
P.DCE,2015-09-11,P1601.DCE,P,4356.0,4398.0,4332.0,4336.0,4362.0,798444.0,527146.0,tushare_contract
P.DCE,2015-09-14,P1601.DCE,P,4308.0,4342.0,4266.0,4336.0,4314.0,889304.0,538360.0,tushare_contract
P.DCE,2015-09-15,P1601.DCE,P,4358.0,4410.0,4290.0,4292.0,4362.0,1373330.0,544420.0,tushare_contract
P.DCE,2015-09-16,P1601.DCE,P,4294.0,4316.0,4244.0,4310.0,4284.0,1458508.0,570078.0,tushare_contract
P.DCE,2015-09-17,P1601.DCE,P,4318.0,4328.0,4270.0,4276.0,4294.0,1018844.0,589646.0,tushare_contract
P.DCE,2015-09-18,P1601.DCE,P,4252.0,4300.0,4252.0,4264.0,4274.0,880926.0,580334.0,tushare_contract
P.DCE,2015-09-21,P1601.DCE,P,4240.0,4298.0,4210.0,4294.0,4242.0,872304.0,581734.0,tushare_contract
P.DCE,2015-09-22,P1601.DCE,P,4300.0,4332.0,4272.0,4282.0,4296.0,1160582.0,685334.0,tushare_contract
P.DCE,2015-09-23,P1601.DCE,P,4260.0,4332.0,4258.0,4298.0,4294.0,1186754.0,783616.0,tushare_contract
P.DCE,2015-09-24,P1601.DCE,P,4332.0,4398.0,4324.0,4398.0,4368.0,1245250.0,818474.0,tushare_contract
P.DCE,2015-09-25,P1601.DCE,P,4382.0,4528.0,4380.0,4484.0,4468.0,1984072.0,837784.0,tushare_contract
P.DCE,2015-09-28,P1601.DCE,P,4548.0,4556.0,4486.0,4502.0,4512.0,948428.0,751528.0,tushare_contract
P.DCE,2015-09-29,P1601.DCE,P,4528.0,4532.0,4384.0,4418.0,4442.0,1420076.0,583630.0,tushare_contract
P.DCE,2015-09-30,P1601.DCE,P,4458.0,4496.0,4432.0,4480.0,4470.0,918976.0,543336.0,tushare_contract
P.DCE,2015-10-08,P1601.DCE,P,4478.0,4550.0,4468.0,4482.0,4504.0,583200.0,585832.0,tushare_contract
P.DCE,2015-10-09,P1601.DCE,P,4488.0,4532.0,4442.0,4518.0,4488.0,1087702.0,666800.0,tushare_contract
P.DCE,2015-10-12,P1601.DCE,P,4510.0,4636.0,4484.0,4600.0,4568.0,1422066.0,723662.0,tushare_contract
P.DCE,2015-10-13,P1601.DCE,P,4598.0,4674.0,4536.0,4666.0,4600.0,1559070.0,751800.0,tushare_contract
P.DCE,2015-10-14,P1601.DCE,P,4660.0,4680.0,4620.0,4636.0,4650.0,1229798.0,714660.0,tushare_contract
P.DCE,2015-10-15,P1601.DCE,P,4668.0,4684.0,4616.0,4656.0,4648.0,1126364.0,715630.0,tushare_contract
P.DCE,2015-10-16,P1601.DCE,P,4636.0,4648.0,4586.0,4622.0,4620.0,1283180.0,701264.0,tushare_contract
P.DCE,2015-10-19,P1601.DCE,P,4610.0,4620.0,4556.0,4562.0,4590.0,1051120.0,685574.0,tushare_contract
P.DCE,2015-10-20,P1601.DCE,P,4540.0,4556.0,4476.0,4516.0,4506.0,1237804.0,694056.0,tushare_contract
P.DCE,2015-10-21,P1601.DCE,P,4526.0,4574.0,4524.0,4540.0,4548.0,1224780.0,726566.0,tushare_contract
P.DCE,2015-10-22,P1601.DCE,P,4548.0,4622.0,4544.0,4618.0,4586.0,1121430.0,760310.0,tushare_contract
P.DCE,2015-10-23,P1601.DCE,P,4620.0,4630.0,4526.0,4548.0,4568.0,1301728.0,681686.0,tushare_contract
P.DCE,2015-10-26,P1601.DCE,P,4560.0,4560.0,4438.0,4448.0,4484.0,1503636.0,674514.0,tushare_contract
P.DCE,2015-10-27,P1601.DCE,P,4438.0,4460.0,4388.0,4450.0,4420.0,1224086.0,731936.0,tushare_contract
P.DCE,2015-10-28,P1601.DCE,P,4454.0,4460.0,4388.0,4418.0,4418.0,1331238.0,729550.0,tushare_contract
P.DCE,2015-10-29,P1601.DCE,P,4430.0,4476.0,4418.0,4420.0,4442.0,1125376.0,737350.0,tushare_contract
P.DCE,2015-10-30,P1601.DCE,P,4440.0,4448.0,4388.0,4394.0,4414.0,1036268.0,760112.0,tushare_contract
P.DCE,2015-11-02,P1601.DCE,P,4394.0,4446.0,4356.0,4428.0,4402.0,1073508.0,735462.0,tushare_contract
P.DCE,2015-11-03,P1601.DCE,P,4398.0,4406.0,4330.0,4332.0,4372.0,993318.0,716548.0,tushare_contract
P.DCE,2015-11-04,P1601.DCE,P,4328.0,4384.0,4326.0,4376.0,4356.0,1004684.0,766520.0,tushare_contract
P.DCE,2015-11-05,P1601.DCE,P,4386.0,4406.0,4338.0,4350.0,4374.0,1061026.0,766076.0,tushare_contract
P.DCE,2015-11-06,P1601.DCE,P,4344.0,4350.0,4224.0,4256.0,4258.0,1957222.0,790440.0,tushare_contract
P.DCE,2015-11-09,P1601.DCE,P,4264.0,4286.0,4238.0,4258.0,4262.0,983558.0,755558.0,tushare_contract
P.DCE,2015-11-10,P1601.DCE,P,4274.0,4286.0,4208.0,4248.0,4238.0,844934.0,777216.0,tushare_contract
P.DCE,2015-11-11,P1601.DCE,P,4244.0,4246.0,4142.0,4168.0,4180.0,1401736.0,671190.0,tushare_contract
P.DCE,2015-11-12,P1601.DCE,P,4166.0,4208.0,4162.0,4188.0,4182.0,689648.0,653700.0,tushare_contract
P.DCE,2015-11-13,P1601.DCE,P,4178.0,4202.0,4154.0,4172.0,4176.0,682026.0,622152.0,tushare_contract
P.DCE,2015-11-16,P1601.DCE,P,4130.0,4166.0,4130.0,4140.0,4148.0,523224.0,594412.0,tushare_contract
P.DCE,2015-11-17,P1601.DCE,P,4150.0,4182.0,4122.0,4166.0,4150.0,540782.0,582284.0,tushare_contract
P.DCE,2015-11-18,P1601.DCE,P,4162.0,4174.0,4112.0,4146.0,4146.0,676284.0,560458.0,tushare_contract
P.DCE,2015-11-19,P1601.DCE,P,4164.0,4174.0,4064.0,4094.0,4112.0,912046.0,540602.0,tushare_contract
P.DCE,2015-11-20,P1601.DCE,P,4088.0,4108.0,3984.0,4098.0,4042.0,1696830.0,575308.0,tushare_contract
P.DCE,2015-11-23,P1601.DCE,P,4100.0,4164.0,4072.0,4098.0,4100.0,1441102.0,536360.0,tushare_contract
P.DCE,2015-11-24,P1601.DCE,P,4100.0,4240.0,4092.0,4214.0,4158.0,816200.0,521144.0,tushare_contract
P.DCE,2015-11-25,P1601.DCE,P,4196.0,4216.0,4174.0,4198.0,4192.0,541506.0,502554.0,tushare_contract
P.DCE,2015-11-26,P1601.DCE,P,4190.0,4306.0,4172.0,4272.0,4240.0,539548.0,435488.0,tushare_contract
P.DCE,2015-11-27,P1605.DCE,P,4560.0,4646.0,4532.0,4644.0,4596.0,939378.0,508494.0,tushare_contract
P.DCE,2015-11-30,P1605.DCE,P,4620.0,4636.0,4540.0,4598.0,4588.0,757534.0,483694.0,tushare_contract
P.DCE,2015-12-01,P1605.DCE,P,4592.0,4696.0,4588.0,4638.0,4652.0,1093126.0,502530.0,tushare_contract
P.DCE,2015-12-02,P1605.DCE,P,4636.0,4718.0,4614.0,4664.0,4668.0,831100.0,525782.0,tushare_contract
P.DCE,2015-12-03,P1605.DCE,P,4660.0,4704.0,4602.0,4636.0,4642.0,1105406.0,528666.0,tushare_contract
P.DCE,2015-12-04,P1605.DCE,P,4648.0,4680.0,4624.0,4656.0,4648.0,991818.0,581794.0,tushare_contract
P.DCE,2015-12-07,P1605.DCE,P,4660.0,4800.0,4644.0,4788.0,4738.0,1051296.0,629892.0,tushare_contract
P.DCE,2015-12-08,P1605.DCE,P,4798.0,4810.0,4652.0,4690.0,4720.0,1012468.0,597852.0,tushare_contract
P.DCE,2015-12-09,P1605.DCE,P,4672.0,4718.0,4620.0,4640.0,4674.0,895522.0,560852.0,tushare_contract
P.DCE,2015-12-10,P1605.DCE,P,4642.0,4696.0,4624.0,4658.0,4660.0,907606.0,575446.0,tushare_contract
P.DCE,2015-12-11,P1605.DCE,P,4650.0,4732.0,4646.0,4730.0,4680.0,983412.0,594868.0,tushare_contract
P.DCE,2015-12-14,P1605.DCE,P,4732.0,4786.0,4702.0,4708.0,4740.0,1121998.0,619230.0,tushare_contract
P.DCE,2015-12-15,P1605.DCE,P,4672.0,4758.0,4656.0,4674.0,4704.0,1197876.0,631128.0,tushare_contract
P.DCE,2015-12-16,P1605.DCE,P,4668.0,4686.0,4626.0,4656.0,4654.0,1076884.0,579356.0,tushare_contract
P.DCE,2015-12-17,P1605.DCE,P,4646.0,4676.0,4554.0,4560.0,4622.0,1204136.0,643092.0,tushare_contract
P.DCE,2015-12-18,P1605.DCE,P,4562.0,4580.0,4506.0,4570.0,4546.0,1173688.0,635322.0,tushare_contract
P.DCE,2015-12-21,P1605.DCE,P,4580.0,4696.0,4548.0,4696.0,4614.0,1192204.0,591504.0,tushare_contract
P.DCE,2015-12-22,P1605.DCE,P,4686.0,4726.0,4670.0,4714.0,4696.0,979918.0,595598.0,tushare_contract
P.DCE,2015-12-23,P1605.DCE,P,4722.0,4740.0,4674.0,4730.0,4710.0,1074594.0,614996.0,tushare_contract
P.DCE,2015-12-24,P1605.DCE,P,4740.0,4780.0,4686.0,4692.0,4736.0,1291436.0,615056.0,tushare_contract
P.DCE,2015-12-25,P1605.DCE,P,4696.0,4736.0,4676.0,4734.0,4706.0,760378.0,620782.0,tushare_contract
P.DCE,2015-12-28,P1605.DCE,P,4738.0,4748.0,4648.0,4650.0,4702.0,790392.0,580234.0,tushare_contract
P.DCE,2015-12-29,P1605.DCE,P,4632.0,4828.0,4618.0,4814.0,4690.0,1374896.0,655492.0,tushare_contract
P.DCE,2015-12-30,P1605.DCE,P,4796.0,4868.0,4792.0,4864.0,4828.0,2192238.0,778876.0,tushare_contract
P.DCE,2015-12-31,P1605.DCE,P,4848.0,4878.0,4822.0,4870.0,4850.0,1495872.0,795220.0,tushare_contract
P.DCE,2016-01-04,P1605.DCE,P,4850.0,4930.0,4764.0,4804.0,4812.0,1175296.0,748910.0,tushare_contract
P.DCE,2016-01-05,P1605.DCE,P,4790.0,4840.0,4782.0,4836.0,4810.0,1356374.0,786734.0,tushare_contract
P.DCE,2016-01-06,P1605.DCE,P,4830.0,4842.0,4722.0,4724.0,4770.0,1517222.0,740934.0,tushare_contract
P.DCE,2016-01-07,P1605.DCE,P,4732.0,4768.0,4682.0,4732.0,4732.0,1648008.0,736548.0,tushare_contract
P.DCE,2016-01-08,P1605.DCE,P,4730.0,4778.0,4698.0,4728.0,4740.0,1410710.0,732964.0,tushare_contract
P.DCE,2016-01-11,P1605.DCE,P,4740.0,4750.0,4662.0,4694.0,4712.0,1483374.0,719508.0,tushare_contract
P.DCE,2016-01-12,P1605.DCE,P,4680.0,4702.0,4612.0,4624.0,4662.0,1350496.0,700412.0,tushare_contract
P.DCE,2016-01-13,P1605.DCE,P,4634.0,4674.0,4626.0,4630.0,4648.0,1116442.0,710230.0,tushare_contract
P.DCE,2016-01-14,P1605.DCE,P,4660.0,4684.0,4620.0,4640.0,4648.0,1229900.0,699668.0,tushare_contract
P.DCE,2016-01-15,P1605.DCE,P,4626.0,4676.0,4612.0,4654.0,4646.0,1053500.0,684832.0,tushare_contract
P.DCE,2016-01-18,P1605.DCE,P,4646.0,4724.0,4630.0,4696.0,4678.0,1368502.0,718278.0,tushare_contract
P.DCE,2016-01-19,P1605.DCE,P,4690.0,4730.0,4676.0,4710.0,4698.0,1077016.0,736082.0,tushare_contract
P.DCE,2016-01-20,P1605.DCE,P,4718.0,4740.0,4630.0,4632.0,4682.0,1108754.0,689278.0,tushare_contract
P.DCE,2016-01-21,P1605.DCE,P,4632.0,4650.0,4540.0,4560.0,4598.0,1642328.0,684372.0,tushare_contract
P.DCE,2016-01-22,P1605.DCE,P,4562.0,4642.0,4558.0,4632.0,4604.0,1303448.0,629200.0,tushare_contract
P.DCE,2016-01-25,P1605.DCE,P,4650.0,4684.0,4642.0,4658.0,4656.0,866604.0,596468.0,tushare_contract
P.DCE,2016-01-26,P1605.DCE,P,4648.0,4696.0,4638.0,4692.0,4674.0,1030528.0,583490.0,tushare_contract
P.DCE,2016-01-27,P1605.DCE,P,4700.0,4750.0,4686.0,4750.0,4714.0,1084532.0,580270.0,tushare_contract
P.DCE,2016-01-28,P1605.DCE,P,4748.0,4772.0,4734.0,4742.0,4750.0,943498.0,630188.0,tushare_contract
P.DCE,2016-01-29,P1605.DCE,P,4740.0,4776.0,4690.0,4704.0,4726.0,1061744.0,587038.0,tushare_contract
P.DCE,2016-02-01,P1605.DCE,P,4702.0,4726.0,4692.0,4720.0,4708.0,715954.0,583682.0,tushare_contract
P.DCE,2016-02-02,P1605.DCE,P,4714.0,4780.0,4702.0,4778.0,4738.0,706536.0,622820.0,tushare_contract
P.DCE,2016-02-03,P1605.DCE,P,4780.0,4784.0,4738.0,4768.0,4762.0,700608.0,590030.0,tushare_contract
P.DCE,2016-02-04,P1605.DCE,P,4770.0,4814.0,4764.0,4792.0,4788.0,554480.0,580256.0,tushare_contract
P.DCE,2016-02-05,P1605.DCE,P,4790.0,4848.0,4774.0,4834.0,4810.0,488836.0,576908.0,tushare_contract
P.DCE,2016-02-15,P1605.DCE,P,4930.0,5042.0,4888.0,4998.0,4988.0,751468.0,644892.0,tushare_contract
P.DCE,2016-02-16,P1605.DCE,P,4980.0,5030.0,4966.0,4988.0,4996.0,818834.0,653820.0,tushare_contract
P.DCE,2016-02-17,P1605.DCE,P,4974.0,4986.0,4938.0,4970.0,4962.0,701982.0,669478.0,tushare_contract
P.DCE,2016-02-18,P1605.DCE,P,4990.0,5050.0,4986.0,5000.0,5014.0,1054656.0,673320.0,tushare_contract
P.DCE,2016-02-19,P1605.DCE,P,5006.0,5036.0,4974.0,5034.0,5004.0,961806.0,660818.0,tushare_contract
P.DCE,2016-02-22,P1605.DCE,P,5000.0,5086.0,4986.0,5072.0,5028.0,1095094.0,704900.0,tushare_contract
P.DCE,2016-02-23,P1605.DCE,P,5044.0,5050.0,4978.0,5010.0,5012.0,893020.0,663908.0,tushare_contract
P.DCE,2016-02-24,P1605.DCE,P,5000.0,5022.0,4884.0,4902.0,4940.0,1130490.0,673508.0,tushare_contract
P.DCE,2016-02-25,P1605.DCE,P,4882.0,4960.0,4878.0,4926.0,4924.0,913056.0,698158.0,tushare_contract
P.DCE,2016-02-26,P1605.DCE,P,4932.0,4942.0,4886.0,4934.0,4916.0,880508.0,711798.0,tushare_contract
P.DCE,2016-02-29,P1605.DCE,P,4928.0,4982.0,4892.0,4948.0,4936.0,1009136.0,700534.0,tushare_contract
P.DCE,2016-03-01,P1605.DCE,P,4948.0,4962.0,4906.0,4952.0,4932.0,883994.0,672578.0,tushare_contract
P.DCE,2016-03-02,P1605.DCE,P,4962.0,5022.0,4908.0,4918.0,4970.0,1279460.0,662728.0,tushare_contract
P.DCE,2016-03-03,P1605.DCE,P,4900.0,4966.0,4864.0,4962.0,4918.0,1197592.0,620310.0,tushare_contract
P.DCE,2016-03-04,P1605.DCE,P,4970.0,5072.0,4970.0,5054.0,5020.0,1380220.0,641088.0,tushare_contract
P.DCE,2016-03-07,P1605.DCE,P,5050.0,5168.0,5008.0,5112.0,5090.0,1315460.0,574938.0,tushare_contract
P.DCE,2016-03-08,P1605.DCE,P,5108.0,5184.0,5050.0,5102.0,5126.0,1349814.0,521924.0,tushare_contract
P.DCE,2016-03-09,P1605.DCE,P,5110.0,5142.0,5034.0,5142.0,5082.0,755170.0,534554.0,tushare_contract
P.DCE,2016-03-10,P1605.DCE,P,5152.0,5192.0,5062.0,5070.0,5132.0,878500.0,503502.0,tushare_contract
P.DCE,2016-03-11,P1605.DCE,P,5072.0,5156.0,5048.0,5118.0,5102.0,660144.0,458126.0,tushare_contract
P.DCE,2016-03-14,P1605.DCE,P,5140.0,5214.0,5130.0,5144.0,5182.0,697624.0,446154.0,tushare_contract
P.DCE,2016-03-15,P1609.DCE,P,5198.0,5244.0,5168.0,5178.0,5202.0,855650.0,489754.0,tushare_contract
P.DCE,2016-03-16,P1609.DCE,P,5192.0,5248.0,5162.0,5172.0,5208.0,1030674.0,559686.0,tushare_contract
P.DCE,2016-03-17,P1609.DCE,P,5204.0,5318.0,5192.0,5316.0,5254.0,1138352.0,691530.0,tushare_contract
P.DCE,2016-03-18,P1609.DCE,P,5320.0,5388.0,5314.0,5344.0,5352.0,1078110.0,680716.0,tushare_contract
P.DCE,2016-03-21,P1609.DCE,P,5350.0,5394.0,5306.0,5384.0,5348.0,884040.0,711174.0,tushare_contract
P.DCE,2016-03-22,P1609.DCE,P,5380.0,5496.0,5376.0,5460.0,5444.0,1671076.0,749062.0,tushare_contract
P.DCE,2016-03-23,P1609.DCE,P,5450.0,5516.0,5408.0,5410.0,5466.0,1304558.0,676496.0,tushare_contract
P.DCE,2016-03-24,P1609.DCE,P,5404.0,5416.0,5328.0,5354.0,5368.0,1142368.0,633776.0,tushare_contract
P.DCE,2016-03-25,P1609.DCE,P,5338.0,5494.0,5338.0,5484.0,5422.0,1402500.0,716850.0,tushare_contract
P.DCE,2016-03-28,P1609.DCE,P,5498.0,5552.0,5464.0,5488.0,5506.0,1488476.0,711892.0,tushare_contract
P.DCE,2016-03-29,P1609.DCE,P,5512.0,5572.0,5502.0,5540.0,5530.0,1434356.0,768936.0,tushare_contract
P.DCE,2016-03-30,P1609.DCE,P,5570.0,5584.0,5474.0,5506.0,5524.0,1614498.0,824524.0,tushare_contract
P.DCE,2016-03-31,P1609.DCE,P,5494.0,5528.0,5448.0,5528.0,5488.0,1293100.0,801552.0,tushare_contract
P.DCE,2016-04-01,P1609.DCE,P,5498.0,5616.0,5474.0,5584.0,5542.0,1399722.0,795244.0,tushare_contract
P.DCE,2016-04-05,P1609.DCE,P,5570.0,5616.0,5556.0,5602.0,5590.0,704306.0,826384.0,tushare_contract
P.DCE,2016-04-06,P1609.DCE,P,5572.0,5584.0,5504.0,5518.0,5534.0,1023360.0,780688.0,tushare_contract
P.DCE,2016-04-07,P1609.DCE,P,5504.0,5554.0,5482.0,5534.0,5526.0,832794.0,801458.0,tushare_contract
P.DCE,2016-04-08,P1609.DCE,P,5522.0,5524.0,5440.0,5462.0,5472.0,967898.0,747978.0,tushare_contract
P.DCE,2016-04-11,P1609.DCE,P,5450.0,5562.0,5418.0,5434.0,5482.0,1492044.0,723222.0,tushare_contract
P.DCE,2016-04-12,P1609.DCE,P,5434.0,5468.0,5410.0,5450.0,5438.0,1084424.0,695030.0,tushare_contract
P.DCE,2016-04-13,P1609.DCE,P,5432.0,5642.0,5430.0,5516.0,5518.0,1619588.0,618200.0,tushare_contract
P.DCE,2016-04-14,P1609.DCE,P,5504.0,5588.0,5504.0,5548.0,5546.0,953266.0,622540.0,tushare_contract
P.DCE,2016-04-15,P1609.DCE,P,5556.0,5594.0,5510.0,5522.0,5552.0,933980.0,636100.0,tushare_contract
P.DCE,2016-04-18,P1609.DCE,P,5510.0,5584.0,5492.0,5582.0,5534.0,1142056.0,630430.0,tushare_contract
P.DCE,2016-04-19,P1609.DCE,P,5610.0,5694.0,5598.0,5686.0,5652.0,1310328.0,672672.0,tushare_contract
P.DCE,2016-04-20,P1609.DCE,P,5692.0,5850.0,5678.0,5766.0,5750.0,1535476.0,635144.0,tushare_contract
P.DCE,2016-04-21,P1609.DCE,P,5744.0,5924.0,5704.0,5846.0,5816.0,1443360.0,636426.0,tushare_contract
P.DCE,2016-04-22,P1609.DCE,P,5850.0,5866.0,5660.0,5700.0,5748.0,1204378.0,554256.0,tushare_contract
P.DCE,2016-04-25,P1609.DCE,P,5700.0,5800.0,5646.0,5684.0,5714.0,962604.0,549130.0,tushare_contract
P.DCE,2016-04-26,P1609.DCE,P,5658.0,5738.0,5616.0,5662.0,5688.0,1052916.0,549470.0,tushare_contract
P.DCE,2016-04-27,P1609.DCE,P,5690.0,5696.0,5594.0,5618.0,5650.0,800674.0,546508.0,tushare_contract
P.DCE,2016-04-28,P1609.DCE,P,5584.0,5592.0,5428.0,5462.0,5496.0,1180184.0,516400.0,tushare_contract
P.DCE,2016-04-29,P1609.DCE,P,5480.0,5520.0,5402.0,5450.0,5464.0,924012.0,527562.0,tushare_contract
P.DCE,2016-05-03,P1609.DCE,P,5400.0,5486.0,5394.0,5440.0,5442.0,775896.0,546754.0,tushare_contract
P.DCE,2016-05-04,P1609.DCE,P,5398.0,5462.0,5328.0,5444.0,5400.0,1200704.0,558234.0,tushare_contract
P.DCE,2016-05-05,P1609.DCE,P,5472.0,5510.0,5436.0,5458.0,5474.0,858278.0,553882.0,tushare_contract
P.DCE,2016-05-06,P1609.DCE,P,5480.0,5502.0,5276.0,5352.0,5380.0,1042572.0,511808.0,tushare_contract
P.DCE,2016-05-09,P1609.DCE,P,5388.0,5532.0,5378.0,5506.0,5458.0,1401508.0,538740.0,tushare_contract
P.DCE,2016-05-10,P1609.DCE,P,5490.0,5504.0,5364.0,5488.0,5440.0,1268328.0,524088.0,tushare_contract
P.DCE,2016-05-11,P1609.DCE,P,5470.0,5626.0,5442.0,5544.0,5536.0,1358460.0,556398.0,tushare_contract
P.DCE,2016-05-12,P1609.DCE,P,5520.0,5522.0,5374.0,5378.0,5430.0,1332716.0,520730.0,tushare_contract
P.DCE,2016-05-13,P1609.DCE,P,5352.0,5392.0,5214.0,5214.0,5266.0,1077738.0,563968.0,tushare_contract
P.DCE,2016-05-16,P1609.DCE,P,5104.0,5252.0,5104.0,5176.0,5180.0,1057704.0,487206.0,tushare_contract
P.DCE,2016-05-17,P1609.DCE,P,5200.0,5278.0,5200.0,5268.0,5246.0,776014.0,479944.0,tushare_contract
P.DCE,2016-05-18,P1609.DCE,P,5258.0,5336.0,5120.0,5174.0,5236.0,1369028.0,469650.0,tushare_contract
P.DCE,2016-05-19,P1609.DCE,P,5170.0,5226.0,5108.0,5112.0,5162.0,1010576.0,447524.0,tushare_contract
P.DCE,2016-05-20,P1609.DCE,P,5052.0,5164.0,5036.0,5146.0,5104.0,750316.0,433906.0,tushare_contract
P.DCE,2016-05-23,P1609.DCE,P,5150.0,5170.0,4932.0,4990.0,5036.0,965802.0,402320.0,tushare_contract
P.DCE,2016-05-24,P1609.DCE,P,5000.0,5084.0,4980.0,5058.0,5032.0,830054.0,396656.0,tushare_contract
P.DCE,2016-05-25,P1609.DCE,P,5060.0,5090.0,5032.0,5074.0,5058.0,656106.0,408200.0,tushare_contract
P.DCE,2016-05-26,P1609.DCE,P,5120.0,5212.0,5120.0,5208.0,5172.0,823516.0,369804.0,tushare_contract
P.DCE,2016-05-27,P1609.DCE,P,5250.0,5254.0,5118.0,5228.0,5188.0,828580.0,383706.0,tushare_contract
P.DCE,2016-05-30,P1609.DCE,P,5204.0,5288.0,5192.0,5284.0,5238.0,648636.0,374312.0,tushare_contract
P.DCE,2016-05-31,P1609.DCE,P,5268.0,5326.0,5200.0,5204.0,5248.0,656092.0,377884.0,tushare_contract
P.DCE,2016-06-01,P1609.DCE,P,5246.0,5292.0,5224.0,5246.0,5256.0,734992.0,386560.0,tushare_contract
P.DCE,2016-06-02,P1609.DCE,P,5210.0,5334.0,5170.0,5312.0,5264.0,871652.0,399762.0,tushare_contract
P.DCE,2016-06-03,P1609.DCE,P,5330.0,5380.0,5312.0,5366.0,5348.0,758114.0,397110.0,tushare_contract
P.DCE,2016-06-06,P1609.DCE,P,5388.0,5410.0,5318.0,5394.0,5368.0,575278.0,393692.0,tushare_contract
P.DCE,2016-06-07,P1609.DCE,P,5398.0,5494.0,5356.0,5490.0,5426.0,875390.0,418504.0,tushare_contract
P.DCE,2016-06-08,P1609.DCE,P,5430.0,5444.0,5346.0,5394.0,5396.0,796322.0,396386.0,tushare_contract
P.DCE,2016-06-13,P1609.DCE,P,5436.0,5452.0,5248.0,5250.0,5360.0,708480.0,409484.0,tushare_contract
P.DCE,2016-06-14,P1609.DCE,P,5230.0,5278.0,5160.0,5170.0,5226.0,761986.0,398156.0,tushare_contract
P.DCE,2016-06-15,P1609.DCE,P,5160.0,5192.0,5078.0,5086.0,5134.0,731046.0,403428.0,tushare_contract
P.DCE,2016-06-16,P1609.DCE,P,5106.0,5128.0,5042.0,5054.0,5084.0,659596.0,388808.0,tushare_contract
P.DCE,2016-06-17,P1609.DCE,P,5040.0,5110.0,4998.0,5096.0,5054.0,644638.0,370184.0,tushare_contract
P.DCE,2016-06-20,P1609.DCE,P,5118.0,5148.0,5076.0,5114.0,5110.0,576050.0,371784.0,tushare_contract
P.DCE,2016-06-21,P1609.DCE,P,5086.0,5144.0,5030.0,5048.0,5088.0,891504.0,421158.0,tushare_contract
P.DCE,2016-06-22,P1609.DCE,P,5012.0,5124.0,5008.0,5110.0,5082.0,653962.0,396372.0,tushare_contract
P.DCE,2016-06-23,P1609.DCE,P,5108.0,5156.0,5052.0,5076.0,5102.0,732928.0,393676.0,tushare_contract
P.DCE,2016-06-24,P1609.DCE,P,5096.0,5126.0,5000.0,5022.0,5082.0,810070.0,391070.0,tushare_contract
P.DCE,2016-06-27,P1609.DCE,P,5008.0,5138.0,5000.0,5130.0,5088.0,528364.0,383698.0,tushare_contract
P.DCE,2016-06-28,P1609.DCE,P,5100.0,5242.0,5096.0,5226.0,5172.0,871886.0,377346.0,tushare_contract
P.DCE,2016-06-29,P1609.DCE,P,5234.0,5252.0,5126.0,5172.0,5188.0,713368.0,375208.0,tushare_contract
P.DCE,2016-06-30,P1609.DCE,P,5160.0,5244.0,5118.0,5230.0,5176.0,897430.0,374420.0,tushare_contract
P.DCE,2016-07-01,P1609.DCE,P,5222.0,5298.0,5208.0,5224.0,5248.0,858536.0,365846.0,tushare_contract
P.DCE,2016-07-04,P1609.DCE,P,5232.0,5446.0,5216.0,5336.0,5328.0,1259318.0,373492.0,tushare_contract
P.DCE,2016-07-05,P1609.DCE,P,5364.0,5408.0,5116.0,5270.0,5290.0,1167922.0,344466.0,tushare_contract
P.DCE,2016-07-06,P1701.DCE,P,5218.0,5246.0,5032.0,5032.0,5102.0,339404.0,336084.0,tushare_contract
P.DCE,2016-07-07,P1701.DCE,P,4990.0,5006.0,4852.0,4856.0,4938.0,396732.0,343106.0,tushare_contract
P.DCE,2016-07-08,P1701.DCE,P,4894.0,4946.0,4776.0,4842.0,4848.0,428712.0,340020.0,tushare_contract
P.DCE,2016-07-11,P1701.DCE,P,4858.0,4942.0,4842.0,4924.0,4896.0,303438.0,345994.0,tushare_contract
P.DCE,2016-07-12,P1701.DCE,P,4926.0,4958.0,4850.0,4878.0,4906.0,386808.0,368214.0,tushare_contract
P.DCE,2016-07-13,P1701.DCE,P,4850.0,4990.0,4838.0,4938.0,4928.0,426572.0,378274.0,tushare_contract
P.DCE,2016-07-14,P1701.DCE,P,4950.0,5000.0,4874.0,4994.0,4942.0,492696.0,407614.0,tushare_contract
P.DCE,2016-07-15,P1701.DCE,P,5012.0,5068.0,4956.0,5052.0,5014.0,654578.0,403422.0,tushare_contract
P.DCE,2016-07-18,P1701.DCE,P,5050.0,5108.0,5010.0,5082.0,5064.0,594454.0,384672.0,tushare_contract
P.DCE,2016-07-19,P1701.DCE,P,5070.0,5094.0,4984.0,5050.0,5038.0,578946.0,397636.0,tushare_contract
P.DCE,2016-07-20,P1701.DCE,P,5064.0,5152.0,5024.0,5130.0,5084.0,870376.0,445948.0,tushare_contract
P.DCE,2016-07-21,P1701.DCE,P,5112.0,5132.0,5072.0,5080.0,5100.0,716254.0,440344.0,tushare_contract
P.DCE,2016-07-22,P1701.DCE,P,5080.0,5106.0,4930.0,4948.0,5026.0,883846.0,456732.0,tushare_contract
P.DCE,2016-07-25,P1701.DCE,P,4922.0,4962.0,4886.0,4908.0,4922.0,580694.0,470046.0,tushare_contract
P.DCE,2016-07-26,P1701.DCE,P,4876.0,4918.0,4844.0,4902.0,4878.0,545940.0,483210.0,tushare_contract
P.DCE,2016-07-27,P1701.DCE,P,4918.0,4972.0,4906.0,4950.0,4940.0,601798.0,492160.0,tushare_contract
P.DCE,2016-07-28,P1701.DCE,P,4956.0,4966.0,4910.0,4922.0,4938.0,512592.0,503292.0,tushare_contract
P.DCE,2016-07-29,P1701.DCE,P,4910.0,5030.0,4880.0,4988.0,4970.0,953886.0,511076.0,tushare_contract
P.DCE,2016-08-01,P1701.DCE,P,4992.0,5134.0,4992.0,5108.0,5082.0,787964.0,550100.0,tushare_contract
P.DCE,2016-08-02,P1701.DCE,P,5100.0,5136.0,5024.0,5116.0,5076.0,884424.0,565804.0,tushare_contract
P.DCE,2016-08-03,P1701.DCE,P,5120.0,5192.0,5088.0,5162.0,5146.0,1023008.0,602622.0,tushare_contract
P.DCE,2016-08-04,P1701.DCE,P,5220.0,5246.0,5140.0,5220.0,5192.0,1104760.0,639264.0,tushare_contract
P.DCE,2016-08-05,P1701.DCE,P,5230.0,5236.0,5166.0,5180.0,5196.0,934776.0,621530.0,tushare_contract
P.DCE,2016-08-08,P1701.DCE,P,5166.0,5234.0,5122.0,5216.0,5184.0,798852.0,641628.0,tushare_contract
P.DCE,2016-08-09,P1701.DCE,P,5216.0,5326.0,5208.0,5314.0,5270.0,893980.0,685480.0,tushare_contract
P.DCE,2016-08-10,P1701.DCE,P,5298.0,5338.0,5262.0,5294.0,5300.0,838610.0,690068.0,tushare_contract
P.DCE,2016-08-11,P1701.DCE,P,5348.0,5362.0,5222.0,5228.0,5288.0,957286.0,679206.0,tushare_contract
P.DCE,2016-08-12,P1701.DCE,P,5238.0,5346.0,5230.0,5336.0,5278.0,894656.0,687156.0,tushare_contract
P.DCE,2016-08-15,P1701.DCE,P,5328.0,5488.0,5294.0,5488.0,5400.0,1281106.0,734090.0,tushare_contract
P.DCE,2016-08-16,P1701.DCE,P,5500.0,5544.0,5486.0,5498.0,5510.0,882340.0,692534.0,tushare_contract
P.DCE,2016-08-17,P1701.DCE,P,5496.0,5594.0,5466.0,5564.0,5532.0,1167370.0,751142.0,tushare_contract
P.DCE,2016-08-18,P1701.DCE,P,5600.0,5606.0,5546.0,5572.0,5576.0,1073340.0,740738.0,tushare_contract
P.DCE,2016-08-19,P1701.DCE,P,5550.0,5596.0,5516.0,5570.0,5556.0,986022.0,741578.0,tushare_contract
P.DCE,2016-08-22,P1701.DCE,P,5546.0,5584.0,5480.0,5496.0,5534.0,953410.0,702622.0,tushare_contract
P.DCE,2016-08-23,P1701.DCE,P,5478.0,5526.0,5460.0,5508.0,5498.0,829816.0,709456.0,tushare_contract
P.DCE,2016-08-24,P1701.DCE,P,5532.0,5632.0,5524.0,5612.0,5578.0,1205392.0,764138.0,tushare_contract
P.DCE,2016-08-25,P1701.DCE,P,5604.0,5616.0,5446.0,5530.0,5542.0,1314670.0,674806.0,tushare_contract
P.DCE,2016-08-26,P1701.DCE,P,5518.0,5522.0,5404.0,5474.0,5462.0,1119344.0,667170.0,tushare_contract
P.DCE,2016-08-29,P1701.DCE,P,5490.0,5538.0,5444.0,5464.0,5490.0,1008534.0,684766.0,tushare_contract
P.DCE,2016-08-30,P1701.DCE,P,5428.0,5490.0,5426.0,5446.0,5456.0,909550.0,668210.0,tushare_contract
P.DCE,2016-08-31,P1701.DCE,P,5446.0,5464.0,5336.0,5344.0,5394.0,1074646.0,639172.0,tushare_contract
P.DCE,2016-09-01,P1701.DCE,P,5344.0,5374.0,5304.0,5344.0,5340.0,843112.0,625016.0,tushare_contract
P.DCE,2016-09-02,P1701.DCE,P,5346.0,5454.0,5336.0,5432.0,5396.0,962246.0,626690.0,tushare_contract
P.DCE,2016-09-05,P1701.DCE,P,5462.0,5584.0,5462.0,5566.0,5518.0,1163300.0,683196.0,tushare_contract
P.DCE,2016-09-06,P1701.DCE,P,5580.0,5620.0,5554.0,5590.0,5582.0,926982.0,709312.0,tushare_contract
P.DCE,2016-09-07,P1701.DCE,P,5568.0,5576.0,5520.0,5544.0,5550.0,908298.0,699304.0,tushare_contract
P.DCE,2016-09-08,P1701.DCE,P,5532.0,5592.0,5506.0,5532.0,5542.0,1133338.0,726676.0,tushare_contract
P.DCE,2016-09-09,P1701.DCE,P,5542.0,5612.0,5524.0,5608.0,5566.0,1177138.0,793400.0,tushare_contract
P.DCE,2016-09-12,P1701.DCE,P,5598.0,5602.0,5470.0,5486.0,5530.0,1106656.0,669982.0,tushare_contract
P.DCE,2016-09-13,P1701.DCE,P,5476.0,5562.0,5448.0,5558.0,5496.0,1113042.0,690538.0,tushare_contract
P.DCE,2016-09-14,P1701.DCE,P,5500.0,5506.0,5354.0,5358.0,5410.0,1059540.0,613568.0,tushare_contract
P.DCE,2016-09-19,P1701.DCE,P,5410.0,5496.0,5410.0,5494.0,5458.0,549796.0,595334.0,tushare_contract
P.DCE,2016-09-20,P1701.DCE,P,5534.0,5676.0,5528.0,5676.0,5604.0,959748.0,706162.0,tushare_contract
P.DCE,2016-09-21,P1701.DCE,P,5686.0,5760.0,5676.0,5712.0,5712.0,1132948.0,706310.0,tushare_contract
P.DCE,2016-09-22,P1701.DCE,P,5688.0,5794.0,5672.0,5700.0,5722.0,1305156.0,718444.0,tushare_contract
P.DCE,2016-09-23,P1701.DCE,P,5752.0,5784.0,5706.0,5734.0,5748.0,1028704.0,744866.0,tushare_contract
P.DCE,2016-09-26,P1701.DCE,P,5706.0,5832.0,5686.0,5814.0,5762.0,1284008.0,812448.0,tushare_contract
P.DCE,2016-09-27,P1701.DCE,P,5802.0,5812.0,5714.0,5756.0,5756.0,959886.0,766362.0,tushare_contract
P.DCE,2016-09-28,P1701.DCE,P,5716.0,5730.0,5634.0,5658.0,5678.0,1206830.0,713846.0,tushare_contract
P.DCE,2016-09-29,P1701.DCE,P,5600.0,5678.0,5560.0,5576.0,5618.0,982798.0,625452.0,tushare_contract
P.DCE,2016-09-30,P1701.DCE,P,5594.0,5596.0,5496.0,5516.0,5538.0,710366.0,544300.0,tushare_contract
P.DCE,2016-10-10,P1701.DCE,P,5430.0,5492.0,5404.0,5466.0,5460.0,529912.0,523286.0,tushare_contract
P.DCE,2016-10-11,P1701.DCE,P,5448.0,5544.0,5444.0,5532.0,5508.0,819254.0,548902.0,tushare_contract
P.DCE,2016-10-12,P1701.DCE,P,5554.0,5558.0,5476.0,5498.0,5514.0,773608.0,555744.0,tushare_contract
P.DCE,2016-10-13,P1701.DCE,P,5530.0,5578.0,5422.0,5452.0,5512.0,1047004.0,550488.0,tushare_contract
P.DCE,2016-10-14,P1701.DCE,P,5460.0,5526.0,5386.0,5510.0,5450.0,835538.0,519064.0,tushare_contract
P.DCE,2016-10-17,P1701.DCE,P,5520.0,5722.0,5518.0,5722.0,5668.0,775828.0,569454.0,tushare_contract
P.DCE,2016-10-18,P1701.DCE,P,5800.0,5874.0,5762.0,5866.0,5820.0,1225180.0,563548.0,tushare_contract
P.DCE,2016-10-19,P1701.DCE,P,5784.0,5858.0,5680.0,5832.0,5780.0,1359334.0,554914.0,tushare_contract
P.DCE,2016-10-20,P1701.DCE,P,5816.0,5880.0,5766.0,5796.0,5824.0,1169530.0,574944.0,tushare_contract
P.DCE,2016-10-21,P1701.DCE,P,5776.0,5808.0,5660.0,5720.0,5732.0,1111282.0,539778.0,tushare_contract
P.DCE,2016-10-24,P1701.DCE,P,5738.0,5946.0,5726.0,5934.0,5814.0,1165514.0,609044.0,tushare_contract
P.DCE,2016-10-25,P1701.DCE,P,6000.0,6092.0,5890.0,5900.0,6002.0,1719228.0,579186.0,tushare_contract
P.DCE,2016-10-26,P1701.DCE,P,5892.0,6064.0,5876.0,6062.0,5986.0,1559104.0,641918.0,tushare_contract
P.DCE,2016-10-27,P1701.DCE,P,6050.0,6068.0,5942.0,5954.0,6014.0,1069942.0,630078.0,tushare_contract
P.DCE,2016-10-28,P1701.DCE,P,5974.0,6038.0,5896.0,6030.0,5958.0,1062768.0,655070.0,tushare_contract
P.DCE,2016-10-31,P1701.DCE,P,6010.0,6028.0,5918.0,5958.0,5966.0,1032366.0,638156.0,tushare_contract
P.DCE,2016-11-01,P1701.DCE,P,5932.0,6020.0,5872.0,5876.0,5954.0,1207130.0,646190.0,tushare_contract
P.DCE,2016-11-02,P1701.DCE,P,5868.0,5916.0,5792.0,5836.0,5854.0,992836.0,602390.0,tushare_contract
P.DCE,2016-11-03,P1701.DCE,P,5888.0,5908.0,5844.0,5868.0,5872.0,770234.0,597330.0,tushare_contract
P.DCE,2016-11-04,P1701.DCE,P,5900.0,5996.0,5892.0,5892.0,5940.0,1111864.0,586286.0,tushare_contract
P.DCE,2016-11-07,P1701.DCE,P,5874.0,6036.0,5844.0,5996.0,5946.0,919682.0,631870.0,tushare_contract
P.DCE,2016-11-08,P1701.DCE,P,6020.0,6156.0,5950.0,6140.0,6046.0,1334192.0,690746.0,tushare_contract
P.DCE,2016-11-09,P1701.DCE,P,6148.0,6188.0,6008.0,6060.0,6116.0,1039060.0,642212.0,tushare_contract
P.DCE,2016-11-10,P1701.DCE,P,6094.0,6230.0,5994.0,6174.0,6120.0,1538018.0,616166.0,tushare_contract
P.DCE,2016-11-11,P1701.DCE,P,6192.0,6426.0,6142.0,6328.0,6304.0,1691222.0,621452.0,tushare_contract
P.DCE,2016-11-14,P1701.DCE,P,6330.0,6426.0,5990.0,5990.0,6122.0,1290674.0,513420.0,tushare_contract
P.DCE,2016-11-15,P1701.DCE,P,5976.0,6062.0,5872.0,5950.0,5974.0,789906.0,456262.0,tushare_contract
P.DCE,2016-11-16,P1701.DCE,P,5924.0,6152.0,5918.0,6150.0,6056.0,947962.0,473578.0,tushare_contract
P.DCE,2016-11-17,P1701.DCE,P,6128.0,6182.0,6066.0,6140.0,6124.0,880562.0,474246.0,tushare_contract
P.DCE,2016-11-18,P1701.DCE,P,6150.0,6194.0,6062.0,6110.0,6114.0,769170.0,453818.0,tushare_contract
P.DCE,2016-11-21,P1701.DCE,P,6146.0,6292.0,6102.0,6260.0,6204.0,800098.0,482446.0,tushare_contract
P.DCE,2016-11-22,P1701.DCE,P,6270.0,6316.0,6184.0,6206.0,6250.0,830824.0,437362.0,tushare_contract
P.DCE,2016-11-23,P1705.DCE,P,6036.0,6134.0,6026.0,6092.0,6088.0,384684.0,508616.0,tushare_contract
P.DCE,2016-11-24,P1705.DCE,P,6092.0,6392.0,6016.0,6220.0,6252.0,789942.0,579814.0,tushare_contract
P.DCE,2016-11-25,P1705.DCE,P,6250.0,6344.0,6200.0,6322.0,6278.0,703674.0,641332.0,tushare_contract
P.DCE,2016-11-28,P1705.DCE,P,6322.0,6374.0,6262.0,6338.0,6312.0,911592.0,703420.0,tushare_contract
P.DCE,2016-11-29,P1705.DCE,P,6350.0,6350.0,6210.0,6216.0,6284.0,709406.0,676174.0,tushare_contract
P.DCE,2016-11-30,P1705.DCE,P,6210.0,6266.0,6114.0,6212.0,6188.0,1051606.0,628330.0,tushare_contract
P.DCE,2016-12-01,P1705.DCE,P,6274.0,6338.0,6210.0,6248.0,6266.0,959854.0,632816.0,tushare_contract
P.DCE,2016-12-02,P1705.DCE,P,6266.0,6372.0,6216.0,6350.0,6290.0,1086610.0,663760.0,tushare_contract
P.DCE,2016-12-05,P1705.DCE,P,6332.0,6404.0,6242.0,6370.0,6332.0,1008120.0,656356.0,tushare_contract
P.DCE,2016-12-06,P1705.DCE,P,6390.0,6434.0,6326.0,6342.0,6374.0,747608.0,641760.0,tushare_contract
P.DCE,2016-12-07,P1705.DCE,P,6420.0,6460.0,6358.0,6414.0,6420.0,989532.0,638388.0,tushare_contract
P.DCE,2016-12-08,P1705.DCE,P,6372.0,6386.0,6288.0,6294.0,6332.0,747022.0,631116.0,tushare_contract
P.DCE,2016-12-09,P1705.DCE,P,6304.0,6306.0,6198.0,6296.0,6250.0,663696.0,606888.0,tushare_contract
P.DCE,2016-12-12,P1705.DCE,P,6266.0,6406.0,6250.0,6346.0,6338.0,699700.0,603100.0,tushare_contract
P.DCE,2016-12-13,P1705.DCE,P,6336.0,6364.0,6238.0,6294.0,6302.0,592186.0,599556.0,tushare_contract
P.DCE,2016-12-14,P1705.DCE,P,6310.0,6342.0,6242.0,6302.0,6290.0,755986.0,586222.0,tushare_contract
P.DCE,2016-12-15,P1705.DCE,P,6296.0,6482.0,6240.0,6428.0,6370.0,1147176.0,604536.0,tushare_contract
P.DCE,2016-12-16,P1705.DCE,P,6416.0,6550.0,6390.0,6412.0,6476.0,1150494.0,618084.0,tushare_contract
P.DCE,2016-12-19,P1705.DCE,P,6418.0,6532.0,6372.0,6400.0,6462.0,1064120.0,592356.0,tushare_contract
P.DCE,2016-12-20,P1705.DCE,P,6350.0,6374.0,6210.0,6246.0,6294.0,979018.0,560306.0,tushare_contract
P.DCE,2016-12-21,P1705.DCE,P,6258.0,6292.0,6190.0,6262.0,6250.0,723250.0,561262.0,tushare_contract
P.DCE,2016-12-22,P1705.DCE,P,6260.0,6306.0,6164.0,6166.0,6240.0,666836.0,554540.0,tushare_contract
P.DCE,2016-12-23,P1705.DCE,P,6152.0,6164.0,6026.0,6082.0,6086.0,924012.0,536016.0,tushare_contract
P.DCE,2016-12-26,P1705.DCE,P,6106.0,6142.0,6004.0,6114.0,6086.0,888904.0,511788.0,tushare_contract
P.DCE,2016-12-27,P1705.DCE,P,6120.0,6264.0,6080.0,6246.0,6176.0,776658.0,520938.0,tushare_contract
P.DCE,2016-12-28,P1705.DCE,P,6248.0,6312.0,6222.0,6244.0,6264.0,791750.0,509066.0,tushare_contract
P.DCE,2016-12-29,P1705.DCE,P,6232.0,6282.0,6196.0,6234.0,6240.0,665960.0,513268.0,tushare_contract
P.DCE,2016-12-30,P1705.DCE,P,6256.0,6276.0,6174.0,6202.0,6220.0,479736.0,503158.0,tushare_contract
P.DCE,2017-01-03,P1705.DCE,P,6200.0,6328.0,6188.0,6240.0,6278.0,587462.0,516636.0,tushare_contract
P.DCE,2017-01-04,P1705.DCE,P,6262.0,6318.0,6114.0,6170.0,6212.0,910296.0,507594.0,tushare_contract
P.DCE,2017-01-05,P1705.DCE,P,6188.0,6216.0,6112.0,6134.0,6170.0,605182.0,516650.0,tushare_contract
P.DCE,2017-01-06,P1705.DCE,P,6114.0,6182.0,6062.0,6066.0,6128.0,576876.0,515804.0,tushare_contract
P.DCE,2017-01-09,P1705.DCE,P,6094.0,6156.0,6062.0,6132.0,6108.0,561856.0,507676.0,tushare_contract
P.DCE,2017-01-10,P1705.DCE,P,6124.0,6206.0,6098.0,6190.0,6148.0,714322.0,509348.0,tushare_contract
P.DCE,2017-01-11,P1705.DCE,P,6148.0,6288.0,6142.0,6254.0,6212.0,812598.0,515722.0,tushare_contract
P.DCE,2017-01-12,P1705.DCE,P,6252.0,6300.0,6230.0,6270.0,6264.0,588388.0,522052.0,tushare_contract
P.DCE,2017-01-13,P1705.DCE,P,6272.0,6342.0,6240.0,6268.0,6288.0,677188.0,526254.0,tushare_contract
P.DCE,2017-01-16,P1705.DCE,P,6264.0,6368.0,6238.0,6320.0,6306.0,652668.0,518688.0,tushare_contract
P.DCE,2017-01-17,P1705.DCE,P,6330.0,6374.0,6272.0,6318.0,6320.0,520784.0,508978.0,tushare_contract
P.DCE,2017-01-18,P1705.DCE,P,6352.0,6356.0,6284.0,6312.0,6316.0,451366.0,485632.0,tushare_contract
P.DCE,2017-01-19,P1705.DCE,P,6304.0,6348.0,6268.0,6306.0,6308.0,431558.0,474296.0,tushare_contract
P.DCE,2017-01-20,P1705.DCE,P,6302.0,6324.0,6254.0,6282.0,6290.0,373692.0,458192.0,tushare_contract
P.DCE,2017-01-23,P1705.DCE,P,6280.0,6280.0,6216.0,6256.0,6246.0,343080.0,448838.0,tushare_contract
P.DCE,2017-01-24,P1705.DCE,P,6246.0,6408.0,6246.0,6372.0,6330.0,496736.0,471018.0,tushare_contract
P.DCE,2017-01-25,P1705.DCE,P,6378.0,6382.0,6274.0,6292.0,6334.0,356636.0,455122.0,tushare_contract
P.DCE,2017-01-26,P1705.DCE,P,6310.0,6336.0,6200.0,6208.0,6278.0,317400.0,446644.0,tushare_contract
P.DCE,2017-02-03,P1705.DCE,P,6228.0,6256.0,6114.0,6122.0,6170.0,272410.0,480380.0,tushare_contract
P.DCE,2017-02-06,P1705.DCE,P,6122.0,6170.0,6118.0,6140.0,6144.0,354758.0,503474.0,tushare_contract
P.DCE,2017-02-07,P1705.DCE,P,6152.0,6188.0,6098.0,6124.0,6150.0,378312.0,530586.0,tushare_contract
P.DCE,2017-02-08,P1705.DCE,P,6124.0,6252.0,6118.0,6236.0,6196.0,583848.0,521344.0,tushare_contract
P.DCE,2017-02-09,P1705.DCE,P,6218.0,6244.0,6186.0,6190.0,6220.0,323144.0,501168.0,tushare_contract
P.DCE,2017-02-10,P1705.DCE,P,6192.0,6288.0,6178.0,6284.0,6244.0,486388.0,511472.0,tushare_contract
P.DCE,2017-02-13,P1705.DCE,P,6240.0,6302.0,6140.0,6146.0,6224.0,815044.0,553036.0,tushare_contract
P.DCE,2017-02-14,P1705.DCE,P,6144.0,6184.0,6082.0,6088.0,6138.0,644586.0,560358.0,tushare_contract
P.DCE,2017-02-15,P1705.DCE,P,6100.0,6136.0,6060.0,6112.0,6102.0,565642.0,549226.0,tushare_contract
P.DCE,2017-02-16,P1705.DCE,P,6114.0,6156.0,6038.0,6044.0,6112.0,654178.0,550316.0,tushare_contract
P.DCE,2017-02-17,P1705.DCE,P,6014.0,6054.0,5906.0,5918.0,5978.0,735698.0,555908.0,tushare_contract
P.DCE,2017-02-20,P1705.DCE,P,5900.0,5950.0,5888.0,5930.0,5922.0,414222.0,541666.0,tushare_contract
P.DCE,2017-02-21,P1705.DCE,P,5908.0,5944.0,5856.0,5898.0,5906.0,608438.0,526920.0,tushare_contract
P.DCE,2017-02-22,P1705.DCE,P,5868.0,5890.0,5820.0,5878.0,5852.0,544826.0,530872.0,tushare_contract
P.DCE,2017-02-23,P1705.DCE,P,5890.0,5918.0,5760.0,5790.0,5844.0,648982.0,534178.0,tushare_contract
P.DCE,2017-02-24,P1705.DCE,P,5800.0,5832.0,5730.0,5826.0,5792.0,479696.0,502952.0,tushare_contract
P.DCE,2017-02-27,P1705.DCE,P,5842.0,5868.0,5784.0,5806.0,5830.0,496346.0,504188.0,tushare_contract
P.DCE,2017-02-28,P1705.DCE,P,5780.0,5826.0,5742.0,5786.0,5782.0,530672.0,516334.0,tushare_contract
P.DCE,2017-03-01,P1705.DCE,P,5826.0,5922.0,5818.0,5856.0,5864.0,659580.0,497428.0,tushare_contract
P.DCE,2017-03-02,P1705.DCE,P,5898.0,5906.0,5844.0,5876.0,5872.0,426664.0,485396.0,tushare_contract
P.DCE,2017-03-03,P1705.DCE,P,5880.0,5924.0,5822.0,5896.0,5878.0,513128.0,470730.0,tushare_contract
P.DCE,2017-03-06,P1705.DCE,P,5894.0,5966.0,5858.0,5934.0,5910.0,482800.0,442036.0,tushare_contract
P.DCE,2017-03-07,P1705.DCE,P,5920.0,5940.0,5852.0,5876.0,5892.0,386190.0,434976.0,tushare_contract
P.DCE,2017-03-08,P1705.DCE,P,5870.0,5876.0,5764.0,5822.0,5814.0,463866.0,414358.0,tushare_contract
P.DCE,2017-03-09,P1709.DCE,P,5670.0,5688.0,5590.0,5664.0,5654.0,285264.0,430212.0,tushare_contract
P.DCE,2017-03-10,P1709.DCE,P,5638.0,5638.0,5506.0,5540.0,5570.0,335674.0,443028.0,tushare_contract
P.DCE,2017-03-13,P1709.DCE,P,5524.0,5576.0,5506.0,5552.0,5540.0,285498.0,439858.0,tushare_contract
P.DCE,2017-03-14,P1709.DCE,P,5500.0,5510.0,5458.0,5472.0,5482.0,314476.0,470034.0,tushare_contract
P.DCE,2017-03-15,P1709.DCE,P,5494.0,5536.0,5422.0,5512.0,5492.0,295668.0,484168.0,tushare_contract
P.DCE,2017-03-16,P1709.DCE,P,5544.0,5600.0,5526.0,5594.0,5564.0,395994.0,469070.0,tushare_contract
P.DCE,2017-03-17,P1709.DCE,P,5610.0,5640.0,5588.0,5612.0,5614.0,301080.0,461810.0,tushare_contract
P.DCE,2017-03-20,P1709.DCE,P,5624.0,5650.0,5588.0,5642.0,5622.0,420608.0,506716.0,tushare_contract
P.DCE,2017-03-21,P1709.DCE,P,5626.0,5668.0,5570.0,5626.0,5622.0,421094.0,513692.0,tushare_contract
P.DCE,2017-03-22,P1709.DCE,P,5638.0,5682.0,5622.0,5646.0,5654.0,550390.0,534208.0,tushare_contract
P.DCE,2017-03-23,P1709.DCE,P,5650.0,5670.0,5534.0,5540.0,5608.0,681240.0,537928.0,tushare_contract
P.DCE,2017-03-24,P1709.DCE,P,5536.0,5578.0,5512.0,5516.0,5540.0,445620.0,543190.0,tushare_contract
P.DCE,2017-03-27,P1709.DCE,P,5508.0,5526.0,5388.0,5408.0,5446.0,523268.0,548034.0,tushare_contract
P.DCE,2017-03-28,P1709.DCE,P,5404.0,5438.0,5362.0,5416.0,5402.0,399324.0,535240.0,tushare_contract
P.DCE,2017-03-29,P1709.DCE,P,5420.0,5454.0,5406.0,5442.0,5434.0,366364.0,546628.0,tushare_contract
P.DCE,2017-03-30,P1709.DCE,P,5436.0,5456.0,5334.0,5350.0,5394.0,481304.0,558152.0,tushare_contract
P.DCE,2017-03-31,P1709.DCE,P,5336.0,5388.0,5308.0,5328.0,5358.0,321718.0,543712.0,tushare_contract
P.DCE,2017-04-05,P1709.DCE,P,5306.0,5408.0,5252.0,5396.0,5350.0,435628.0,556516.0,tushare_contract
P.DCE,2017-04-06,P1709.DCE,P,5402.0,5434.0,5380.0,5416.0,5406.0,461112.0,563232.0,tushare_contract
P.DCE,2017-04-07,P1709.DCE,P,5420.0,5426.0,5286.0,5350.0,5368.0,553476.0,547502.0,tushare_contract
P.DCE,2017-04-10,P1709.DCE,P,5358.0,5448.0,5220.0,5226.0,5338.0,1136852.0,621774.0,tushare_contract
P.DCE,2017-04-11,P1709.DCE,P,5226.0,5244.0,5178.0,5234.0,5218.0,585982.0,598330.0,tushare_contract
P.DCE,2017-04-12,P1709.DCE,P,5250.0,5262.0,5152.0,5172.0,5206.0,714768.0,575762.0,tushare_contract
P.DCE,2017-04-13,P1709.DCE,P,5186.0,5258.0,5180.0,5246.0,5218.0,437962.0,548612.0,tushare_contract
P.DCE,2017-04-14,P1709.DCE,P,5206.0,5234.0,5164.0,5216.0,5206.0,484178.0,570874.0,tushare_contract
P.DCE,2017-04-17,P1709.DCE,P,5216.0,5276.0,5212.0,5228.0,5244.0,465114.0,558590.0,tushare_contract
P.DCE,2017-04-18,P1709.DCE,P,5220.0,5260.0,5164.0,5176.0,5210.0,489398.0,581082.0,tushare_contract
P.DCE,2017-04-19,P1709.DCE,P,5154.0,5162.0,5084.0,5126.0,5122.0,609456.0,574438.0,tushare_contract
P.DCE,2017-04-20,P1709.DCE,P,5106.0,5160.0,5092.0,5146.0,5126.0,577654.0,569572.0,tushare_contract
P.DCE,2017-04-21,P1709.DCE,P,5156.0,5178.0,5120.0,5164.0,5152.0,444644.0,558444.0,tushare_contract
P.DCE,2017-04-24,P1709.DCE,P,5168.0,5194.0,5154.0,5190.0,5174.0,472172.0,555330.0,tushare_contract
P.DCE,2017-04-25,P1709.DCE,P,5190.0,5204.0,5046.0,5070.0,5116.0,688554.0,617132.0,tushare_contract
P.DCE,2017-04-26,P1709.DCE,P,5084.0,5142.0,5078.0,5110.0,5108.0,461340.0,580294.0,tushare_contract
P.DCE,2017-04-27,P1709.DCE,P,5142.0,5216.0,5134.0,5172.0,5176.0,549684.0,552420.0,tushare_contract
P.DCE,2017-04-28,P1709.DCE,P,5150.0,5186.0,5122.0,5178.0,5156.0,364144.0,544298.0,tushare_contract
P.DCE,2017-05-02,P1709.DCE,P,5196.0,5268.0,5192.0,5246.0,5234.0,306406.0,535860.0,tushare_contract
P.DCE,2017-05-03,P1709.DCE,P,5246.0,5258.0,5214.0,5234.0,5234.0,289278.0,518820.0,tushare_contract
P.DCE,2017-05-04,P1709.DCE,P,5210.0,5228.0,5132.0,5206.0,5184.0,534162.0,531948.0,tushare_contract
P.DCE,2017-05-05,P1709.DCE,P,5206.0,5250.0,5160.0,5200.0,5210.0,633892.0,532756.0,tushare_contract
P.DCE,2017-05-08,P1709.DCE,P,5240.0,5360.0,5240.0,5354.0,5318.0,909230.0,605038.0,tushare_contract
P.DCE,2017-05-09,P1709.DCE,P,5336.0,5374.0,5318.0,5370.0,5338.0,463814.0,609382.0,tushare_contract
P.DCE,2017-05-10,P1709.DCE,P,5360.0,5404.0,5332.0,5354.0,5368.0,535594.0,605420.0,tushare_contract
P.DCE,2017-05-11,P1709.DCE,P,5350.0,5522.0,5308.0,5514.0,5414.0,998646.0,587666.0,tushare_contract
P.DCE,2017-05-12,P1709.DCE,P,5500.0,5510.0,5450.0,5492.0,5476.0,510292.0,579486.0,tushare_contract
P.DCE,2017-05-15,P1709.DCE,P,5462.0,5542.0,5454.0,5472.0,5488.0,540334.0,575022.0,tushare_contract
P.DCE,2017-05-16,P1709.DCE,P,5500.0,5528.0,5462.0,5494.0,5494.0,513082.0,582738.0,tushare_contract
P.DCE,2017-05-17,P1709.DCE,P,5500.0,5556.0,5460.0,5536.0,5514.0,648530.0,585490.0,tushare_contract
P.DCE,2017-05-18,P1709.DCE,P,5556.0,5572.0,5478.0,5504.0,5514.0,492000.0,586434.0,tushare_contract
P.DCE,2017-05-19,P1709.DCE,P,5450.0,5528.0,5416.0,5476.0,5486.0,641690.0,584466.0,tushare_contract
P.DCE,2017-05-22,P1709.DCE,P,5500.0,5594.0,5496.0,5554.0,5554.0,521108.0,581274.0,tushare_contract
P.DCE,2017-05-23,P1709.DCE,P,5552.0,5576.0,5474.0,5488.0,5530.0,474302.0,551000.0,tushare_contract
P.DCE,2017-05-24,P1709.DCE,P,5476.0,5496.0,5426.0,5450.0,5460.0,535984.0,527430.0,tushare_contract
P.DCE,2017-05-25,P1709.DCE,P,5458.0,5476.0,5402.0,5440.0,5450.0,404200.0,503894.0,tushare_contract
P.DCE,2017-05-26,P1709.DCE,P,5462.0,5476.0,5364.0,5380.0,5414.0,497074.0,489000.0,tushare_contract
P.DCE,2017-05-31,P1709.DCE,P,5310.0,5332.0,5240.0,5244.0,5288.0,403030.0,479544.0,tushare_contract
P.DCE,2017-06-01,P1709.DCE,P,5254.0,5286.0,5204.0,5226.0,5252.0,498834.0,457392.0,tushare_contract
P.DCE,2017-06-02,P1709.DCE,P,5252.0,5282.0,5228.0,5236.0,5254.0,397992.0,441658.0,tushare_contract
P.DCE,2017-06-05,P1709.DCE,P,5210.0,5338.0,5188.0,5268.0,5276.0,539716.0,446938.0,tushare_contract
P.DCE,2017-06-06,P1709.DCE,P,5258.0,5280.0,5204.0,5244.0,5242.0,496398.0,458318.0,tushare_contract
P.DCE,2017-06-07,P1709.DCE,P,5250.0,5286.0,5162.0,5178.0,5218.0,620098.0,500640.0,tushare_contract
P.DCE,2017-06-08,P1709.DCE,P,5170.0,5200.0,5136.0,5162.0,5162.0,485754.0,486996.0,tushare_contract
P.DCE,2017-06-09,P1709.DCE,P,5158.0,5204.0,5156.0,5174.0,5182.0,377858.0,489368.0,tushare_contract
P.DCE,2017-06-12,P1709.DCE,P,5176.0,5318.0,5166.0,5316.0,5252.0,562506.0,474652.0,tushare_contract
P.DCE,2017-06-13,P1709.DCE,P,5300.0,5324.0,5232.0,5240.0,5274.0,418032.0,476444.0,tushare_contract
P.DCE,2017-06-14,P1709.DCE,P,5212.0,5260.0,5196.0,5242.0,5232.0,387836.0,483268.0,tushare_contract
P.DCE,2017-06-15,P1709.DCE,P,5252.0,5282.0,5218.0,5238.0,5246.0,392872.0,479924.0,tushare_contract
P.DCE,2017-06-16,P1709.DCE,P,5260.0,5356.0,5244.0,5320.0,5308.0,543922.0,492656.0,tushare_contract
P.DCE,2017-06-19,P1709.DCE,P,5332.0,5412.0,5312.0,5380.0,5366.0,478752.0,505782.0,tushare_contract
P.DCE,2017-06-20,P1709.DCE,P,5366.0,5374.0,5252.0,5270.0,5314.0,462096.0,485404.0,tushare_contract
P.DCE,2017-06-21,P1709.DCE,P,5240.0,5260.0,5188.0,5208.0,5212.0,452188.0,477648.0,tushare_contract
P.DCE,2017-06-22,P1709.DCE,P,5212.0,5234.0,5162.0,5180.0,5196.0,338694.0,479606.0,tushare_contract
P.DCE,2017-06-23,P1709.DCE,P,5188.0,5222.0,5168.0,5208.0,5196.0,321904.0,468796.0,tushare_contract
P.DCE,2017-06-26,P1709.DCE,P,5206.0,5226.0,5188.0,5210.0,5204.0,254094.0,470506.0,tushare_contract
P.DCE,2017-06-27,P1709.DCE,P,5202.0,5246.0,5184.0,5232.0,5218.0,343394.0,457548.0,tushare_contract
P.DCE,2017-06-28,P1709.DCE,P,5240.0,5288.0,5192.0,5222.0,5234.0,493564.0,464386.0,tushare_contract
P.DCE,2017-06-29,P1709.DCE,P,5210.0,5280.0,5202.0,5268.0,5250.0,497264.0,429956.0,tushare_contract
P.DCE,2017-06-30,P1709.DCE,P,5276.0,5316.0,5250.0,5304.0,5286.0,472840.0,438838.0,tushare_contract
P.DCE,2017-07-03,P1709.DCE,P,5280.0,5400.0,5266.0,5342.0,5332.0,453324.0,419546.0,tushare_contract
P.DCE,2017-07-04,P1709.DCE,P,5352.0,5360.0,5256.0,5272.0,5296.0,372888.0,407124.0,tushare_contract
P.DCE,2017-07-05,P1801.DCE,P,5110.0,5150.0,5100.0,5144.0,5126.0,136886.0,421222.0,tushare_contract
P.DCE,2017-07-06,P1801.DCE,P,5144.0,5240.0,5144.0,5208.0,5200.0,232110.0,439690.0,tushare_contract
P.DCE,2017-07-07,P1801.DCE,P,5208.0,5238.0,5180.0,5210.0,5206.0,121864.0,439302.0,tushare_contract
P.DCE,2017-07-10,P1801.DCE,P,5210.0,5308.0,5202.0,5280.0,5262.0,159762.0,433944.0,tushare_contract
P.DCE,2017-07-11,P1801.DCE,P,5286.0,5332.0,5262.0,5304.0,5298.0,176154.0,441702.0,tushare_contract
P.DCE,2017-07-12,P1801.DCE,P,5294.0,5336.0,5272.0,5292.0,5302.0,154706.0,456478.0,tushare_contract
P.DCE,2017-07-13,P1801.DCE,P,5290.0,5314.0,5242.0,5266.0,5276.0,149450.0,461800.0,tushare_contract
P.DCE,2017-07-14,P1801.DCE,P,5264.0,5264.0,5190.0,5222.0,5218.0,177030.0,468362.0,tushare_contract
P.DCE,2017-07-17,P1801.DCE,P,5244.0,5292.0,5234.0,5250.0,5258.0,169840.0,486502.0,tushare_contract
P.DCE,2017-07-18,P1801.DCE,P,5250.0,5288.0,5194.0,5202.0,5242.0,260226.0,490414.0,tushare_contract
P.DCE,2017-07-19,P1801.DCE,P,5216.0,5230.0,5172.0,5220.0,5206.0,240748.0,504170.0,tushare_contract
P.DCE,2017-07-20,P1801.DCE,P,5224.0,5294.0,5222.0,5284.0,5266.0,262536.0,518554.0,tushare_contract
P.DCE,2017-07-21,P1801.DCE,P,5302.0,5360.0,5280.0,5312.0,5318.0,373900.0,521680.0,tushare_contract
P.DCE,2017-07-24,P1801.DCE,P,5310.0,5332.0,5218.0,5252.0,5266.0,276120.0,522138.0,tushare_contract
P.DCE,2017-07-25,P1801.DCE,P,5250.0,5388.0,5250.0,5382.0,5326.0,467908.0,576074.0,tushare_contract
P.DCE,2017-07-26,P1801.DCE,P,5386.0,5410.0,5340.0,5348.0,5374.0,555790.0,604918.0,tushare_contract
P.DCE,2017-07-27,P1801.DCE,P,5366.0,5458.0,5360.0,5450.0,5418.0,571472.0,674214.0,tushare_contract
P.DCE,2017-07-28,P1801.DCE,P,5464.0,5482.0,5360.0,5388.0,5416.0,652824.0,644186.0,tushare_contract
P.DCE,2017-07-31,P1801.DCE,P,5396.0,5486.0,5386.0,5462.0,5446.0,455722.0,658230.0,tushare_contract
P.DCE,2017-08-01,P1801.DCE,P,5452.0,5520.0,5418.0,5428.0,5468.0,639394.0,682640.0,tushare_contract
P.DCE,2017-08-02,P1801.DCE,P,5422.0,5432.0,5364.0,5402.0,5394.0,524876.0,692522.0,tushare_contract
P.DCE,2017-08-03,P1801.DCE,P,5418.0,5428.0,5302.0,5318.0,5372.0,562406.0,695974.0,tushare_contract
P.DCE,2017-08-04,P1801.DCE,P,5312.0,5356.0,5286.0,5352.0,5332.0,458926.0,679780.0,tushare_contract
P.DCE,2017-08-07,P1801.DCE,P,5354.0,5396.0,5304.0,5320.0,5354.0,519744.0,687466.0,tushare_contract
P.DCE,2017-08-08,P1801.DCE,P,5304.0,5390.0,5276.0,5384.0,5346.0,602034.0,655810.0,tushare_contract
P.DCE,2017-08-09,P1801.DCE,P,5396.0,5442.0,5386.0,5440.0,5412.0,532790.0,665658.0,tushare_contract
P.DCE,2017-08-10,P1801.DCE,P,5426.0,5442.0,5340.0,5418.0,5400.0,660588.0,680548.0,tushare_contract
P.DCE,2017-08-11,P1801.DCE,P,5436.0,5504.0,5346.0,5376.0,5414.0,849954.0,645728.0,tushare_contract
P.DCE,2017-08-14,P1801.DCE,P,5410.0,5486.0,5370.0,5456.0,5430.0,728956.0,683484.0,tushare_contract
P.DCE,2017-08-15,P1801.DCE,P,5432.0,5446.0,5368.0,5376.0,5404.0,675858.0,653880.0,tushare_contract
P.DCE,2017-08-16,P1801.DCE,P,5356.0,5358.0,5284.0,5292.0,5318.0,553938.0,660174.0,tushare_contract
P.DCE,2017-08-17,P1801.DCE,P,5312.0,5354.0,5300.0,5340.0,5326.0,464302.0,650636.0,tushare_contract
P.DCE,2017-08-18,P1801.DCE,P,5342.0,5420.0,5324.0,5416.0,5362.0,512204.0,642148.0,tushare_contract
P.DCE,2017-08-21,P1801.DCE,P,5420.0,5464.0,5406.0,5448.0,5440.0,660692.0,658566.0,tushare_contract
P.DCE,2017-08-22,P1801.DCE,P,5468.0,5570.0,5442.0,5564.0,5508.0,857840.0,738086.0,tushare_contract
P.DCE,2017-08-23,P1801.DCE,P,5548.0,5594.0,5516.0,5542.0,5544.0,706090.0,702638.0,tushare_contract
P.DCE,2017-08-24,P1801.DCE,P,5558.0,5594.0,5496.0,5578.0,5548.0,672482.0,737946.0,tushare_contract
P.DCE,2017-08-25,P1801.DCE,P,5600.0,5622.0,5532.0,5536.0,5576.0,519590.0,700546.0,tushare_contract
P.DCE,2017-08-28,P1801.DCE,P,5540.0,5582.0,5520.0,5536.0,5550.0,478822.0,702272.0,tushare_contract
P.DCE,2017-08-29,P1801.DCE,P,5536.0,5540.0,5468.0,5486.0,5504.0,494042.0,667140.0,tushare_contract
P.DCE,2017-08-30,P1801.DCE,P,5468.0,5534.0,5442.0,5452.0,5490.0,497518.0,676332.0,tushare_contract
P.DCE,2017-08-31,P1801.DCE,P,5452.0,5496.0,5442.0,5470.0,5466.0,381230.0,648126.0,tushare_contract
P.DCE,2017-09-01,P1801.DCE,P,5472.0,5538.0,5462.0,5524.0,5510.0,481790.0,670060.0,tushare_contract
P.DCE,2017-09-04,P1801.DCE,P,5526.0,5564.0,5498.0,5534.0,5534.0,498114.0,667182.0,tushare_contract
P.DCE,2017-09-05,P1801.DCE,P,5536.0,5568.0,5478.0,5566.0,5518.0,548036.0,668960.0,tushare_contract
P.DCE,2017-09-06,P1801.DCE,P,5572.0,5592.0,5520.0,5556.0,5556.0,602118.0,663900.0,tushare_contract
P.DCE,2017-09-07,P1801.DCE,P,5540.0,5564.0,5490.0,5538.0,5526.0,595016.0,647234.0,tushare_contract
P.DCE,2017-09-08,P1801.DCE,P,5576.0,5578.0,5498.0,5504.0,5532.0,603218.0,622016.0,tushare_contract
P.DCE,2017-09-11,P1801.DCE,P,5498.0,5654.0,5456.0,5650.0,5570.0,944312.0,645038.0,tushare_contract
P.DCE,2017-09-12,P1801.DCE,P,5650.0,5672.0,5606.0,5662.0,5642.0,543842.0,610334.0,tushare_contract
P.DCE,2017-09-13,P1801.DCE,P,5680.0,5780.0,5662.0,5690.0,5716.0,724178.0,580636.0,tushare_contract
P.DCE,2017-09-14,P1801.DCE,P,5730.0,5830.0,5706.0,5808.0,5772.0,784166.0,594618.0,tushare_contract
P.DCE,2017-09-15,P1801.DCE,P,5788.0,5798.0,5732.0,5784.0,5770.0,589044.0,547542.0,tushare_contract
P.DCE,2017-09-18,P1801.DCE,P,5776.0,5776.0,5708.0,5744.0,5740.0,460988.0,531410.0,tushare_contract
P.DCE,2017-09-19,P1801.DCE,P,5708.0,5804.0,5692.0,5760.0,5752.0,467298.0,560560.0,tushare_contract
P.DCE,2017-09-20,P1801.DCE,P,5730.0,5762.0,5686.0,5720.0,5722.0,490428.0,543454.0,tushare_contract
P.DCE,2017-09-21,P1801.DCE,P,5726.0,5750.0,5662.0,5666.0,5704.0,591308.0,537214.0,tushare_contract
P.DCE,2017-09-22,P1801.DCE,P,5648.0,5662.0,5608.0,5628.0,5636.0,431190.0,503638.0,tushare_contract
P.DCE,2017-09-25,P1801.DCE,P,5644.0,5692.0,5572.0,5592.0,5626.0,517390.0,511008.0,tushare_contract
P.DCE,2017-09-26,P1801.DCE,P,5588.0,5624.0,5574.0,5606.0,5600.0,306022.0,500796.0,tushare_contract
P.DCE,2017-09-27,P1801.DCE,P,5642.0,5672.0,5612.0,5638.0,5640.0,398952.0,489840.0,tushare_contract
P.DCE,2017-09-28,P1801.DCE,P,5640.0,5642.0,5450.0,5494.0,5520.0,753768.0,457882.0,tushare_contract
P.DCE,2017-09-29,P1801.DCE,P,5500.0,5542.0,5476.0,5524.0,5512.0,356540.0,398540.0,tushare_contract
P.DCE,2017-10-09,P1801.DCE,P,5574.0,5620.0,5558.0,5582.0,5588.0,289002.0,398558.0,tushare_contract
P.DCE,2017-10-10,P1801.DCE,P,5582.0,5582.0,5528.0,5546.0,5554.0,351192.0,434358.0,tushare_contract
P.DCE,2017-10-11,P1801.DCE,P,5518.0,5550.0,5502.0,5510.0,5520.0,310136.0,425692.0,tushare_contract
P.DCE,2017-10-12,P1801.DCE,P,5516.0,5578.0,5508.0,5576.0,5548.0,297890.0,428018.0,tushare_contract
P.DCE,2017-10-13,P1801.DCE,P,5560.0,5584.0,5472.0,5584.0,5528.0,548438.0,416284.0,tushare_contract
P.DCE,2017-10-16,P1801.DCE,P,5600.0,5630.0,5558.0,5600.0,5602.0,373826.0,421424.0,tushare_contract
P.DCE,2017-10-17,P1801.DCE,P,5596.0,5646.0,5574.0,5616.0,5604.0,305104.0,421472.0,tushare_contract
P.DCE,2017-10-18,P1801.DCE,P,5598.0,5598.0,5518.0,5552.0,5560.0,377122.0,432580.0,tushare_contract
P.DCE,2017-10-19,P1801.DCE,P,5558.0,5592.0,5484.0,5486.0,5548.0,433016.0,452766.0,tushare_contract
P.DCE,2017-10-20,P1801.DCE,P,5500.0,5608.0,5488.0,5596.0,5546.0,398432.0,427654.0,tushare_contract
P.DCE,2017-10-23,P1801.DCE,P,5608.0,5660.0,5586.0,5654.0,5626.0,413692.0,429308.0,tushare_contract
P.DCE,2017-10-24,P1801.DCE,P,5670.0,5706.0,5654.0,5688.0,5680.0,370464.0,415298.0,tushare_contract
P.DCE,2017-10-25,P1801.DCE,P,5672.0,5744.0,5652.0,5712.0,5692.0,450180.0,432776.0,tushare_contract
P.DCE,2017-10-26,P1801.DCE,P,5720.0,5724.0,5672.0,5688.0,5688.0,263684.0,419856.0,tushare_contract
P.DCE,2017-10-27,P1801.DCE,P,5688.0,5726.0,5666.0,5706.0,5696.0,316448.0,416080.0,tushare_contract
P.DCE,2017-10-30,P1801.DCE,P,5694.0,5778.0,5652.0,5746.0,5722.0,383624.0,412066.0,tushare_contract
P.DCE,2017-10-31,P1801.DCE,P,5740.0,5752.0,5702.0,5728.0,5726.0,243128.0,396408.0,tushare_contract
P.DCE,2017-11-01,P1801.DCE,P,5706.0,5738.0,5642.0,5654.0,5702.0,314428.0,398188.0,tushare_contract
P.DCE,2017-11-02,P1801.DCE,P,5678.0,5710.0,5662.0,5698.0,5688.0,260312.0,380022.0,tushare_contract
P.DCE,2017-11-03,P1801.DCE,P,5686.0,5686.0,5636.0,5654.0,5654.0,261120.0,370998.0,tushare_contract
P.DCE,2017-11-06,P1801.DCE,P,5646.0,5678.0,5582.0,5634.0,5626.0,321478.0,352614.0,tushare_contract
P.DCE,2017-11-07,P1801.DCE,P,5626.0,5680.0,5614.0,5658.0,5648.0,235846.0,333358.0,tushare_contract
P.DCE,2017-11-08,P1801.DCE,P,5644.0,5654.0,5592.0,5606.0,5624.0,252856.0,332730.0,tushare_contract
P.DCE,2017-11-09,P1801.DCE,P,5650.0,5720.0,5632.0,5710.0,5678.0,339328.0,312518.0,tushare_contract
P.DCE,2017-11-10,P1801.DCE,P,5688.0,5698.0,5598.0,5600.0,5646.0,275238.0,304628.0,tushare_contract
P.DCE,2017-11-13,P1801.DCE,P,5624.0,5644.0,5606.0,5630.0,5624.0,202922.0,301170.0,tushare_contract
P.DCE,2017-11-14,P1801.DCE,P,5604.0,5608.0,5528.0,5546.0,5556.0,279654.0,285518.0,tushare_contract
P.DCE,2017-11-15,P1801.DCE,P,5514.0,5538.0,5466.0,5478.0,5506.0,287180.0,281482.0,tushare_contract
P.DCE,2017-11-16,P1801.DCE,P,5484.0,5524.0,5438.0,5492.0,5486.0,219568.0,268052.0,tushare_contract
P.DCE,2017-11-17,P1801.DCE,P,5492.0,5510.0,5472.0,5478.0,5490.0,171232.0,260564.0,tushare_contract
P.DCE,2017-11-20,P1805.DCE,P,5570.0,5600.0,5506.0,5526.0,5540.0,125774.0,278000.0,tushare_contract
P.DCE,2017-11-21,P1805.DCE,P,5488.0,5528.0,5474.0,5478.0,5502.0,157924.0,302560.0,tushare_contract
P.DCE,2017-11-22,P1805.DCE,P,5500.0,5532.0,5484.0,5494.0,5508.0,183852.0,318500.0,tushare_contract
P.DCE,2017-11-23,P1805.DCE,P,5522.0,5530.0,5464.0,5496.0,5506.0,203140.0,315954.0,tushare_contract
P.DCE,2017-11-24,P1805.DCE,P,5476.0,5514.0,5466.0,5496.0,5496.0,190834.0,336102.0,tushare_contract
P.DCE,2017-11-27,P1805.DCE,P,5500.0,5514.0,5394.0,5402.0,5442.0,329704.0,372598.0,tushare_contract
P.DCE,2017-11-28,P1805.DCE,P,5418.0,5440.0,5404.0,5428.0,5422.0,199056.0,364372.0,tushare_contract
P.DCE,2017-11-29,P1805.DCE,P,5430.0,5446.0,5384.0,5412.0,5416.0,240964.0,371096.0,tushare_contract
P.DCE,2017-11-30,P1805.DCE,P,5400.0,5464.0,5378.0,5414.0,5420.0,311790.0,381600.0,tushare_contract
P.DCE,2017-12-01,P1805.DCE,P,5460.0,5468.0,5410.0,5456.0,5440.0,298244.0,388624.0,tushare_contract
P.DCE,2017-12-04,P1805.DCE,P,5456.0,5508.0,5436.0,5492.0,5472.0,328162.0,399198.0,tushare_contract
P.DCE,2017-12-05,P1805.DCE,P,5472.0,5486.0,5362.0,5386.0,5426.0,336392.0,427136.0,tushare_contract
P.DCE,2017-12-06,P1805.DCE,P,5392.0,5436.0,5380.0,5414.0,5404.0,281102.0,437198.0,tushare_contract
P.DCE,2017-12-07,P1805.DCE,P,5384.0,5388.0,5292.0,5316.0,5336.0,364918.0,456466.0,tushare_contract
P.DCE,2017-12-08,P1805.DCE,P,5294.0,5352.0,5294.0,5336.0,5328.0,242242.0,459296.0,tushare_contract
P.DCE,2017-12-11,P1805.DCE,P,5322.0,5358.0,5308.0,5324.0,5328.0,294486.0,473860.0,tushare_contract
P.DCE,2017-12-12,P1805.DCE,P,5310.0,5368.0,5302.0,5328.0,5338.0,353650.0,500218.0,tushare_contract
P.DCE,2017-12-13,P1805.DCE,P,5336.0,5340.0,5310.0,5324.0,5324.0,209012.0,487268.0,tushare_contract
P.DCE,2017-12-14,P1805.DCE,P,5318.0,5324.0,5208.0,5218.0,5262.0,417452.0,546528.0,tushare_contract
P.DCE,2017-12-15,P1805.DCE,P,5254.0,5256.0,5214.0,5246.0,5238.0,258884.0,546740.0,tushare_contract
P.DCE,2017-12-18,P1805.DCE,P,5288.0,5308.0,5266.0,5294.0,5286.0,289336.0,527540.0,tushare_contract
P.DCE,2017-12-19,P1805.DCE,P,5278.0,5290.0,5234.0,5254.0,5260.0,223624.0,528020.0,tushare_contract
P.DCE,2017-12-20,P1805.DCE,P,5262.0,5298.0,5254.0,5274.0,5274.0,230584.0,536560.0,tushare_contract
P.DCE,2017-12-21,P1805.DCE,P,5248.0,5268.0,5170.0,5180.0,5214.0,382560.0,561068.0,tushare_contract
P.DCE,2017-12-22,P1805.DCE,P,5166.0,5172.0,5106.0,5134.0,5132.0,344642.0,578972.0,tushare_contract
P.DCE,2017-12-25,P1805.DCE,P,5144.0,5186.0,5134.0,5176.0,5162.0,279434.0,554060.0,tushare_contract
P.DCE,2017-12-26,P1805.DCE,P,5160.0,5190.0,5156.0,5178.0,5174.0,161702.0,558922.0,tushare_contract
P.DCE,2017-12-27,P1805.DCE,P,5206.0,5250.0,5192.0,5232.0,5222.0,310280.0,544010.0,tushare_contract
P.DCE,2017-12-28,P1805.DCE,P,5248.0,5262.0,5218.0,5248.0,5242.0,260848.0,528058.0,tushare_contract
P.DCE,2017-12-29,P1805.DCE,P,5230.0,5254.0,5204.0,5226.0,5230.0,235898.0,511778.0,tushare_contract
P.DCE,2018-01-02,P1805.DCE,P,5242.0,5334.0,5242.0,5326.0,5296.0,275198.0,505862.0,tushare_contract
P.DCE,2018-01-03,P1805.DCE,P,5320.0,5338.0,5296.0,5320.0,5318.0,228352.0,476372.0,tushare_contract
P.DCE,2018-01-04,P1805.DCE,P,5366.0,5384.0,5342.0,5356.0,5362.0,319442.0,480464.0,tushare_contract
P.DCE,2018-01-05,P1805.DCE,P,5342.0,5392.0,5336.0,5362.0,5362.0,229936.0,472518.0,tushare_contract
P.DCE,2018-01-08,P1805.DCE,P,5348.0,5354.0,5294.0,5308.0,5322.0,221340.0,485334.0,tushare_contract
P.DCE,2018-01-09,P1805.DCE,P,5344.0,5368.0,5324.0,5366.0,5344.0,224360.0,493518.0,tushare_contract
P.DCE,2018-01-10,P1805.DCE,P,5342.0,5372.0,5314.0,5330.0,5340.0,297556.0,504534.0,tushare_contract
P.DCE,2018-01-11,P1805.DCE,P,5348.0,5354.0,5320.0,5328.0,5336.0,190874.0,488608.0,tushare_contract
P.DCE,2018-01-12,P1805.DCE,P,5306.0,5318.0,5250.0,5262.0,5280.0,297810.0,511500.0,tushare_contract
P.DCE,2018-01-15,P1805.DCE,P,5258.0,5298.0,5242.0,5258.0,5266.0,224522.0,504108.0,tushare_contract
P.DCE,2018-01-16,P1805.DCE,P,5274.0,5280.0,5192.0,5228.0,5236.0,324468.0,532030.0,tushare_contract
P.DCE,2018-01-17,P1805.DCE,P,5224.0,5240.0,5174.0,5182.0,5206.0,310328.0,526110.0,tushare_contract
P.DCE,2018-01-18,P1805.DCE,P,5180.0,5218.0,5170.0,5216.0,5190.0,293370.0,525784.0,tushare_contract
P.DCE,2018-01-19,P1805.DCE,P,5194.0,5200.0,5146.0,5150.0,5174.0,367196.0,526352.0,tushare_contract
P.DCE,2018-01-22,P1805.DCE,P,5150.0,5212.0,5148.0,5190.0,5176.0,286270.0,525800.0,tushare_contract
P.DCE,2018-01-23,P1805.DCE,P,5198.0,5216.0,5170.0,5202.0,5194.0,250918.0,522036.0,tushare_contract
P.DCE,2018-01-24,P1805.DCE,P,5220.0,5244.0,5214.0,5230.0,5228.0,261988.0,520062.0,tushare_contract
P.DCE,2018-01-25,P1805.DCE,P,5236.0,5256.0,5214.0,5226.0,5232.0,322576.0,538628.0,tushare_contract
P.DCE,2018-01-26,P1805.DCE,P,5206.0,5258.0,5202.0,5228.0,5228.0,329976.0,552074.0,tushare_contract
P.DCE,2018-01-29,P1805.DCE,P,5222.0,5264.0,5208.0,5256.0,5238.0,258684.0,533394.0,tushare_contract
P.DCE,2018-01-30,P1805.DCE,P,5260.0,5260.0,5174.0,5190.0,5214.0,335858.0,561626.0,tushare_contract
P.DCE,2018-01-31,P1805.DCE,P,5198.0,5208.0,5180.0,5192.0,5194.0,211850.0,544090.0,tushare_contract
P.DCE,2018-02-01,P1805.DCE,P,5184.0,5192.0,5108.0,5136.0,5136.0,339602.0,569176.0,tushare_contract
P.DCE,2018-02-02,P1805.DCE,P,5136.0,5154.0,5086.0,5090.0,5118.0,286782.0,568826.0,tushare_contract
P.DCE,2018-02-05,P1805.DCE,P,5082.0,5098.0,5050.0,5098.0,5078.0,267976.0,564048.0,tushare_contract
P.DCE,2018-02-06,P1805.DCE,P,5100.0,5138.0,5078.0,5106.0,5104.0,348014.0,550354.0,tushare_contract
P.DCE,2018-02-07,P1805.DCE,P,5092.0,5142.0,5086.0,5122.0,5118.0,226956.0,535630.0,tushare_contract
P.DCE,2018-02-08,P1805.DCE,P,5106.0,5146.0,5062.0,5130.0,5110.0,335890.0,549492.0,tushare_contract
P.DCE,2018-02-09,P1805.DCE,P,5136.0,5158.0,5116.0,5120.0,5136.0,259530.0,520740.0,tushare_contract
P.DCE,2018-02-12,P1805.DCE,P,5136.0,5198.0,5092.0,5192.0,5158.0,314710.0,501746.0,tushare_contract
P.DCE,2018-02-13,P1805.DCE,P,5190.0,5198.0,5160.0,5174.0,5176.0,185366.0,465320.0,tushare_contract
P.DCE,2018-02-14,P1805.DCE,P,5154.0,5184.0,5110.0,5140.0,5142.0,176746.0,467014.0,tushare_contract
P.DCE,2018-02-22,P1805.DCE,P,5162.0,5192.0,5132.0,5150.0,5158.0,166464.0,458104.0,tushare_contract
P.DCE,2018-02-23,P1805.DCE,P,5148.0,5260.0,5142.0,5256.0,5210.0,384666.0,477680.0,tushare_contract
P.DCE,2018-02-26,P1805.DCE,P,5256.0,5290.0,5226.0,5288.0,5264.0,286534.0,460252.0,tushare_contract
P.DCE,2018-02-27,P1805.DCE,P,5284.0,5300.0,5262.0,5296.0,5282.0,264736.0,443250.0,tushare_contract
P.DCE,2018-02-28,P1805.DCE,P,5278.0,5334.0,5264.0,5330.0,5292.0,267488.0,444268.0,tushare_contract
P.DCE,2018-03-01,P1805.DCE,P,5338.0,5350.0,5290.0,5340.0,5322.0,260870.0,427256.0,tushare_contract
P.DCE,2018-03-02,P1805.DCE,P,5318.0,5332.0,5250.0,5266.0,5290.0,637102.0,392882.0,tushare_contract
P.DCE,2018-03-05,P1805.DCE,P,5252.0,5280.0,5210.0,5254.0,5242.0,335362.0,374684.0,tushare_contract
P.DCE,2018-03-06,P1805.DCE,P,5248.0,5286.0,5242.0,5256.0,5264.0,292166.0,375954.0,tushare_contract
P.DCE,2018-03-07,P1805.DCE,P,5272.0,5290.0,5206.0,5212.0,5246.0,256592.0,370370.0,tushare_contract
P.DCE,2018-03-08,P1805.DCE,P,5190.0,5198.0,5130.0,5134.0,5158.0,369754.0,362204.0,tushare_contract
P.DCE,2018-03-09,P1805.DCE,P,5118.0,5156.0,5052.0,5064.0,5104.0,361918.0,341608.0,tushare_contract
P.DCE,2018-03-12,P1805.DCE,P,5070.0,5118.0,5064.0,5074.0,5088.0,283482.0,345194.0,tushare_contract
P.DCE,2018-03-13,P1805.DCE,P,5082.0,5128.0,5026.0,5112.0,5084.0,379246.0,333014.0,tushare_contract
P.DCE,2018-03-14,P1805.DCE,P,5120.0,5144.0,5104.0,5108.0,5120.0,203000.0,319076.0,tushare_contract
P.DCE,2018-03-15,P1805.DCE,P,5118.0,5126.0,5074.0,5110.0,5102.0,189276.0,321794.0,tushare_contract
P.DCE,2018-03-16,P1805.DCE,P,5118.0,5144.0,5098.0,5100.0,5122.0,231284.0,303642.0,tushare_contract
P.DCE,2018-03-19,P1805.DCE,P,5090.0,5116.0,5056.0,5108.0,5094.0,215062.0,302088.0,tushare_contract
P.DCE,2018-03-20,P1805.DCE,P,5102.0,5146.0,5054.0,5130.0,5092.0,344162.0,299704.0,tushare_contract
P.DCE,2018-03-21,P1809.DCE,P,5120.0,5144.0,5084.0,5090.0,5112.0,162990.0,351716.0,tushare_contract
P.DCE,2018-03-22,P1809.DCE,P,5110.0,5140.0,5102.0,5118.0,5122.0,160858.0,349856.0,tushare_contract
P.DCE,2018-03-23,P1809.DCE,P,5120.0,5138.0,5090.0,5112.0,5118.0,275752.0,343872.0,tushare_contract
P.DCE,2018-03-26,P1809.DCE,P,5106.0,5116.0,4980.0,5104.0,5068.0,438070.0,363452.0,tushare_contract
P.DCE,2018-03-27,P1809.DCE,P,5100.0,5122.0,5062.0,5076.0,5090.0,268910.0,386748.0,tushare_contract
P.DCE,2018-03-28,P1809.DCE,P,5086.0,5094.0,5054.0,5078.0,5078.0,206032.0,393680.0,tushare_contract
P.DCE,2018-03-29,P1809.DCE,P,5060.0,5068.0,4994.0,5010.0,5020.0,374822.0,461678.0,tushare_contract
P.DCE,2018-03-30,P1809.DCE,P,5004.0,5084.0,4974.0,5062.0,5044.0,343364.0,419670.0,tushare_contract
P.DCE,2018-04-02,P1809.DCE,P,5050.0,5130.0,5050.0,5130.0,5098.0,355524.0,394740.0,tushare_contract
P.DCE,2018-04-03,P1809.DCE,P,5128.0,5134.0,5092.0,5112.0,5110.0,238268.0,408078.0,tushare_contract
P.DCE,2018-04-04,P1809.DCE,P,5098.0,5148.0,5090.0,5144.0,5128.0,326924.0,377370.0,tushare_contract
P.DCE,2018-04-09,P1809.DCE,P,5280.0,5350.0,5162.0,5170.0,5222.0,361396.0,402718.0,tushare_contract
P.DCE,2018-04-10,P1809.DCE,P,5158.0,5190.0,5128.0,5142.0,5160.0,338638.0,407628.0,tushare_contract
P.DCE,2018-04-11,P1809.DCE,P,5126.0,5146.0,5104.0,5118.0,5126.0,299152.0,448060.0,tushare_contract
P.DCE,2018-04-12,P1809.DCE,P,5126.0,5130.0,5032.0,5036.0,5086.0,350300.0,461360.0,tushare_contract
P.DCE,2018-04-13,P1809.DCE,P,5058.0,5074.0,5042.0,5058.0,5056.0,222502.0,457358.0,tushare_contract
P.DCE,2018-04-16,P1809.DCE,P,5042.0,5060.0,5018.0,5024.0,5038.0,280208.0,485296.0,tushare_contract
P.DCE,2018-04-17,P1809.DCE,P,5004.0,5012.0,4954.0,4986.0,4982.0,421042.0,514416.0,tushare_contract
P.DCE,2018-04-18,P1809.DCE,P,5000.0,5012.0,4984.0,4998.0,4996.0,304048.0,521334.0,tushare_contract
P.DCE,2018-04-19,P1809.DCE,P,5018.0,5026.0,5002.0,5016.0,5012.0,271348.0,536610.0,tushare_contract
P.DCE,2018-04-20,P1809.DCE,P,5016.0,5040.0,4996.0,5010.0,5022.0,277682.0,542746.0,tushare_contract
P.DCE,2018-04-23,P1809.DCE,P,5020.0,5042.0,5008.0,5016.0,5022.0,262080.0,553946.0,tushare_contract
P.DCE,2018-04-24,P1809.DCE,P,5006.0,5008.0,4974.0,4980.0,4988.0,298266.0,578934.0,tushare_contract
P.DCE,2018-04-25,P1809.DCE,P,4980.0,5012.0,4968.0,4990.0,4988.0,256278.0,582006.0,tushare_contract
P.DCE,2018-04-26,P1809.DCE,P,4990.0,5002.0,4950.0,4984.0,4980.0,306838.0,553230.0,tushare_contract
P.DCE,2018-04-27,P1809.DCE,P,4986.0,4994.0,4968.0,4992.0,4984.0,216604.0,529108.0,tushare_contract
P.DCE,2018-05-02,P1809.DCE,P,4954.0,4994.0,4950.0,4986.0,4980.0,175734.0,532654.0,tushare_contract
P.DCE,2018-05-03,P1809.DCE,P,4976.0,5004.0,4972.0,4980.0,4986.0,234630.0,544750.0,tushare_contract
P.DCE,2018-05-04,P1809.DCE,P,4956.0,4958.0,4930.0,4950.0,4944.0,331586.0,582470.0,tushare_contract
P.DCE,2018-05-07,P1809.DCE,P,4950.0,4988.0,4946.0,4980.0,4968.0,229884.0,558438.0,tushare_contract
P.DCE,2018-05-08,P1809.DCE,P,4984.0,4998.0,4968.0,4986.0,4986.0,216040.0,552420.0,tushare_contract
P.DCE,2018-05-09,P1809.DCE,P,4986.0,5050.0,4984.0,5036.0,5016.0,352974.0,523450.0,tushare_contract
P.DCE,2018-05-10,P1809.DCE,P,5042.0,5106.0,5040.0,5086.0,5078.0,303430.0,510636.0,tushare_contract
P.DCE,2018-05-11,P1809.DCE,P,5090.0,5108.0,5070.0,5096.0,5092.0,239664.0,520016.0,tushare_contract
P.DCE,2018-05-14,P1809.DCE,P,5088.0,5120.0,5060.0,5070.0,5086.0,330134.0,540808.0,tushare_contract
P.DCE,2018-05-15,P1809.DCE,P,5076.0,5104.0,5066.0,5074.0,5084.0,258780.0,535784.0,tushare_contract
P.DCE,2018-05-16,P1809.DCE,P,5088.0,5092.0,5034.0,5066.0,5062.0,311032.0,517730.0,tushare_contract
P.DCE,2018-05-17,P1809.DCE,P,5060.0,5076.0,5026.0,5066.0,5054.0,236390.0,526674.0,tushare_contract
P.DCE,2018-05-18,P1809.DCE,P,5080.0,5182.0,5078.0,5128.0,5136.0,624102.0,549250.0,tushare_contract
P.DCE,2018-05-21,P1809.DCE,P,5128.0,5206.0,5118.0,5132.0,5162.0,561784.0,541008.0,tushare_contract
P.DCE,2018-05-22,P1809.DCE,P,5138.0,5184.0,5132.0,5162.0,5160.0,331100.0,555202.0,tushare_contract
P.DCE,2018-05-23,P1809.DCE,P,5190.0,5194.0,5132.0,5144.0,5158.0,288120.0,543428.0,tushare_contract
P.DCE,2018-05-24,P1809.DCE,P,5148.0,5196.0,5128.0,5178.0,5162.0,326200.0,549454.0,tushare_contract
P.DCE,2018-05-25,P1809.DCE,P,5190.0,5212.0,5116.0,5118.0,5164.0,338962.0,537342.0,tushare_contract
P.DCE,2018-05-28,P1809.DCE,P,5116.0,5124.0,5032.0,5034.0,5076.0,373280.0,547042.0,tushare_contract
P.DCE,2018-05-29,P1809.DCE,P,5042.0,5086.0,5042.0,5068.0,5060.0,280844.0,545764.0,tushare_contract
P.DCE,2018-05-30,P1809.DCE,P,5072.0,5164.0,5040.0,5088.0,5096.0,738812.0,542706.0,tushare_contract
P.DCE,2018-05-31,P1809.DCE,P,5100.0,5138.0,5078.0,5096.0,5108.0,384946.0,544912.0,tushare_contract
P.DCE,2018-06-01,P1809.DCE,P,5098.0,5112.0,5076.0,5098.0,5092.0,241826.0,545778.0,tushare_contract
P.DCE,2018-06-04,P1809.DCE,P,5094.0,5148.0,5094.0,5096.0,5122.0,331338.0,537812.0,tushare_contract
P.DCE,2018-06-05,P1809.DCE,P,5086.0,5092.0,4992.0,5044.0,5038.0,462098.0,503536.0,tushare_contract
P.DCE,2018-06-06,P1809.DCE,P,5034.0,5054.0,5020.0,5034.0,5034.0,182904.0,493000.0,tushare_contract
P.DCE,2018-06-07,P1809.DCE,P,5018.0,5044.0,5004.0,5024.0,5020.0,205782.0,508716.0,tushare_contract
P.DCE,2018-06-08,P1809.DCE,P,5020.0,5034.0,4972.0,4976.0,4998.0,289394.0,503934.0,tushare_contract
P.DCE,2018-06-11,P1809.DCE,P,4978.0,4998.0,4960.0,4964.0,4978.0,186830.0,508808.0,tushare_contract
P.DCE,2018-06-12,P1809.DCE,P,4964.0,4988.0,4918.0,4924.0,4956.0,275576.0,530040.0,tushare_contract
P.DCE,2018-06-13,P1809.DCE,P,4912.0,4918.0,4826.0,4854.0,4856.0,467876.0,522090.0,tushare_contract
P.DCE,2018-06-14,P1809.DCE,P,4858.0,4876.0,4844.0,4864.0,4860.0,202270.0,511040.0,tushare_contract
P.DCE,2018-06-15,P1809.DCE,P,4882.0,4894.0,4846.0,4850.0,4872.0,190604.0,506812.0,tushare_contract
P.DCE,2018-06-19,P1809.DCE,P,4856.0,4916.0,4630.0,4630.0,4714.0,732078.0,475072.0,tushare_contract
P.DCE,2018-06-20,P1809.DCE,P,4630.0,4674.0,4584.0,4660.0,4628.0,423982.0,438318.0,tushare_contract
P.DCE,2018-06-21,P1809.DCE,P,4668.0,4716.0,4664.0,4696.0,4690.0,292576.0,421566.0,tushare_contract
P.DCE,2018-06-22,P1809.DCE,P,4708.0,4732.0,4676.0,4718.0,4702.0,182144.0,405070.0,tushare_contract
P.DCE,2018-06-25,P1809.DCE,P,4724.0,4766.0,4706.0,4728.0,4732.0,197760.0,395412.0,tushare_contract
P.DCE,2018-06-26,P1809.DCE,P,4740.0,4770.0,4680.0,4758.0,4732.0,254062.0,399216.0,tushare_contract
P.DCE,2018-06-27,P1809.DCE,P,4742.0,4794.0,4742.0,4782.0,4768.0,197300.0,389320.0,tushare_contract
P.DCE,2018-06-28,P1809.DCE,P,4802.0,4838.0,4766.0,4816.0,4802.0,210100.0,382480.0,tushare_contract
P.DCE,2018-06-29,P1809.DCE,P,4828.0,4882.0,4820.0,4856.0,4856.0,273080.0,392440.0,tushare_contract
P.DCE,2018-07-02,P1809.DCE,P,4856.0,4892.0,4828.0,4872.0,4856.0,272314.0,378084.0,tushare_contract
P.DCE,2018-07-03,P1809.DCE,P,4870.0,4898.0,4834.0,4864.0,4864.0,236734.0,370516.0,tushare_contract
P.DCE,2018-07-04,P1809.DCE,P,4860.0,4864.0,4810.0,4812.0,4838.0,246750.0,360530.0,tushare_contract
P.DCE,2018-07-05,P1809.DCE,P,4812.0,4848.0,4784.0,4822.0,4820.0,170674.0,351712.0,tushare_contract
P.DCE,2018-07-06,P1809.DCE,P,4804.0,4856.0,4770.0,4822.0,4816.0,269362.0,334136.0,tushare_contract
P.DCE,2018-07-09,P1809.DCE,P,4804.0,4842.0,4782.0,4784.0,4808.0,200312.0,333708.0,tushare_contract
P.DCE,2018-07-10,P1809.DCE,P,4782.0,4796.0,4682.0,4694.0,4732.0,338374.0,346928.0,tushare_contract
P.DCE,2018-07-11,P1809.DCE,P,4704.0,4724.0,4642.0,4654.0,4680.0,274970.0,355744.0,tushare_contract
P.DCE,2018-07-12,P1809.DCE,P,4640.0,4666.0,4606.0,4646.0,4634.0,257368.0,359968.0,tushare_contract
P.DCE,2018-07-13,P1809.DCE,P,4630.0,4646.0,4598.0,4600.0,4616.0,228438.0,352240.0,tushare_contract
P.DCE,2018-07-16,P1809.DCE,P,4570.0,4658.0,4554.0,4646.0,4606.0,299050.0,324152.0,tushare_contract
P.DCE,2018-07-17,P1809.DCE,P,4632.0,4666.0,4622.0,4638.0,4646.0,191578.0,319948.0,tushare_contract
P.DCE,2018-07-18,P1809.DCE,P,4630.0,4676.0,4628.0,4654.0,4656.0,165992.0,304160.0,tushare_contract
P.DCE,2018-07-19,P1809.DCE,P,4674.0,4694.0,4652.0,4674.0,4674.0,155370.0,289934.0,tushare_contract
P.DCE,2018-07-20,P1901.DCE,P,4774.0,4788.0,4734.0,4736.0,4760.0,106048.0,329360.0,tushare_contract
P.DCE,2018-07-23,P1901.DCE,P,4748.0,4802.0,4738.0,4760.0,4772.0,119758.0,326142.0,tushare_contract
P.DCE,2018-07-24,P1901.DCE,P,4750.0,4780.0,4734.0,4780.0,4758.0,94522.0,331652.0,tushare_contract
P.DCE,2018-07-25,P1901.DCE,P,4770.0,4786.0,4764.0,4772.0,4774.0,94934.0,334466.0,tushare_contract
P.DCE,2018-07-26,P1901.DCE,P,4774.0,4810.0,4766.0,4802.0,4792.0,167750.0,348852.0,tushare_contract
P.DCE,2018-07-27,P1901.DCE,P,4810.0,4850.0,4792.0,4850.0,4822.0,210034.0,369424.0,tushare_contract
P.DCE,2018-07-30,P1901.DCE,P,4832.0,4866.0,4830.0,4852.0,4846.0,161260.0,376722.0,tushare_contract
P.DCE,2018-07-31,P1901.DCE,P,4850.0,4868.0,4818.0,4842.0,4846.0,238716.0,397238.0,tushare_contract
P.DCE,2018-08-01,P1901.DCE,P,4850.0,4884.0,4840.0,4868.0,4860.0,282180.0,397996.0,tushare_contract
P.DCE,2018-08-02,P1901.DCE,P,4888.0,4938.0,4874.0,4908.0,4914.0,332566.0,425228.0,tushare_contract
P.DCE,2018-08-03,P1901.DCE,P,4888.0,4918.0,4852.0,4870.0,4884.0,247720.0,422756.0,tushare_contract
P.DCE,2018-08-06,P1901.DCE,P,4876.0,4918.0,4856.0,4894.0,4896.0,233342.0,434620.0,tushare_contract
P.DCE,2018-08-07,P1901.DCE,P,4894.0,4920.0,4878.0,4912.0,4898.0,238408.0,441490.0,tushare_contract
P.DCE,2018-08-08,P1901.DCE,P,4926.0,4942.0,4906.0,4928.0,4922.0,256516.0,438100.0,tushare_contract
P.DCE,2018-08-09,P1901.DCE,P,4940.0,4970.0,4924.0,4948.0,4946.0,223022.0,428986.0,tushare_contract
P.DCE,2018-08-10,P1901.DCE,P,4950.0,4992.0,4924.0,4970.0,4956.0,246514.0,443344.0,tushare_contract
P.DCE,2018-08-13,P1901.DCE,P,4968.0,4978.0,4850.0,4922.0,4916.0,277478.0,434024.0,tushare_contract
P.DCE,2018-08-14,P1901.DCE,P,4908.0,4932.0,4886.0,4890.0,4912.0,227990.0,416256.0,tushare_contract
P.DCE,2018-08-15,P1901.DCE,P,4900.0,4932.0,4888.0,4900.0,4910.0,212646.0,429104.0,tushare_contract
P.DCE,2018-08-16,P1901.DCE,P,4884.0,4898.0,4800.0,4868.0,4862.0,341528.0,424466.0,tushare_contract
P.DCE,2018-08-17,P1901.DCE,P,4890.0,4954.0,4862.0,4922.0,4912.0,353578.0,431296.0,tushare_contract
P.DCE,2018-08-20,P1901.DCE,P,4928.0,5006.0,4908.0,4944.0,4946.0,350294.0,449410.0,tushare_contract
P.DCE,2018-08-21,P1901.DCE,P,4948.0,4956.0,4906.0,4948.0,4932.0,236304.0,449986.0,tushare_contract
P.DCE,2018-08-22,P1901.DCE,P,4940.0,4984.0,4934.0,4954.0,4960.0,333704.0,453058.0,tushare_contract
P.DCE,2018-08-23,P1901.DCE,P,4958.0,4986.0,4922.0,4932.0,4946.0,338656.0,458864.0,tushare_contract
P.DCE,2018-08-24,P1901.DCE,P,4926.0,4962.0,4904.0,4918.0,4930.0,362600.0,462202.0,tushare_contract
P.DCE,2018-08-27,P1901.DCE,P,4920.0,4924.0,4832.0,4840.0,4876.0,386942.0,466664.0,tushare_contract
P.DCE,2018-08-28,P1901.DCE,P,4846.0,4900.0,4844.0,4900.0,4876.0,261524.0,454898.0,tushare_contract
P.DCE,2018-08-29,P1901.DCE,P,4906.0,4910.0,4852.0,4858.0,4876.0,286244.0,454514.0,tushare_contract
P.DCE,2018-08-30,P1901.DCE,P,4876.0,4894.0,4842.0,4892.0,4870.0,284878.0,455284.0,tushare_contract
P.DCE,2018-08-31,P1901.DCE,P,4898.0,4922.0,4866.0,4868.0,4894.0,298558.0,454688.0,tushare_contract
P.DCE,2018-09-03,P1901.DCE,P,4868.0,4894.0,4822.0,4894.0,4860.0,375922.0,453520.0,tushare_contract
P.DCE,2018-09-04,P1901.DCE,P,4900.0,4962.0,4894.0,4950.0,4934.0,478026.0,477244.0,tushare_contract
P.DCE,2018-09-05,P1901.DCE,P,4960.0,4968.0,4930.0,4936.0,4948.0,293144.0,468510.0,tushare_contract
P.DCE,2018-09-06,P1901.DCE,P,4938.0,4950.0,4922.0,4946.0,4936.0,250174.0,466946.0,tushare_contract
P.DCE,2018-09-07,P1901.DCE,P,4946.0,4972.0,4872.0,4900.0,4910.0,462816.0,470016.0,tushare_contract
P.DCE,2018-09-10,P1901.DCE,P,4896.0,4938.0,4868.0,4928.0,4900.0,465652.0,500130.0,tushare_contract
P.DCE,2018-09-11,P1901.DCE,P,4928.0,4944.0,4896.0,4922.0,4918.0,286220.0,499418.0,tushare_contract
P.DCE,2018-09-12,P1901.DCE,P,4922.0,4936.0,4876.0,4882.0,4906.0,427224.0,514720.0,tushare_contract
P.DCE,2018-09-13,P1901.DCE,P,4872.0,4938.0,4850.0,4872.0,4892.0,404134.0,502050.0,tushare_contract
P.DCE,2018-09-14,P1901.DCE,P,4872.0,4890.0,4832.0,4858.0,4864.0,299384.0,526808.0,tushare_contract
P.DCE,2018-09-17,P1901.DCE,P,4850.0,4886.0,4836.0,4852.0,4852.0,249852.0,523690.0,tushare_contract
P.DCE,2018-09-18,P1901.DCE,P,4852.0,4864.0,4772.0,4776.0,4814.0,481982.0,579734.0,tushare_contract
P.DCE,2018-09-19,P1901.DCE,P,4766.0,4792.0,4724.0,4732.0,4756.0,339758.0,578034.0,tushare_contract
P.DCE,2018-09-20,P1901.DCE,P,4724.0,4732.0,4670.0,4684.0,4704.0,401238.0,626136.0,tushare_contract
P.DCE,2018-09-21,P1901.DCE,P,4688.0,4702.0,4644.0,4652.0,4670.0,422954.0,635366.0,tushare_contract
P.DCE,2018-09-25,P1901.DCE,P,4694.0,4708.0,4678.0,4690.0,4692.0,267292.0,623570.0,tushare_contract
P.DCE,2018-09-26,P1901.DCE,P,4706.0,4744.0,4700.0,4736.0,4722.0,332528.0,599258.0,tushare_contract
P.DCE,2018-09-27,P1901.DCE,P,4732.0,4746.0,4692.0,4732.0,4718.0,270664.0,588056.0,tushare_contract
P.DCE,2018-09-28,P1901.DCE,P,4702.0,4732.0,4670.0,4698.0,4700.0,283580.0,574668.0,tushare_contract
P.DCE,2018-10-08,P1901.DCE,P,4750.0,4768.0,4732.0,4750.0,4744.0,213796.0,564354.0,tushare_contract
P.DCE,2018-10-09,P1901.DCE,P,4742.0,4818.0,4738.0,4806.0,4784.0,415324.0,548982.0,tushare_contract
P.DCE,2018-10-10,P1901.DCE,P,4808.0,4818.0,4778.0,4806.0,4800.0,319952.0,554824.0,tushare_contract
P.DCE,2018-10-11,P1901.DCE,P,4798.0,4800.0,4682.0,4718.0,4742.0,342478.0,558868.0,tushare_contract
P.DCE,2018-10-12,P1901.DCE,P,4720.0,4800.0,4720.0,4798.0,4764.0,332286.0,523828.0,tushare_contract
P.DCE,2018-10-15,P1901.DCE,P,4802.0,4838.0,4794.0,4808.0,4816.0,281474.0,496256.0,tushare_contract
P.DCE,2018-10-16,P1901.DCE,P,4806.0,4826.0,4776.0,4786.0,4796.0,280330.0,486028.0,tushare_contract
P.DCE,2018-10-17,P1901.DCE,P,4784.0,4820.0,4780.0,4808.0,4802.0,244060.0,474726.0,tushare_contract
P.DCE,2018-10-18,P1901.DCE,P,4810.0,4824.0,4720.0,4728.0,4768.0,318872.0,472456.0,tushare_contract
P.DCE,2018-10-19,P1901.DCE,P,4728.0,4754.0,4718.0,4736.0,4740.0,176350.0,459352.0,tushare_contract
P.DCE,2018-10-22,P1901.DCE,P,4748.0,4776.0,4734.0,4774.0,4756.0,191784.0,442512.0,tushare_contract
P.DCE,2018-10-23,P1901.DCE,P,4768.0,4802.0,4758.0,4766.0,4778.0,218320.0,443914.0,tushare_contract
P.DCE,2018-10-24,P1901.DCE,P,4752.0,4762.0,4686.0,4704.0,4724.0,304326.0,450988.0,tushare_contract
P.DCE,2018-10-25,P1901.DCE,P,4704.0,4724.0,4646.0,4664.0,4676.0,317012.0,464344.0,tushare_contract
P.DCE,2018-10-26,P1901.DCE,P,4668.0,4698.0,4658.0,4662.0,4674.0,225482.0,465234.0,tushare_contract
P.DCE,2018-10-29,P1901.DCE,P,4640.0,4686.0,4624.0,4672.0,4660.0,303160.0,459280.0,tushare_contract
P.DCE,2018-10-30,P1901.DCE,P,4680.0,4704.0,4608.0,4634.0,4658.0,319214.0,452808.0,tushare_contract
P.DCE,2018-10-31,P1901.DCE,P,4634.0,4652.0,4610.0,4650.0,4634.0,203392.0,437460.0,tushare_contract
P.DCE,2018-11-01,P1901.DCE,P,4640.0,4658.0,4610.0,4618.0,4636.0,256544.0,432134.0,tushare_contract
P.DCE,2018-11-02,P1901.DCE,P,4636.0,4644.0,4462.0,4532.0,4558.0,582938.0,428844.0,tushare_contract
P.DCE,2018-11-05,P1901.DCE,P,4552.0,4588.0,4546.0,4556.0,4566.0,255966.0,402976.0,tushare_contract
P.DCE,2018-11-06,P1901.DCE,P,4550.0,4564.0,4526.0,4530.0,4544.0,193084.0,406512.0,tushare_contract
P.DCE,2018-11-07,P1901.DCE,P,4528.0,4546.0,4484.0,4508.0,4512.0,245612.0,412254.0,tushare_contract
P.DCE,2018-11-08,P1901.DCE,P,4512.0,4528.0,4438.0,4470.0,4486.0,295022.0,411878.0,tushare_contract
P.DCE,2018-11-09,P1901.DCE,P,4468.0,4472.0,4390.0,4412.0,4426.0,338748.0,419238.0,tushare_contract
P.DCE,2018-11-12,P1901.DCE,P,4390.0,4408.0,4314.0,4384.0,4362.0,455800.0,420380.0,tushare_contract
P.DCE,2018-11-13,P1901.DCE,P,4380.0,4394.0,4328.0,4368.0,4366.0,222402.0,411976.0,tushare_contract
P.DCE,2018-11-14,P1901.DCE,P,4350.0,4368.0,4244.0,4272.0,4288.0,483190.0,398712.0,tushare_contract
P.DCE,2018-11-15,P1901.DCE,P,4280.0,4296.0,4262.0,4286.0,4280.0,233172.0,393316.0,tushare_contract
P.DCE,2018-11-16,P1901.DCE,P,4288.0,4328.0,4264.0,4296.0,4294.0,295282.0,388562.0,tushare_contract
P.DCE,2018-11-19,P1901.DCE,P,4236.0,4264.0,4198.0,4236.0,4224.0,438468.0,394436.0,tushare_contract
P.DCE,2018-11-20,P1901.DCE,P,4224.0,4240.0,4180.0,4196.0,4214.0,301446.0,390790.0,tushare_contract
P.DCE,2018-11-21,P1901.DCE,P,4210.0,4220.0,4126.0,4164.0,4174.0,404382.0,391138.0,tushare_contract
P.DCE,2018-11-22,P1901.DCE,P,4202.0,4202.0,4166.0,4182.0,4178.0,215714.0,378978.0,tushare_contract
P.DCE,2018-11-23,P1901.DCE,P,4210.0,4244.0,4206.0,4218.0,4222.0,275738.0,354332.0,tushare_contract
P.DCE,2018-11-26,P1901.DCE,P,4220.0,4230.0,4172.0,4206.0,4200.0,295914.0,345148.0,tushare_contract
P.DCE,2018-11-27,P1901.DCE,P,4150.0,4158.0,4100.0,4128.0,4128.0,442538.0,324880.0,tushare_contract
P.DCE,2018-11-28,P1901.DCE,P,4140.0,4170.0,4134.0,4168.0,4146.0,177656.0,315750.0,tushare_contract
P.DCE,2018-11-29,P1901.DCE,P,4180.0,4242.0,4180.0,4212.0,4214.0,253846.0,300238.0,tushare_contract
P.DCE,2018-11-30,P1901.DCE,P,4216.0,4244.0,4212.0,4230.0,4226.0,146390.0,289134.0,tushare_contract
P.DCE,2018-12-03,P1905.DCE,P,4528.0,4586.0,4500.0,4514.0,4538.0,187390.0,317646.0,tushare_contract
P.DCE,2018-12-04,P1905.DCE,P,4500.0,4544.0,4484.0,4514.0,4510.0,197300.0,322892.0,tushare_contract
P.DCE,2018-12-05,P1905.DCE,P,4526.0,4538.0,4498.0,4512.0,4516.0,262176.0,352056.0,tushare_contract
P.DCE,2018-12-06,P1905.DCE,P,4512.0,4556.0,4492.0,4534.0,4520.0,399324.0,367456.0,tushare_contract
P.DCE,2018-12-07,P1905.DCE,P,4530.0,4538.0,4466.0,4486.0,4506.0,308450.0,384200.0,tushare_contract
P.DCE,2018-12-10,P1905.DCE,P,4492.0,4538.0,4482.0,4524.0,4512.0,310392.0,402188.0,tushare_contract
P.DCE,2018-12-11,P1905.DCE,P,4556.0,4564.0,4470.0,4496.0,4514.0,454072.0,409850.0,tushare_contract
P.DCE,2018-12-12,P1905.DCE,P,4510.0,4512.0,4484.0,4496.0,4500.0,231722.0,413278.0,tushare_contract
P.DCE,2018-12-13,P1905.DCE,P,4502.0,4534.0,4478.0,4504.0,4506.0,314512.0,431598.0,tushare_contract
P.DCE,2018-12-14,P1905.DCE,P,4492.0,4520.0,4474.0,4504.0,4494.0,381846.0,423710.0,tushare_contract
P.DCE,2018-12-17,P1905.DCE,P,4510.0,4522.0,4462.0,4488.0,4492.0,319542.0,428694.0,tushare_contract
P.DCE,2018-12-18,P1905.DCE,P,4498.0,4536.0,4482.0,4532.0,4508.0,330628.0,445704.0,tushare_contract
P.DCE,2018-12-19,P1905.DCE,P,4558.0,4596.0,4538.0,4592.0,4566.0,463726.0,454604.0,tushare_contract
P.DCE,2018-12-20,P1905.DCE,P,4608.0,4646.0,4590.0,4596.0,4614.0,520408.0,454420.0,tushare_contract
P.DCE,2018-12-21,P1905.DCE,P,4608.0,4626.0,4580.0,4600.0,4602.0,301616.0,443094.0,tushare_contract
P.DCE,2018-12-24,P1905.DCE,P,4590.0,4606.0,4536.0,4556.0,4562.0,371712.0,438092.0,tushare_contract
P.DCE,2018-12-25,P1905.DCE,P,4536.0,4548.0,4460.0,4480.0,4504.0,388620.0,425998.0,tushare_contract
P.DCE,2018-12-26,P1905.DCE,P,4480.0,4508.0,4476.0,4498.0,4490.0,183424.0,427954.0,tushare_contract
P.DCE,2018-12-27,P1905.DCE,P,4490.0,4526.0,4486.0,4504.0,4502.0,285740.0,427272.0,tushare_contract
P.DCE,2018-12-28,P1905.DCE,P,4502.0,4504.0,4472.0,4482.0,4486.0,247222.0,420316.0,tushare_contract
P.DCE,2019-01-02,P1905.DCE,P,4494.0,4598.0,4492.0,4598.0,4558.0,296370.0,427318.0,tushare_contract
P.DCE,2019-01-03,P1905.DCE,P,4606.0,4632.0,4578.0,4630.0,4608.0,353742.0,425182.0,tushare_contract
P.DCE,2019-01-04,P1905.DCE,P,4610.0,4636.0,4598.0,4634.0,4618.0,318092.0,414410.0,tushare_contract
P.DCE,2019-01-07,P1905.DCE,P,4650.0,4666.0,4606.0,4634.0,4630.0,286500.0,430072.0,tushare_contract
P.DCE,2019-01-08,P1905.DCE,P,4626.0,4686.0,4610.0,4666.0,4652.0,529304.0,457866.0,tushare_contract
P.DCE,2019-01-09,P1905.DCE,P,4654.0,4690.0,4646.0,4680.0,4666.0,325752.0,458802.0,tushare_contract
P.DCE,2019-01-10,P1905.DCE,P,4680.0,4702.0,4630.0,4630.0,4666.0,505224.0,446414.0,tushare_contract
P.DCE,2019-01-11,P1905.DCE,P,4636.0,4648.0,4610.0,4634.0,4628.0,339620.0,448296.0,tushare_contract
P.DCE,2019-01-14,P1905.DCE,P,4628.0,4666.0,4592.0,4642.0,4624.0,637840.0,450410.0,tushare_contract
P.DCE,2019-01-15,P1905.DCE,P,4612.0,4630.0,4594.0,4618.0,4610.0,274100.0,441998.0,tushare_contract
P.DCE,2019-01-16,P1905.DCE,P,4612.0,4630.0,4602.0,4616.0,4616.0,299452.0,445890.0,tushare_contract
P.DCE,2019-01-17,P1905.DCE,P,4612.0,4612.0,4568.0,4578.0,4586.0,365242.0,427970.0,tushare_contract
P.DCE,2019-01-18,P1905.DCE,P,4596.0,4680.0,4592.0,4678.0,4644.0,419926.0,426190.0,tushare_contract
P.DCE,2019-01-21,P1905.DCE,P,4688.0,4766.0,4668.0,4752.0,4718.0,511766.0,423456.0,tushare_contract
P.DCE,2019-01-22,P1905.DCE,P,4752.0,4762.0,4712.0,4726.0,4736.0,428054.0,400724.0,tushare_contract
P.DCE,2019-01-23,P1905.DCE,P,4740.0,4784.0,4726.0,4748.0,4754.0,412114.0,422376.0,tushare_contract
P.DCE,2019-01-24,P1905.DCE,P,4768.0,4788.0,4752.0,4780.0,4770.0,390220.0,469986.0,tushare_contract
P.DCE,2019-01-25,P1905.DCE,P,4786.0,4786.0,4754.0,4778.0,4774.0,333684.0,470104.0,tushare_contract
P.DCE,2019-01-28,P1905.DCE,P,4770.0,4860.0,4768.0,4844.0,4812.0,472888.0,521628.0,tushare_contract
P.DCE,2019-01-29,P1905.DCE,P,4846.0,4854.0,4808.0,4822.0,4826.0,322860.0,503640.0,tushare_contract
P.DCE,2019-01-30,P1905.DCE,P,4812.0,4816.0,4760.0,4802.0,4786.0,454642.0,496488.0,tushare_contract
P.DCE,2019-01-31,P1905.DCE,P,4808.0,4812.0,4768.0,4778.0,4784.0,261056.0,470878.0,tushare_contract
P.DCE,2019-02-01,P1905.DCE,P,4780.0,4788.0,4754.0,4780.0,4772.0,239856.0,436102.0,tushare_contract
P.DCE,2019-02-11,P1905.DCE,P,4802.0,4828.0,4762.0,4772.0,4784.0,215478.0,441196.0,tushare_contract
P.DCE,2019-02-12,P1905.DCE,P,4762.0,4780.0,4716.0,4764.0,4758.0,282300.0,445326.0,tushare_contract
P.DCE,2019-02-13,P1905.DCE,P,4766.0,4784.0,4760.0,4778.0,4774.0,260542.0,449590.0,tushare_contract
P.DCE,2019-02-14,P1905.DCE,P,4762.0,4780.0,4754.0,4778.0,4772.0,333076.0,465810.0,tushare_contract
P.DCE,2019-02-15,P1905.DCE,P,4780.0,4788.0,4746.0,4768.0,4766.0,298896.0,443196.0,tushare_contract
P.DCE,2019-02-18,P1905.DCE,P,4762.0,4818.0,4762.0,4780.0,4780.0,318232.0,479962.0,tushare_contract
P.DCE,2019-02-19,P1905.DCE,P,4778.0,4852.0,4772.0,4836.0,4820.0,427362.0,483098.0,tushare_contract
P.DCE,2019-02-20,P1905.DCE,P,4796.0,4800.0,4734.0,4738.0,4768.0,509066.0,449762.0,tushare_contract
P.DCE,2019-02-21,P1905.DCE,P,4726.0,4732.0,4688.0,4708.0,4708.0,366372.0,463628.0,tushare_contract
P.DCE,2019-02-22,P1905.DCE,P,4732.0,4754.0,4698.0,4712.0,4726.0,311030.0,454276.0,tushare_contract
P.DCE,2019-02-25,P1905.DCE,P,4712.0,4732.0,4662.0,4668.0,4702.0,391428.0,463948.0,tushare_contract
P.DCE,2019-02-26,P1905.DCE,P,4650.0,4670.0,4560.0,4570.0,4616.0,538378.0,492248.0,tushare_contract
P.DCE,2019-02-27,P1905.DCE,P,4576.0,4604.0,4558.0,4562.0,4582.0,292910.0,487334.0,tushare_contract
P.DCE,2019-02-28,P1905.DCE,P,4536.0,4570.0,4522.0,4560.0,4552.0,311586.0,483488.0,tushare_contract
P.DCE,2019-03-01,P1905.DCE,P,4546.0,4634.0,4534.0,4620.0,4588.0,691702.0,491238.0,tushare_contract
P.DCE,2019-03-04,P1905.DCE,P,4648.0,4714.0,4588.0,4662.0,4656.0,624190.0,500646.0,tushare_contract
P.DCE,2019-03-05,P1905.DCE,P,4648.0,4654.0,4620.0,4634.0,4636.0,360420.0,512960.0,tushare_contract
P.DCE,2019-03-06,P1905.DCE,P,4634.0,4682.0,4602.0,4618.0,4646.0,587424.0,520818.0,tushare_contract
P.DCE,2019-03-07,P1905.DCE,P,4628.0,4634.0,4570.0,4582.0,4606.0,413006.0,522200.0,tushare_contract
P.DCE,2019-03-08,P1905.DCE,P,4580.0,4616.0,4570.0,4590.0,4596.0,400320.0,514396.0,tushare_contract
P.DCE,2019-03-11,P1905.DCE,P,4582.0,4632.0,4574.0,4584.0,4600.0,410032.0,530228.0,tushare_contract
P.DCE,2019-03-12,P1905.DCE,P,4580.0,4616.0,4556.0,4586.0,4590.0,462648.0,538300.0,tushare_contract
P.DCE,2019-03-13,P1905.DCE,P,4586.0,4610.0,4510.0,4512.0,4566.0,470574.0,583438.0,tushare_contract
P.DCE,2019-03-14,P1905.DCE,P,4514.0,4524.0,4464.0,4474.0,4498.0,530220.0,600224.0,tushare_contract
P.DCE,2019-03-15,P1905.DCE,P,4474.0,4480.0,4426.0,4448.0,4450.0,498782.0,611378.0,tushare_contract
P.DCE,2019-03-18,P1905.DCE,P,4454.0,4480.0,4442.0,4462.0,4460.0,360176.0,588148.0,tushare_contract
P.DCE,2019-03-19,P1905.DCE,P,4462.0,4466.0,4432.0,4438.0,4444.0,368062.0,615926.0,tushare_contract
P.DCE,2019-03-20,P1905.DCE,P,4456.0,4486.0,4446.0,4486.0,4466.0,418932.0,584224.0,tushare_contract
P.DCE,2019-03-21,P1905.DCE,P,4494.0,4502.0,4470.0,4492.0,4488.0,294702.0,571920.0,tushare_contract
P.DCE,2019-03-22,P1905.DCE,P,4492.0,4496.0,4464.0,4466.0,4474.0,309314.0,553288.0,tushare_contract
P.DCE,2019-03-25,P1905.DCE,P,4456.0,4474.0,4408.0,4426.0,4438.0,383108.0,550520.0,tushare_contract
P.DCE,2019-03-26,P1905.DCE,P,4434.0,4462.0,4422.0,4432.0,4440.0,305080.0,521252.0,tushare_contract
P.DCE,2019-03-27,P1905.DCE,P,4434.0,4458.0,4404.0,4438.0,4432.0,402650.0,519962.0,tushare_contract
P.DCE,2019-03-28,P1905.DCE,P,4444.0,4448.0,4364.0,4378.0,4402.0,452446.0,524328.0,tushare_contract
P.DCE,2019-03-29,P1905.DCE,P,4226.0,4404.0,4226.0,4322.0,4334.0,550370.0,495254.0,tushare_contract
P.DCE,2019-04-01,P1905.DCE,P,4334.0,4354.0,4324.0,4346.0,4338.0,262166.0,467566.0,tushare_contract
P.DCE,2019-04-02,P1905.DCE,P,4346.0,4390.0,4330.0,4386.0,4360.0,283470.0,433280.0,tushare_contract
P.DCE,2019-04-03,P1905.DCE,P,4394.0,4462.0,4388.0,4422.0,4428.0,375602.0,376176.0,tushare_contract
P.DCE,2019-04-04,P1905.DCE,P,4426.0,4460.0,4408.0,4456.0,4432.0,224308.0,347824.0,tushare_contract
P.DCE,2019-04-08,P1905.DCE,P,4478.0,4516.0,4446.0,4452.0,4476.0,172856.0,328852.0,tushare_contract
P.DCE,2019-04-09,P1905.DCE,P,4452.0,4526.0,4440.0,4520.0,4482.0,260584.0,297654.0,tushare_contract
P.DCE,2019-04-10,P1909.DCE,P,4740.0,4750.0,4686.0,4692.0,4720.0,318710.0,375296.0,tushare_contract
P.DCE,2019-04-11,P1909.DCE,P,4682.0,4696.0,4654.0,4672.0,4676.0,315070.0,418546.0,tushare_contract
P.DCE,2019-04-12,P1909.DCE,P,4656.0,4704.0,4656.0,4702.0,4680.0,404758.0,428940.0,tushare_contract
P.DCE,2019-04-15,P1909.DCE,P,4706.0,4708.0,4662.0,4668.0,4684.0,348074.0,447644.0,tushare_contract
P.DCE,2019-04-16,P1909.DCE,P,4656.0,4672.0,4616.0,4644.0,4644.0,359500.0,460916.0,tushare_contract
P.DCE,2019-04-17,P1909.DCE,P,4650.0,4680.0,4642.0,4670.0,4660.0,347898.0,478624.0,tushare_contract
P.DCE,2019-04-18,P1909.DCE,P,4666.0,4688.0,4588.0,4590.0,4640.0,499518.0,504108.0,tushare_contract
P.DCE,2019-04-19,P1909.DCE,P,4604.0,4638.0,4598.0,4616.0,4616.0,324888.0,502756.0,tushare_contract
P.DCE,2019-04-22,P1909.DCE,P,4620.0,4660.0,4614.0,4616.0,4636.0,358450.0,493030.0,tushare_contract
P.DCE,2019-04-23,P1909.DCE,P,4608.0,4634.0,4586.0,4604.0,4608.0,342002.0,503626.0,tushare_contract
P.DCE,2019-04-24,P1909.DCE,P,4612.0,4614.0,4546.0,4570.0,4572.0,393900.0,514204.0,tushare_contract
P.DCE,2019-04-25,P1909.DCE,P,4584.0,4592.0,4564.0,4578.0,4578.0,322678.0,502228.0,tushare_contract
P.DCE,2019-04-26,P1909.DCE,P,4570.0,4586.0,4482.0,4504.0,4526.0,538282.0,526076.0,tushare_contract
P.DCE,2019-04-29,P1909.DCE,P,4504.0,4520.0,4492.0,4500.0,4502.0,317762.0,523940.0,tushare_contract
P.DCE,2019-04-30,P1909.DCE,P,4500.0,4510.0,4472.0,4496.0,4496.0,277368.0,515764.0,tushare_contract
P.DCE,2019-05-06,P1909.DCE,P,4376.0,4444.0,4326.0,4384.0,4390.0,505968.0,530722.0,tushare_contract
P.DCE,2019-05-07,P1909.DCE,P,4372.0,4438.0,4370.0,4428.0,4408.0,445264.0,547748.0,tushare_contract
P.DCE,2019-05-08,P1909.DCE,P,4430.0,4450.0,4404.0,4412.0,4432.0,324510.0,553548.0,tushare_contract
P.DCE,2019-05-09,P1909.DCE,P,4422.0,4446.0,4404.0,4432.0,4418.0,364750.0,555048.0,tushare_contract
P.DCE,2019-05-10,P1909.DCE,P,4412.0,4428.0,4392.0,4412.0,4414.0,413666.0,555042.0,tushare_contract
P.DCE,2019-05-13,P1909.DCE,P,4400.0,4418.0,4372.0,4382.0,4394.0,371318.0,564750.0,tushare_contract
P.DCE,2019-05-14,P1909.DCE,P,4382.0,4428.0,4364.0,4374.0,4398.0,478930.0,560202.0,tushare_contract
P.DCE,2019-05-15,P1909.DCE,P,4398.0,4448.0,4390.0,4440.0,4426.0,463916.0,554090.0,tushare_contract
P.DCE,2019-05-16,P1909.DCE,P,4436.0,4480.0,4434.0,4478.0,4460.0,467796.0,551996.0,tushare_contract
P.DCE,2019-05-17,P1909.DCE,P,4490.0,4518.0,4470.0,4480.0,4492.0,470220.0,546302.0,tushare_contract
P.DCE,2019-05-20,P1909.DCE,P,4482.0,4500.0,4470.0,4476.0,4486.0,288444.0,541830.0,tushare_contract
P.DCE,2019-05-21,P1909.DCE,P,4478.0,4508.0,4462.0,4486.0,4488.0,417634.0,546262.0,tushare_contract
P.DCE,2019-05-22,P1909.DCE,P,4476.0,4490.0,4400.0,4410.0,4438.0,595162.0,538896.0,tushare_contract
P.DCE,2019-05-23,P1909.DCE,P,4410.0,4434.0,4364.0,4366.0,4394.0,417314.0,539384.0,tushare_contract
P.DCE,2019-05-24,P1909.DCE,P,4360.0,4380.0,4348.0,4368.0,4364.0,356998.0,537506.0,tushare_contract
P.DCE,2019-05-27,P1909.DCE,P,4380.0,4416.0,4364.0,4398.0,4390.0,492422.0,555814.0,tushare_contract
P.DCE,2019-05-28,P1909.DCE,P,4394.0,4406.0,4384.0,4402.0,4396.0,339230.0,576746.0,tushare_contract
P.DCE,2019-05-29,P1909.DCE,P,4410.0,4542.0,4410.0,4510.0,4482.0,949788.0,599146.0,tushare_contract
P.DCE,2019-05-30,P1909.DCE,P,4512.0,4522.0,4446.0,4462.0,4482.0,861906.0,609836.0,tushare_contract
P.DCE,2019-05-31,P1909.DCE,P,4466.0,4492.0,4464.0,4470.0,4476.0,339636.0,607230.0,tushare_contract
P.DCE,2019-06-03,P1909.DCE,P,4460.0,4464.0,4376.0,4378.0,4410.0,639924.0,587104.0,tushare_contract
P.DCE,2019-06-04,P1909.DCE,P,4380.0,4426.0,4372.0,4420.0,4398.0,535214.0,619342.0,tushare_contract
P.DCE,2019-06-05,P1909.DCE,P,4418.0,4438.0,4396.0,4420.0,4416.0,438634.0,612854.0,tushare_contract
P.DCE,2019-06-06,P1909.DCE,P,4420.0,4436.0,4376.0,4390.0,4400.0,478054.0,595098.0,tushare_contract
P.DCE,2019-06-10,P1909.DCE,P,4376.0,4412.0,4362.0,4398.0,4392.0,279646.0,595270.0,tushare_contract
P.DCE,2019-06-11,P1909.DCE,P,4380.0,4418.0,4376.0,4396.0,4394.0,403212.0,616766.0,tushare_contract
P.DCE,2019-06-12,P1909.DCE,P,4402.0,4402.0,4340.0,4344.0,4366.0,569046.0,623668.0,tushare_contract
P.DCE,2019-06-13,P1909.DCE,P,4344.0,4382.0,4338.0,4370.0,4364.0,404534.0,617726.0,tushare_contract
P.DCE,2019-06-14,P1909.DCE,P,4374.0,4410.0,4374.0,4388.0,4390.0,414148.0,605958.0,tushare_contract
P.DCE,2019-06-17,P1909.DCE,P,4390.0,4390.0,4358.0,4372.0,4370.0,392254.0,628238.0,tushare_contract
P.DCE,2019-06-18,P1909.DCE,P,4378.0,4390.0,4368.0,4376.0,4376.0,293648.0,633506.0,tushare_contract
P.DCE,2019-06-19,P1909.DCE,P,4362.0,4374.0,4344.0,4366.0,4362.0,485162.0,628456.0,tushare_contract
P.DCE,2019-06-20,P1909.DCE,P,4376.0,4396.0,4340.0,4350.0,4370.0,481622.0,661294.0,tushare_contract
P.DCE,2019-06-21,P1909.DCE,P,4350.0,4356.0,4326.0,4340.0,4340.0,509922.0,688244.0,tushare_contract
P.DCE,2019-06-24,P1909.DCE,P,4336.0,4344.0,4298.0,4306.0,4316.0,506688.0,709818.0,tushare_contract
P.DCE,2019-06-25,P1909.DCE,P,4306.0,4308.0,4280.0,4300.0,4296.0,470858.0,704486.0,tushare_contract
P.DCE,2019-06-26,P1909.DCE,P,4290.0,4294.0,4244.0,4256.0,4268.0,614122.0,685652.0,tushare_contract
P.DCE,2019-06-27,P1909.DCE,P,4260.0,4314.0,4258.0,4292.0,4282.0,480710.0,655422.0,tushare_contract
P.DCE,2019-06-28,P1909.DCE,P,4286.0,4290.0,4266.0,4286.0,4280.0,307926.0,636440.0,tushare_contract
P.DCE,2019-07-01,P1909.DCE,P,4286.0,4336.0,4226.0,4304.0,4290.0,638780.0,622144.0,tushare_contract
P.DCE,2019-07-02,P1909.DCE,P,4296.0,4304.0,4258.0,4262.0,4274.0,421546.0,631626.0,tushare_contract
P.DCE,2019-07-03,P1909.DCE,P,4274.0,4282.0,4214.0,4230.0,4238.0,556138.0,654492.0,tushare_contract
P.DCE,2019-07-04,P1909.DCE,P,4240.0,4250.0,4222.0,4246.0,4238.0,354560.0,651304.0,tushare_contract
P.DCE,2019-07-05,P1909.DCE,P,4242.0,4290.0,4232.0,4244.0,4250.0,664198.0,677584.0,tushare_contract
P.DCE,2019-07-08,P1909.DCE,P,4244.0,4268.0,4226.0,4238.0,4244.0,435352.0,650398.0,tushare_contract
P.DCE,2019-07-09,P1909.DCE,P,4238.0,4248.0,4172.0,4176.0,4212.0,534954.0,634744.0,tushare_contract
P.DCE,2019-07-10,P1909.DCE,P,4188.0,4224.0,4180.0,4190.0,4198.0,362268.0,607570.0,tushare_contract
P.DCE,2019-07-11,P1909.DCE,P,4204.0,4218.0,4188.0,4198.0,4200.0,294290.0,623282.0,tushare_contract
P.DCE,2019-07-12,P1909.DCE,P,4200.0,4206.0,4164.0,4180.0,4182.0,274840.0,624462.0,tushare_contract
P.DCE,2019-07-15,P1909.DCE,P,4186.0,4254.0,4176.0,4236.0,4212.0,513910.0,612296.0,tushare_contract
P.DCE,2019-07-16,P1909.DCE,P,4228.0,4240.0,4212.0,4220.0,4222.0,245984.0,610402.0,tushare_contract
P.DCE,2019-07-17,P1909.DCE,P,4216.0,4220.0,4182.0,4198.0,4198.0,307666.0,605204.0,tushare_contract
P.DCE,2019-07-18,P1909.DCE,P,4214.0,4222.0,4174.0,4196.0,4196.0,297758.0,588586.0,tushare_contract
P.DCE,2019-07-19,P1909.DCE,P,4194.0,4202.0,4182.0,4190.0,4188.0,194854.0,580862.0,tushare_contract
P.DCE,2019-07-22,P1909.DCE,P,4190.0,4218.0,4174.0,4214.0,4198.0,386650.0,580806.0,tushare_contract
P.DCE,2019-07-23,P1909.DCE,P,4212.0,4260.0,4208.0,4246.0,4230.0,414032.0,556796.0,tushare_contract
P.DCE,2019-07-24,P1909.DCE,P,4250.0,4312.0,4244.0,4300.0,4278.0,567278.0,532840.0,tushare_contract
P.DCE,2019-07-25,P1909.DCE,P,4302.0,4326.0,4288.0,4306.0,4304.0,412680.0,498654.0,tushare_contract
P.DCE,2019-07-26,P1909.DCE,P,4318.0,4348.0,4314.0,4332.0,4326.0,315134.0,467456.0,tushare_contract
P.DCE,2019-07-29,P1909.DCE,P,4336.0,4394.0,4332.0,4358.0,4360.0,442472.0,431834.0,tushare_contract
P.DCE,2019-07-30,P1909.DCE,P,4366.0,4374.0,4354.0,4360.0,4360.0,215974.0,397438.0,tushare_contract
P.DCE,2019-07-31,P1909.DCE,P,4360.0,4378.0,4338.0,4358.0,4352.0,212900.0,387242.0,tushare_contract
P.DCE,2019-08-01,P1909.DCE,P,4360.0,4362.0,4312.0,4338.0,4330.0,294172.0,367924.0,tushare_contract
P.DCE,2019-08-02,P1909.DCE,P,4340.0,4390.0,4332.0,4378.0,4360.0,316026.0,361256.0,tushare_contract
P.DCE,2019-08-05,P2001.DCE,P,4534.0,4616.0,4528.0,4612.0,4576.0,287552.0,415668.0,tushare_contract
P.DCE,2019-08-06,P2001.DCE,P,4618.0,4650.0,4606.0,4628.0,4624.0,261782.0,419596.0,tushare_contract
P.DCE,2019-08-07,P2001.DCE,P,4630.0,4636.0,4598.0,4630.0,4618.0,198334.0,429578.0,tushare_contract
P.DCE,2019-08-08,P2001.DCE,P,4632.0,4668.0,4614.0,4662.0,4648.0,366412.0,436502.0,tushare_contract
P.DCE,2019-08-09,P2001.DCE,P,4672.0,4826.0,4672.0,4784.0,4740.0,814148.0,464644.0,tushare_contract
P.DCE,2019-08-12,P2001.DCE,P,4792.0,4864.0,4768.0,4830.0,4818.0,692652.0,474674.0,tushare_contract
P.DCE,2019-08-13,P2001.DCE,P,4836.0,4872.0,4816.0,4862.0,4838.0,503246.0,494436.0,tushare_contract
P.DCE,2019-08-14,P2001.DCE,P,4862.0,4864.0,4760.0,4820.0,4812.0,630754.0,466010.0,tushare_contract
P.DCE,2019-08-15,P2001.DCE,P,4818.0,4848.0,4768.0,4780.0,4812.0,485236.0,474320.0,tushare_contract
P.DCE,2019-08-16,P2001.DCE,P,4774.0,4848.0,4738.0,4768.0,4784.0,822762.0,463506.0,tushare_contract
P.DCE,2019-08-19,P2001.DCE,P,4770.0,4792.0,4704.0,4728.0,4752.0,466592.0,460688.0,tushare_contract
P.DCE,2019-08-20,P2001.DCE,P,4728.0,4770.0,4692.0,4766.0,4730.0,516238.0,461608.0,tushare_contract
P.DCE,2019-08-21,P2001.DCE,P,4760.0,4784.0,4722.0,4728.0,4752.0,555350.0,475450.0,tushare_contract
P.DCE,2019-08-22,P2001.DCE,P,4760.0,4856.0,4758.0,4842.0,4822.0,916220.0,522866.0,tushare_contract
P.DCE,2019-08-23,P2001.DCE,P,4858.0,4904.0,4824.0,4878.0,4862.0,883264.0,539158.0,tushare_contract
P.DCE,2019-08-26,P2001.DCE,P,4888.0,5034.0,4872.0,4988.0,4960.0,947896.0,564204.0,tushare_contract
P.DCE,2019-08-27,P2001.DCE,P,4966.0,4974.0,4858.0,4864.0,4928.0,775536.0,510042.0,tushare_contract
P.DCE,2019-08-28,P2001.DCE,P,4870.0,4918.0,4844.0,4898.0,4886.0,564480.0,510778.0,tushare_contract
P.DCE,2019-08-29,P2001.DCE,P,4902.0,4914.0,4826.0,4852.0,4866.0,598128.0,501468.0,tushare_contract
P.DCE,2019-08-30,P2001.DCE,P,4838.0,4848.0,4758.0,4774.0,4804.0,640502.0,491950.0,tushare_contract
P.DCE,2019-09-02,P2001.DCE,P,4802.0,4884.0,4792.0,4870.0,4846.0,548726.0,499478.0,tushare_contract
P.DCE,2019-09-03,P2001.DCE,P,4876.0,4896.0,4814.0,4838.0,4854.0,618718.0,512546.0,tushare_contract
P.DCE,2019-09-04,P2001.DCE,P,4790.0,4876.0,4782.0,4856.0,4836.0,762610.0,527478.0,tushare_contract
P.DCE,2019-09-05,P2001.DCE,P,4844.0,4854.0,4750.0,4768.0,4798.0,729422.0,534230.0,tushare_contract
P.DCE,2019-09-06,P2001.DCE,P,4780.0,4812.0,4710.0,4794.0,4772.0,763970.0,525500.0,tushare_contract
P.DCE,2019-09-09,P2001.DCE,P,4812.0,4864.0,4808.0,4838.0,4836.0,684828.0,525144.0,tushare_contract
P.DCE,2019-09-10,P2001.DCE,P,4844.0,4900.0,4770.0,4796.0,4838.0,952796.0,510434.0,tushare_contract
P.DCE,2019-09-11,P2001.DCE,P,4828.0,4886.0,4812.0,4848.0,4842.0,729064.0,522154.0,tushare_contract
P.DCE,2019-09-12,P2001.DCE,P,4826.0,4844.0,4766.0,4784.0,4806.0,716704.0,527398.0,tushare_contract
P.DCE,2019-09-16,P2001.DCE,P,4820.0,4944.0,4820.0,4884.0,4888.0,581018.0,544472.0,tushare_contract
P.DCE,2019-09-17,P2001.DCE,P,4886.0,5074.0,4882.0,5016.0,4986.0,1115248.0,641630.0,tushare_contract
P.DCE,2019-09-18,P2001.DCE,P,4990.0,5000.0,4886.0,4888.0,4930.0,693166.0,618320.0,tushare_contract
P.DCE,2019-09-19,P2001.DCE,P,4888.0,4916.0,4814.0,4820.0,4872.0,739460.0,568952.0,tushare_contract
P.DCE,2019-09-20,P2001.DCE,P,4830.0,4838.0,4774.0,4790.0,4806.0,614628.0,552354.0,tushare_contract
P.DCE,2019-09-23,P2001.DCE,P,4802.0,4836.0,4784.0,4814.0,4810.0,517702.0,552650.0,tushare_contract
P.DCE,2019-09-24,P2001.DCE,P,4800.0,4802.0,4698.0,4720.0,4746.0,772216.0,553452.0,tushare_contract
P.DCE,2019-09-25,P2001.DCE,P,4716.0,4748.0,4692.0,4720.0,4718.0,636310.0,554006.0,tushare_contract
P.DCE,2019-09-26,P2001.DCE,P,4716.0,4730.0,4682.0,4726.0,4704.0,513604.0,532882.0,tushare_contract
P.DCE,2019-09-27,P2001.DCE,P,4742.0,4744.0,4638.0,4682.0,4688.0,749094.0,478854.0,tushare_contract
P.DCE,2019-09-30,P2001.DCE,P,4682.0,4718.0,4630.0,4664.0,4684.0,461604.0,440760.0,tushare_contract
P.DCE,2019-10-08,P2001.DCE,P,4730.0,4732.0,4658.0,4716.0,4696.0,325164.0,442832.0,tushare_contract
P.DCE,2019-10-09,P2001.DCE,P,4714.0,4800.0,4712.0,4792.0,4766.0,506652.0,468372.0,tushare_contract
P.DCE,2019-10-10,P2001.DCE,P,4792.0,4824.0,4758.0,4792.0,4792.0,631012.0,474856.0,tushare_contract
P.DCE,2019-10-11,P2001.DCE,P,4792.0,4846.0,4776.0,4826.0,4800.0,492484.0,479846.0,tushare_contract
P.DCE,2019-10-14,P2001.DCE,P,4790.0,4790.0,4670.0,4682.0,4726.0,668704.0,473056.0,tushare_contract
P.DCE,2019-10-15,P2001.DCE,P,4682.0,4706.0,4660.0,4682.0,4682.0,373902.0,472278.0,tushare_contract
P.DCE,2019-10-16,P2001.DCE,P,4712.0,4814.0,4706.0,4810.0,4772.0,844372.0,500474.0,tushare_contract
P.DCE,2019-10-17,P2001.DCE,P,4812.0,4850.0,4788.0,4800.0,4816.0,824590.0,479584.0,tushare_contract
P.DCE,2019-10-18,P2001.DCE,P,4804.0,4834.0,4782.0,4808.0,4808.0,595480.0,465102.0,tushare_contract
P.DCE,2019-10-21,P2001.DCE,P,4830.0,4894.0,4822.0,4878.0,4862.0,717630.0,500906.0,tushare_contract
P.DCE,2019-10-22,P2001.DCE,P,4860.0,4860.0,4812.0,4846.0,4838.0,506046.0,502446.0,tushare_contract
P.DCE,2019-10-23,P2001.DCE,P,4900.0,4974.0,4880.0,4920.0,4928.0,975800.0,534066.0,tushare_contract
P.DCE,2019-10-24,P2001.DCE,P,4900.0,4984.0,4876.0,4980.0,4928.0,711182.0,554944.0,tushare_contract
P.DCE,2019-10-25,P2001.DCE,P,5008.0,5124.0,5000.0,5068.0,5076.0,2120072.0,605050.0,tushare_contract
P.DCE,2019-10-28,P2001.DCE,P,5078.0,5158.0,5062.0,5150.0,5104.0,1468332.0,663950.0,tushare_contract
P.DCE,2019-10-29,P2001.DCE,P,5162.0,5162.0,5088.0,5120.0,5126.0,1117166.0,642968.0,tushare_contract
P.DCE,2019-10-30,P2001.DCE,P,5118.0,5246.0,5092.0,5220.0,5194.0,1883196.0,742524.0,tushare_contract
P.DCE,2019-10-31,P2001.DCE,P,5252.0,5290.0,5196.0,5216.0,5242.0,1680462.0,728418.0,tushare_contract
P.DCE,2019-11-01,P2001.DCE,P,5216.0,5278.0,5192.0,5222.0,5236.0,1516300.0,745952.0,tushare_contract
P.DCE,2019-11-04,P2001.DCE,P,5220.0,5324.0,5194.0,5300.0,5248.0,2246130.0,834360.0,tushare_contract
P.DCE,2019-11-05,P2001.DCE,P,5328.0,5456.0,5314.0,5404.0,5410.0,3457324.0,881586.0,tushare_contract
P.DCE,2019-11-06,P2001.DCE,P,5360.0,5434.0,5338.0,5382.0,5380.0,3142636.0,884616.0,tushare_contract
P.DCE,2019-11-07,P2001.DCE,P,5432.0,5486.0,5286.0,5312.0,5400.0,4411258.0,777126.0,tushare_contract
P.DCE,2019-11-08,P2001.DCE,P,5324.0,5398.0,5266.0,5338.0,5330.0,2911434.0,766166.0,tushare_contract
P.DCE,2019-11-11,P2001.DCE,P,5388.0,5542.0,5340.0,5542.0,5434.0,3770858.0,852696.0,tushare_contract
P.DCE,2019-11-12,P2001.DCE,P,5522.0,5566.0,5476.0,5524.0,5522.0,3090204.0,865048.0,tushare_contract
P.DCE,2019-11-13,P2001.DCE,P,5498.0,5554.0,5454.0,5472.0,5498.0,3065604.0,847808.0,tushare_contract
P.DCE,2019-11-14,P2001.DCE,P,5444.0,5454.0,5344.0,5438.0,5400.0,3246284.0,792844.0,tushare_contract
P.DCE,2019-11-15,P2001.DCE,P,5448.0,5464.0,5328.0,5372.0,5394.0,3261058.0,776362.0,tushare_contract
P.DCE,2019-11-18,P2001.DCE,P,5368.0,5408.0,5330.0,5390.0,5370.0,2260154.0,730004.0,tushare_contract
P.DCE,2019-11-19,P2001.DCE,P,5368.0,5464.0,5358.0,5438.0,5410.0,2317254.0,750614.0,tushare_contract
P.DCE,2019-11-20,P2001.DCE,P,5448.0,5626.0,5442.0,5626.0,5568.0,3579406.0,779522.0,tushare_contract
P.DCE,2019-11-21,P2001.DCE,P,5626.0,5644.0,5518.0,5554.0,5598.0,2733520.0,673582.0,tushare_contract
P.DCE,2019-11-22,P2001.DCE,P,5544.0,5582.0,5516.0,5564.0,5552.0,2121466.0,669338.0,tushare_contract
P.DCE,2019-11-25,P2001.DCE,P,5674.0,5730.0,5638.0,5706.0,5684.0,3013764.0,694380.0,tushare_contract
P.DCE,2019-11-26,P2001.DCE,P,5674.0,5682.0,5458.0,5462.0,5554.0,3799592.0,490884.0,tushare_contract
P.DCE,2019-11-27,P2005.DCE,P,5702.0,5724.0,5634.0,5670.0,5674.0,1003182.0,656658.0,tushare_contract
P.DCE,2019-11-28,P2005.DCE,P,5710.0,5728.0,5562.0,5624.0,5650.0,1818294.0,676188.0,tushare_contract
P.DCE,2019-11-29,P2005.DCE,P,5720.0,5796.0,5670.0,5766.0,5728.0,1696518.0,756606.0,tushare_contract
P.DCE,2019-12-02,P2005.DCE,P,5746.0,5776.0,5622.0,5692.0,5702.0,1707874.0,812572.0,tushare_contract
P.DCE,2019-12-03,P2005.DCE,P,5718.0,5724.0,5616.0,5718.0,5666.0,1885876.0,832926.0,tushare_contract
P.DCE,2019-12-04,P2005.DCE,P,5728.0,5784.0,5680.0,5724.0,5722.0,2881354.0,935830.0,tushare_contract
P.DCE,2019-12-05,P2005.DCE,P,5726.0,5804.0,5702.0,5776.0,5752.0,2517606.0,997946.0,tushare_contract
P.DCE,2019-12-06,P2005.DCE,P,5802.0,5848.0,5744.0,5834.0,5800.0,2762098.0,1054998.0,tushare_contract
P.DCE,2019-12-09,P2005.DCE,P,5848.0,5980.0,5820.0,5920.0,5898.0,3153722.0,1082086.0,tushare_contract
P.DCE,2019-12-10,P2005.DCE,P,5930.0,5978.0,5844.0,5908.0,5912.0,3266738.0,1088154.0,tushare_contract
P.DCE,2019-12-11,P2005.DCE,P,5896.0,5912.0,5806.0,5844.0,5862.0,2859400.0,1076718.0,tushare_contract
P.DCE,2019-12-12,P2005.DCE,P,5826.0,5906.0,5790.0,5894.0,5842.0,2411922.0,1093514.0,tushare_contract
P.DCE,2019-12-13,P2005.DCE,P,5882.0,5968.0,5868.0,5922.0,5916.0,3729878.0,1133318.0,tushare_contract
P.DCE,2019-12-16,P2005.DCE,P,5876.0,5940.0,5842.0,5930.0,5886.0,2885608.0,1147420.0,tushare_contract
P.DCE,2019-12-17,P2005.DCE,P,5932.0,5996.0,5916.0,5968.0,5958.0,2802868.0,1233094.0,tushare_contract
P.DCE,2019-12-18,P2005.DCE,P,5968.0,5980.0,5888.0,5890.0,5938.0,2636900.0,1190032.0,tushare_contract
P.DCE,2019-12-19,P2005.DCE,P,5908.0,5946.0,5882.0,5928.0,5912.0,2874728.0,1199650.0,tushare_contract
P.DCE,2019-12-20,P2005.DCE,P,5954.0,6080.0,5946.0,6052.0,6018.0,3772334.0,1339826.0,tushare_contract
P.DCE,2019-12-23,P2005.DCE,P,6050.0,6100.0,5986.0,6036.0,6036.0,2977208.0,1331980.0,tushare_contract
P.DCE,2019-12-24,P2005.DCE,P,6042.0,6074.0,5980.0,6048.0,6034.0,2547444.0,1370828.0,tushare_contract
P.DCE,2019-12-25,P2005.DCE,P,6062.0,6070.0,6028.0,6052.0,6050.0,1575634.0,1366834.0,tushare_contract
P.DCE,2019-12-26,P2005.DCE,P,6040.0,6108.0,5998.0,6096.0,6064.0,2464810.0,1481316.0,tushare_contract
P.DCE,2019-12-27,P2005.DCE,P,6168.0,6306.0,6154.0,6302.0,6228.0,4474684.0,1610860.0,tushare_contract
P.DCE,2019-12-30,P2005.DCE,P,6326.0,6326.0,6270.0,6312.0,6298.0,2833334.0,1638964.0,tushare_contract
P.DCE,2019-12-31,P2005.DCE,P,6350.0,6404.0,6294.0,6362.0,6352.0,4108128.0,1616246.0,tushare_contract
P.DCE,2020-01-02,P2005.DCE,P,6278.0,6356.0,6268.0,6352.0,6316.0,1034459.0,835350.0,tushare_contract
P.DCE,2020-01-03,P2005.DCE,P,6378.0,6418.0,6306.0,6314.0,6370.0,2002282.0,824520.0,tushare_contract
P.DCE,2020-01-06,P2005.DCE,P,6346.0,6426.0,6296.0,6328.0,6356.0,1831934.0,825404.0,tushare_contract
P.DCE,2020-01-07,P2005.DCE,P,6298.0,6366.0,6248.0,6358.0,6302.0,1788748.0,822909.0,tushare_contract
P.DCE,2020-01-08,P2005.DCE,P,6334.0,6404.0,6290.0,6316.0,6336.0,1602134.0,794077.0,tushare_contract
P.DCE,2020-01-09,P2005.DCE,P,6306.0,6390.0,6274.0,6386.0,6334.0,1863960.0,814523.0,tushare_contract
P.DCE,2020-01-10,P2005.DCE,P,6394.0,6476.0,6336.0,6470.0,6404.0,2288248.0,845921.0,tushare_contract
P.DCE,2020-01-13,P2005.DCE,P,6466.0,6466.0,6318.0,6384.0,6400.0,1733897.0,786998.0,tushare_contract
P.DCE,2020-01-14,P2005.DCE,P,6352.0,6356.0,6214.0,6222.0,6276.0,1964663.0,708733.0,tushare_contract
P.DCE,2020-01-15,P2005.DCE,P,6178.0,6272.0,6154.0,6164.0,6206.0,1957505.0,680798.0,tushare_contract
P.DCE,2020-01-16,P2005.DCE,P,6146.0,6176.0,6096.0,6104.0,6134.0,2137462.0,619056.0,tushare_contract
P.DCE,2020-01-17,P2005.DCE,P,6104.0,6144.0,6090.0,6126.0,6120.0,1143525.0,596920.0,tushare_contract
P.DCE,2020-01-20,P2005.DCE,P,6080.0,6116.0,6038.0,6102.0,6076.0,1329582.0,558768.0,tushare_contract
P.DCE,2020-01-21,P2005.DCE,P,6124.0,6132.0,5900.0,5920.0,6006.0,1596112.0,515173.0,tushare_contract
P.DCE,2020-01-22,P2005.DCE,P,5964.0,6076.0,5888.0,6068.0,5974.0,1405408.0,505692.0,tushare_contract
P.DCE,2020-01-23,P2005.DCE,P,6110.0,6186.0,6004.0,6094.0,6102.0,1402347.0,454570.0,tushare_contract
P.DCE,2020-02-03,P2005.DCE,P,5676.0,5676.0,5676.0,5676.0,5676.0,122242.0,382737.0,tushare_contract
P.DCE,2020-02-04,P2005.DCE,P,5510.0,5730.0,5510.0,5650.0,5640.0,730053.0,351393.0,tushare_contract
P.DCE,2020-02-05,P2005.DCE,P,5640.0,5772.0,5626.0,5770.0,5716.0,859397.0,399082.0,tushare_contract
P.DCE,2020-02-06,P2005.DCE,P,5816.0,5902.0,5808.0,5886.0,5860.0,967490.0,434584.0,tushare_contract
P.DCE,2020-02-07,P2005.DCE,P,5848.0,5914.0,5812.0,5910.0,5854.0,782999.0,432828.0,tushare_contract
P.DCE,2020-02-10,P2005.DCE,P,5848.0,5886.0,5788.0,5794.0,5838.0,779894.0,415719.0,tushare_contract
P.DCE,2020-02-11,P2005.DCE,P,5784.0,5826.0,5678.0,5690.0,5760.0,1111110.0,431220.0,tushare_contract
P.DCE,2020-02-12,P2005.DCE,P,5700.0,5718.0,5552.0,5592.0,5620.0,1228689.0,424246.0,tushare_contract
P.DCE,2020-02-13,P2005.DCE,P,5630.0,5652.0,5522.0,5578.0,5592.0,1492111.0,416373.0,tushare_contract
P.DCE,2020-02-14,P2005.DCE,P,5576.0,5576.0,5474.0,5508.0,5516.0,1358460.0,435051.0,tushare_contract
P.DCE,2020-02-17,P2005.DCE,P,5512.0,5618.0,5510.0,5602.0,5570.0,992975.0,430067.0,tushare_contract
P.DCE,2020-02-18,P2005.DCE,P,5594.0,5622.0,5500.0,5512.0,5548.0,1048472.0,429437.0,tushare_contract
P.DCE,2020-02-19,P2005.DCE,P,5522.0,5558.0,5432.0,5444.0,5482.0,1365090.0,452678.0,tushare_contract
P.DCE,2020-02-20,P2005.DCE,P,5412.0,5512.0,5384.0,5504.0,5436.0,1579869.0,396297.0,tushare_contract
P.DCE,2020-02-21,P2005.DCE,P,5506.0,5554.0,5474.0,5490.0,5514.0,1176612.0,384713.0,tushare_contract
P.DCE,2020-02-24,P2005.DCE,P,5500.0,5504.0,5390.0,5404.0,5442.0,1060370.0,382228.0,tushare_contract
P.DCE,2020-02-25,P2005.DCE,P,5348.0,5358.0,5282.0,5316.0,5308.0,1006097.0,386816.0,tushare_contract
P.DCE,2020-02-26,P2005.DCE,P,5210.0,5268.0,5190.0,5238.0,5228.0,993123.0,355311.0,tushare_contract
P.DCE,2020-02-27,P2005.DCE,P,5200.0,5260.0,5160.0,5190.0,5208.0,1047757.0,384533.0,tushare_contract
P.DCE,2020-02-28,P2005.DCE,P,5150.0,5196.0,4948.0,4948.0,5070.0,1570949.0,361223.0,tushare_contract
P.DCE,2020-03-02,P2005.DCE,P,4952.0,5068.0,4946.0,5034.0,5022.0,916246.0,342224.0,tushare_contract
P.DCE,2020-03-03,P2005.DCE,P,5050.0,5102.0,4944.0,4970.0,5010.0,1217786.0,394791.0,tushare_contract
P.DCE,2020-03-04,P2005.DCE,P,5008.0,5074.0,4966.0,5052.0,5010.0,1319124.0,361485.0,tushare_contract
P.DCE,2020-03-05,P2005.DCE,P,5120.0,5254.0,5092.0,5200.0,5178.0,1568001.0,330799.0,tushare_contract
P.DCE,2020-03-06,P2005.DCE,P,5140.0,5144.0,5082.0,5106.0,5118.0,968153.0,306746.0,tushare_contract
P.DCE,2020-03-09,P2005.DCE,P,4864.0,4896.0,4864.0,4864.0,4872.0,251840.0,299648.0,tushare_contract
P.DCE,2020-03-10,P2005.DCE,P,4866.0,5004.0,4774.0,4898.0,4898.0,1237866.0,275724.0,tushare_contract
P.DCE,2020-03-11,P2005.DCE,P,4910.0,4964.0,4846.0,4848.0,4908.0,859600.0,274202.0,tushare_contract
P.DCE,2020-03-12,P2005.DCE,P,4828.0,4852.0,4664.0,4712.0,4726.0,1185639.0,266282.0,tushare_contract
P.DCE,2020-03-13,P2005.DCE,P,4638.0,4694.0,4526.0,4676.0,4606.0,1068356.0,250128.0,tushare_contract
P.DCE,2020-03-16,P2005.DCE,P,4602.0,4710.0,4564.0,4602.0,4634.0,1012293.0,254461.0,tushare_contract
P.DCE,2020-03-17,P2005.DCE,P,4582.0,4746.0,4556.0,4708.0,4646.0,1381448.0,264217.0,tushare_contract
P.DCE,2020-03-18,P2005.DCE,P,4726.0,4868.0,4656.0,4672.0,4770.0,1702290.0,248244.0,tushare_contract
P.DCE,2020-03-19,P2005.DCE,P,4718.0,4744.0,4570.0,4670.0,4666.0,1703723.0,230850.0,tushare_contract
P.DCE,2020-03-20,P2005.DCE,P,4730.0,4762.0,4622.0,4658.0,4686.0,992057.0,211323.0,tushare_contract
P.DCE,2020-03-23,P2005.DCE,P,4632.0,4638.0,4540.0,4576.0,4586.0,921510.0,207087.0,tushare_contract
P.DCE,2020-03-24,P2005.DCE,P,4656.0,4778.0,4636.0,4776.0,4702.0,1008862.0,200034.0,tushare_contract
P.DCE,2020-03-25,P2005.DCE,P,4790.0,4918.0,4746.0,4912.0,4816.0,1035513.0,207212.0,tushare_contract
P.DCE,2020-03-26,P2005.DCE,P,4880.0,4898.0,4716.0,4736.0,4822.0,976398.0,188859.0,tushare_contract
P.DCE,2020-03-27,P2009.DCE,P,4742.0,4824.0,4724.0,4780.0,4776.0,405617.0,204239.0,tushare_contract
P.DCE,2020-03-30,P2009.DCE,P,4798.0,4904.0,4766.0,4872.0,4854.0,363081.0,207908.0,tushare_contract
P.DCE,2020-03-31,P2009.DCE,P,4906.0,4930.0,4756.0,4762.0,4832.0,384654.0,208821.0,tushare_contract
P.DCE,2020-04-01,P2009.DCE,P,4788.0,4808.0,4676.0,4714.0,4750.0,426011.0,218728.0,tushare_contract
P.DCE,2020-04-02,P2009.DCE,P,4660.0,4786.0,4642.0,4760.0,4698.0,467277.0,225518.0,tushare_contract
P.DCE,2020-04-03,P2009.DCE,P,4756.0,4776.0,4618.0,4660.0,4676.0,517872.0,233611.0,tushare_contract
P.DCE,2020-04-07,P2009.DCE,P,4710.0,4770.0,4694.0,4738.0,4732.0,475173.0,235574.0,tushare_contract
P.DCE,2020-04-08,P2009.DCE,P,4744.0,4866.0,4738.0,4842.0,4824.0,799877.0,250904.0,tushare_contract
P.DCE,2020-04-09,P2009.DCE,P,4852.0,4920.0,4846.0,4894.0,4892.0,717408.0,255604.0,tushare_contract
P.DCE,2020-04-10,P2009.DCE,P,4806.0,4840.0,4724.0,4752.0,4780.0,922388.0,279519.0,tushare_contract
P.DCE,2020-04-13,P2009.DCE,P,4798.0,4812.0,4690.0,4692.0,4750.0,752112.0,293054.0,tushare_contract
P.DCE,2020-04-14,P2009.DCE,P,4678.0,4710.0,4632.0,4678.0,4670.0,689814.0,310652.0,tushare_contract
P.DCE,2020-04-15,P2009.DCE,P,4666.0,4724.0,4658.0,4702.0,4698.0,585068.0,318914.0,tushare_contract
P.DCE,2020-04-16,P2009.DCE,P,4680.0,4742.0,4584.0,4584.0,4674.0,1039264.0,344536.0,tushare_contract
P.DCE,2020-04-17,P2009.DCE,P,4600.0,4690.0,4560.0,4688.0,4626.0,887743.0,299295.0,tushare_contract
P.DCE,2020-04-20,P2009.DCE,P,4680.0,4708.0,4632.0,4674.0,4670.0,702546.0,307540.0,tushare_contract
P.DCE,2020-04-21,P2009.DCE,P,4612.0,4632.0,4438.0,4458.0,4500.0,1020156.0,340085.0,tushare_contract
P.DCE,2020-04-22,P2009.DCE,P,4388.0,4480.0,4374.0,4410.0,4434.0,867780.0,323045.0,tushare_contract
P.DCE,2020-04-23,P2009.DCE,P,4444.0,4506.0,4420.0,4474.0,4458.0,882042.0,355586.0,tushare_contract
P.DCE,2020-04-24,P2009.DCE,P,4480.0,4484.0,4352.0,4360.0,4416.0,807928.0,389280.0,tushare_contract
P.DCE,2020-04-27,P2009.DCE,P,4330.0,4372.0,4274.0,4324.0,4330.0,899583.0,383323.0,tushare_contract
P.DCE,2020-04-28,P2009.DCE,P,4344.0,4350.0,4298.0,4324.0,4326.0,639026.0,389000.0,tushare_contract
P.DCE,2020-04-29,P2009.DCE,P,4356.0,4394.0,4332.0,4346.0,4362.0,543746.0,362610.0,tushare_contract
P.DCE,2020-04-30,P2009.DCE,P,4390.0,4464.0,4386.0,4462.0,4424.0,504551.0,316714.0,tushare_contract
P.DCE,2020-05-06,P2009.DCE,P,4360.0,4408.0,4308.0,4342.0,4350.0,613481.0,365212.0,tushare_contract
P.DCE,2020-05-07,P2009.DCE,P,4300.0,4376.0,4282.0,4342.0,4336.0,743181.0,409810.0,tushare_contract
P.DCE,2020-05-08,P2009.DCE,P,4368.0,4412.0,4352.0,4378.0,4384.0,817788.0,420822.0,tushare_contract
P.DCE,2020-05-11,P2009.DCE,P,4406.0,4464.0,4392.0,4410.0,4428.0,946295.0,408468.0,tushare_contract
P.DCE,2020-05-12,P2009.DCE,P,4418.0,4432.0,4302.0,4338.0,4364.0,796863.0,446435.0,tushare_contract
P.DCE,2020-05-13,P2009.DCE,P,4358.0,4408.0,4322.0,4398.0,4362.0,792362.0,452848.0,tushare_contract
P.DCE,2020-05-14,P2009.DCE,P,4398.0,4420.0,4342.0,4372.0,4372.0,730641.0,442959.0,tushare_contract
P.DCE,2020-05-15,P2009.DCE,P,4384.0,4500.0,4380.0,4494.0,4446.0,1040240.0,432059.0,tushare_contract
P.DCE,2020-05-18,P2009.DCE,P,4482.0,4562.0,4474.0,4542.0,4520.0,946494.0,413155.0,tushare_contract
P.DCE,2020-05-19,P2009.DCE,P,4560.0,4594.0,4526.0,4570.0,4558.0,819584.0,399431.0,tushare_contract
P.DCE,2020-05-20,P2009.DCE,P,4592.0,4620.0,4536.0,4558.0,4578.0,824678.0,411632.0,tushare_contract
P.DCE,2020-05-21,P2009.DCE,P,4570.0,4614.0,4550.0,4570.0,4578.0,795446.0,413547.0,tushare_contract
P.DCE,2020-05-22,P2009.DCE,P,4612.0,4642.0,4474.0,4480.0,4558.0,1319583.0,410775.0,tushare_contract
P.DCE,2020-05-25,P2009.DCE,P,4494.0,4594.0,4470.0,4592.0,4534.0,921611.0,399964.0,tushare_contract
P.DCE,2020-05-26,P2009.DCE,P,4592.0,4624.0,4568.0,4616.0,4598.0,694371.0,401932.0,tushare_contract
P.DCE,2020-05-27,P2009.DCE,P,4616.0,4702.0,4582.0,4694.0,4644.0,1020048.0,430526.0,tushare_contract
P.DCE,2020-05-28,P2009.DCE,P,4726.0,4784.0,4712.0,4738.0,4740.0,1173720.0,419153.0,tushare_contract
P.DCE,2020-05-29,P2009.DCE,P,4740.0,4776.0,4706.0,4766.0,4740.0,917211.0,404358.0,tushare_contract
P.DCE,2020-06-01,P2009.DCE,P,4780.0,4854.0,4730.0,4830.0,4786.0,1006714.0,416669.0,tushare_contract
P.DCE,2020-06-02,P2009.DCE,P,4784.0,4842.0,4770.0,4804.0,4800.0,816058.0,399005.0,tushare_contract
P.DCE,2020-06-03,P2009.DCE,P,4856.0,4916.0,4830.0,4890.0,4878.0,963480.0,407105.0,tushare_contract
P.DCE,2020-06-04,P2009.DCE,P,4938.0,4938.0,4850.0,4916.0,4896.0,1002000.0,413052.0,tushare_contract
P.DCE,2020-06-05,P2009.DCE,P,4870.0,4920.0,4862.0,4912.0,4892.0,802316.0,395668.0,tushare_contract
P.DCE,2020-06-08,P2009.DCE,P,4930.0,4932.0,4826.0,4910.0,4876.0,1021064.0,391007.0,tushare_contract
P.DCE,2020-06-09,P2009.DCE,P,4908.0,5046.0,4864.0,5030.0,4950.0,1292162.0,443564.0,tushare_contract
P.DCE,2020-06-10,P2009.DCE,P,5014.0,5078.0,4988.0,5024.0,5028.0,1243130.0,412207.0,tushare_contract
P.DCE,2020-06-11,P2009.DCE,P,4988.0,5022.0,4948.0,4984.0,4986.0,1168929.0,394600.0,tushare_contract
P.DCE,2020-06-12,P2009.DCE,P,4968.0,4974.0,4828.0,4920.0,4902.0,1208870.0,375718.0,tushare_contract
P.DCE,2020-06-15,P2009.DCE,P,4950.0,5004.0,4820.0,4852.0,4922.0,1337436.0,369199.0,tushare_contract
P.DCE,2020-06-16,P2009.DCE,P,4862.0,4998.0,4852.0,4994.0,4940.0,1087226.0,401256.0,tushare_contract
P.DCE,2020-06-17,P2009.DCE,P,5014.0,5042.0,4972.0,5038.0,5012.0,1154212.0,428602.0,tushare_contract
P.DCE,2020-06-18,P2009.DCE,P,5016.0,5062.0,4992.0,5004.0,5018.0,952487.0,412623.0,tushare_contract
P.DCE,2020-06-19,P2009.DCE,P,5014.0,5162.0,4996.0,5150.0,5090.0,1218495.0,462085.0,tushare_contract
P.DCE,2020-06-22,P2009.DCE,P,5186.0,5196.0,5124.0,5148.0,5156.0,844239.0,444468.0,tushare_contract
P.DCE,2020-06-23,P2009.DCE,P,5148.0,5162.0,5066.0,5104.0,5118.0,1065871.0,429745.0,tushare_contract
P.DCE,2020-06-24,P2009.DCE,P,5144.0,5146.0,5092.0,5114.0,5112.0,674019.0,407610.0,tushare_contract
P.DCE,2020-06-29,P2009.DCE,P,5000.0,5018.0,4908.0,4926.0,4956.0,753148.0,382857.0,tushare_contract
P.DCE,2020-06-30,P2009.DCE,P,4950.0,5014.0,4936.0,4996.0,4982.0,679625.0,363675.0,tushare_contract
P.DCE,2020-07-01,P2009.DCE,P,4950.0,4970.0,4882.0,4950.0,4926.0,1041940.0,356917.0,tushare_contract
P.DCE,2020-07-02,P2009.DCE,P,4946.0,4996.0,4914.0,4988.0,4954.0,930987.0,342750.0,tushare_contract
P.DCE,2020-07-03,P2009.DCE,P,4980.0,5056.0,4978.0,5028.0,5028.0,919151.0,344302.0,tushare_contract
P.DCE,2020-07-06,P2009.DCE,P,5020.0,5116.0,4982.0,5098.0,5044.0,1047422.0,336846.0,tushare_contract
P.DCE,2020-07-07,P2009.DCE,P,5088.0,5120.0,4976.0,4996.0,5048.0,985870.0,340589.0,tushare_contract
P.DCE,2020-07-08,P2009.DCE,P,4998.0,5086.0,4978.0,5056.0,5046.0,916157.0,327408.0,tushare_contract
P.DCE,2020-07-09,P2009.DCE,P,5078.0,5116.0,5060.0,5086.0,5086.0,824443.0,324749.0,tushare_contract
P.DCE,2020-07-10,P2009.DCE,P,5084.0,5092.0,4954.0,4956.0,5008.0,1125677.0,325743.0,tushare_contract
P.DCE,2020-07-13,P2009.DCE,P,5004.0,5072.0,4928.0,5054.0,5002.0,1142252.0,299201.0,tushare_contract
P.DCE,2020-07-14,P2009.DCE,P,5046.0,5216.0,5020.0,5200.0,5104.0,1533379.0,338841.0,tushare_contract
P.DCE,2020-07-15,P2009.DCE,P,5220.0,5292.0,5192.0,5260.0,5246.0,1421375.0,340303.0,tushare_contract
P.DCE,2020-07-16,P2009.DCE,P,5298.0,5382.0,5226.0,5302.0,5308.0,1713751.0,348694.0,tushare_contract
P.DCE,2020-07-17,P2009.DCE,P,5276.0,5468.0,5262.0,5434.0,5378.0,1665180.0,366176.0,tushare_contract
P.DCE,2020-07-20,P2009.DCE,P,5468.0,5618.0,5426.0,5542.0,5532.0,1845902.0,381775.0,tushare_contract
P.DCE,2020-07-21,P2009.DCE,P,5560.0,5562.0,5402.0,5506.0,5474.0,1648353.0,351419.0,tushare_contract
P.DCE,2020-07-22,P2009.DCE,P,5498.0,5634.0,5488.0,5522.0,5562.0,1628038.0,334804.0,tushare_contract
P.DCE,2020-07-23,P2009.DCE,P,5532.0,5696.0,5480.0,5684.0,5574.0,1657444.0,356226.0,tushare_contract
P.DCE,2020-07-24,P2009.DCE,P,5684.0,5824.0,5642.0,5702.0,5734.0,2104457.0,332888.0,tushare_contract
P.DCE,2020-07-27,P2009.DCE,P,5750.0,5812.0,5664.0,5734.0,5750.0,1539375.0,325277.0,tushare_contract
P.DCE,2020-07-28,P2009.DCE,P,5680.0,5766.0,5558.0,5588.0,5658.0,1578753.0,296467.0,tushare_contract
P.DCE,2020-07-29,P2009.DCE,P,5582.0,5646.0,5542.0,5622.0,5602.0,1130375.0,284668.0,tushare_contract
P.DCE,2020-07-30,P2009.DCE,P,5634.0,5712.0,5616.0,5700.0,5662.0,1104926.0,279819.0,tushare_contract
P.DCE,2020-07-31,P2009.DCE,P,5700.0,5706.0,5532.0,5680.0,5642.0,1086031.0,253853.0,tushare_contract
P.DCE,2020-08-03,P2009.DCE,P,5694.0,5904.0,5690.0,5852.0,5816.0,1223421.0,289665.0,tushare_contract
P.DCE,2020-08-04,P2009.DCE,P,5842.0,6004.0,5806.0,5984.0,5900.0,1020558.0,298011.0,tushare_contract
P.DCE,2020-08-05,P2009.DCE,P,5952.0,5976.0,5842.0,5886.0,5918.0,983905.0,268138.0,tushare_contract
P.DCE,2020-08-06,P2009.DCE,P,5886.0,5956.0,5854.0,5950.0,5908.0,819126.0,257512.0,tushare_contract
P.DCE,2020-08-07,P2009.DCE,P,5986.0,6088.0,5836.0,5884.0,5970.0,1033614.0,227095.0,tushare_contract
P.DCE,2020-08-10,P2009.DCE,P,5916.0,5946.0,5708.0,5846.0,5840.0,957161.0,210177.0,tushare_contract
P.DCE,2020-08-11,P2009.DCE,P,5832.0,5958.0,5724.0,5788.0,5852.0,742591.0,180976.0,tushare_contract
P.DCE,2020-08-12,P2009.DCE,P,5760.0,5778.0,5664.0,5702.0,5710.0,615746.0,162287.0,tushare_contract
P.DCE,2020-08-13,P2009.DCE,P,5752.0,5878.0,5730.0,5876.0,5802.0,544067.0,144567.0,tushare_contract
P.DCE,2020-08-14,P2101.DCE,P,5664.0,5676.0,5608.0,5622.0,5642.0,628634.0,330663.0,tushare_contract
P.DCE,2020-08-17,P2101.DCE,P,5616.0,5784.0,5554.0,5706.0,5692.0,976133.0,363331.0,tushare_contract
P.DCE,2020-08-18,P2101.DCE,P,5706.0,5736.0,5632.0,5678.0,5690.0,786637.0,376989.0,tushare_contract
P.DCE,2020-08-19,P2101.DCE,P,5726.0,5816.0,5668.0,5776.0,5736.0,979981.0,400087.0,tushare_contract
P.DCE,2020-08-20,P2101.DCE,P,5780.0,5798.0,5594.0,5608.0,5704.0,941702.0,383997.0,tushare_contract
P.DCE,2020-08-21,P2101.DCE,P,5610.0,5650.0,5554.0,5606.0,5602.0,783964.0,376891.0,tushare_contract
P.DCE,2020-08-24,P2101.DCE,P,5580.0,5628.0,5546.0,5590.0,5588.0,750039.0,376957.0,tushare_contract
P.DCE,2020-08-25,P2101.DCE,P,5618.0,5678.0,5518.0,5522.0,5588.0,877240.0,391574.0,tushare_contract
P.DCE,2020-08-26,P2101.DCE,P,5518.0,5588.0,5488.0,5580.0,5540.0,816936.0,386109.0,tushare_contract
P.DCE,2020-08-27,P2101.DCE,P,5572.0,5668.0,5560.0,5666.0,5610.0,812678.0,391524.0,tushare_contract
P.DCE,2020-08-28,P2101.DCE,P,5670.0,5808.0,5664.0,5762.0,5736.0,941470.0,398686.0,tushare_contract
P.DCE,2020-08-31,P2101.DCE,P,5750.0,5888.0,5736.0,5856.0,5826.0,746821.0,423938.0,tushare_contract
P.DCE,2020-09-01,P2101.DCE,P,5882.0,5894.0,5782.0,5884.0,5850.0,679847.0,442282.0,tushare_contract
P.DCE,2020-09-02,P2101.DCE,P,5866.0,5932.0,5806.0,5914.0,5866.0,713779.0,461693.0,tushare_contract
P.DCE,2020-09-03,P2101.DCE,P,5892.0,6038.0,5858.0,5946.0,5954.0,911361.0,463292.0,tushare_contract
P.DCE,2020-09-04,P2101.DCE,P,5992.0,5998.0,5824.0,5860.0,5916.0,1126498.0,405079.0,tushare_contract
P.DCE,2020-09-07,P2101.DCE,P,5866.0,5920.0,5792.0,5860.0,5854.0,835749.0,398734.0,tushare_contract
P.DCE,2020-09-08,P2101.DCE,P,5850.0,5982.0,5820.0,5970.0,5920.0,806826.0,421817.0,tushare_contract
P.DCE,2020-09-09,P2101.DCE,P,5920.0,5954.0,5842.0,5862.0,5896.0,974821.0,402289.0,tushare_contract
P.DCE,2020-09-10,P2101.DCE,P,5862.0,5934.0,5808.0,5882.0,5858.0,1079265.0,411795.0,tushare_contract
P.DCE,2020-09-11,P2101.DCE,P,5880.0,5888.0,5786.0,5876.0,5848.0,789822.0,417996.0,tushare_contract
P.DCE,2020-09-14,P2101.DCE,P,5872.0,6098.0,5852.0,6096.0,5984.0,882254.0,482631.0,tushare_contract
P.DCE,2020-09-15,P2101.DCE,P,6088.0,6152.0,6054.0,6076.0,6090.0,808801.0,470942.0,tushare_contract
P.DCE,2020-09-16,P2101.DCE,P,6110.0,6164.0,6074.0,6122.0,6112.0,1000560.0,482150.0,tushare_contract
P.DCE,2020-09-17,P2101.DCE,P,6122.0,6292.0,6092.0,6232.0,6214.0,994482.0,507052.0,tushare_contract
P.DCE,2020-09-18,P2101.DCE,P,6210.0,6432.0,6206.0,6384.0,6338.0,1051917.0,496497.0,tushare_contract
P.DCE,2020-09-21,P2101.DCE,P,6398.0,6518.0,6354.0,6480.0,6456.0,1163359.0,512594.0,tushare_contract
P.DCE,2020-09-22,P2101.DCE,P,6400.0,6406.0,6160.0,6178.0,6290.0,1417876.0,454594.0,tushare_contract
P.DCE,2020-09-23,P2101.DCE,P,6210.0,6260.0,6012.0,6026.0,6130.0,1316138.0,445081.0,tushare_contract
P.DCE,2020-09-24,P2101.DCE,P,5990.0,6082.0,5856.0,5888.0,5958.0,1260855.0,424534.0,tushare_contract
P.DCE,2020-09-25,P2101.DCE,P,5850.0,5914.0,5808.0,5890.0,5862.0,1025658.0,412915.0,tushare_contract
P.DCE,2020-09-28,P2101.DCE,P,5910.0,6016.0,5852.0,5888.0,5934.0,1012155.0,397278.0,tushare_contract
P.DCE,2020-09-29,P2101.DCE,P,5910.0,5972.0,5844.0,5934.0,5912.0,803295.0,369994.0,tushare_contract
P.DCE,2020-09-30,P2101.DCE,P,5870.0,5884.0,5700.0,5736.0,5764.0,958843.0,345321.0,tushare_contract
P.DCE,2020-10-09,P2101.DCE,P,5950.0,6104.0,5924.0,6082.0,6022.0,543562.0,347389.0,tushare_contract
P.DCE,2020-10-12,P2101.DCE,P,6080.0,6300.0,6072.0,6256.0,6210.0,919631.0,389514.0,tushare_contract
P.DCE,2020-10-13,P2101.DCE,P,6230.0,6268.0,6136.0,6228.0,6212.0,980766.0,400729.0,tushare_contract
P.DCE,2020-10-14,P2101.DCE,P,6252.0,6282.0,6170.0,6276.0,6220.0,951574.0,423877.0,tushare_contract
P.DCE,2020-10-15,P2101.DCE,P,6260.0,6274.0,6108.0,6140.0,6198.0,1102219.0,395763.0,tushare_contract
P.DCE,2020-10-16,P2101.DCE,P,6060.0,6092.0,5934.0,6052.0,6022.0,1186330.0,368988.0,tushare_contract
P.DCE,2020-10-19,P2101.DCE,P,6080.0,6088.0,5818.0,5846.0,5938.0,1152081.0,367317.0,tushare_contract
P.DCE,2020-10-20,P2101.DCE,P,5820.0,5948.0,5780.0,5942.0,5860.0,975272.0,371053.0,tushare_contract
P.DCE,2020-10-21,P2101.DCE,P,5958.0,6066.0,5900.0,6024.0,5980.0,1110999.0,372886.0,tushare_contract
P.DCE,2020-10-22,P2101.DCE,P,6000.0,6126.0,5880.0,6122.0,6012.0,1129922.0,388326.0,tushare_contract
P.DCE,2020-10-23,P2101.DCE,P,6124.0,6176.0,6062.0,6076.0,6122.0,1022103.0,381162.0,tushare_contract
P.DCE,2020-10-26,P2101.DCE,P,6090.0,6276.0,6028.0,6188.0,6168.0,1085738.0,364843.0,tushare_contract
P.DCE,2020-10-27,P2101.DCE,P,6300.0,6334.0,6204.0,6262.0,6256.0,982327.0,377540.0,tushare_contract
P.DCE,2020-10-28,P2101.DCE,P,6256.0,6346.0,6194.0,6302.0,6264.0,1166701.0,384228.0,tushare_contract
P.DCE,2020-10-29,P2101.DCE,P,6208.0,6318.0,6146.0,6284.0,6240.0,1138516.0,398408.0,tushare_contract
P.DCE,2020-10-30,P2101.DCE,P,6240.0,6458.0,6186.0,6234.0,6312.0,1632751.0,388003.0,tushare_contract
P.DCE,2020-11-02,P2101.DCE,P,6274.0,6312.0,6114.0,6142.0,6216.0,1214430.0,366564.0,tushare_contract
P.DCE,2020-11-03,P2101.DCE,P,6178.0,6376.0,6140.0,6358.0,6264.0,1098660.0,373737.0,tushare_contract
P.DCE,2020-11-04,P2101.DCE,P,6394.0,6474.0,6314.0,6406.0,6380.0,1307631.0,368132.0,tushare_contract
P.DCE,2020-11-05,P2101.DCE,P,6420.0,6546.0,6334.0,6482.0,6436.0,1476148.0,403277.0,tushare_contract
P.DCE,2020-11-06,P2101.DCE,P,6546.0,6608.0,6484.0,6524.0,6542.0,1273375.0,388910.0,tushare_contract
P.DCE,2020-11-09,P2101.DCE,P,6480.0,6618.0,6376.0,6384.0,6504.0,1278949.0,349386.0,tushare_contract
P.DCE,2020-11-10,P2101.DCE,P,6520.0,6540.0,6382.0,6450.0,6474.0,1227054.0,328701.0,tushare_contract
P.DCE,2020-11-11,P2101.DCE,P,6500.0,6666.0,6484.0,6644.0,6590.0,1081640.0,371193.0,tushare_contract
P.DCE,2020-11-12,P2101.DCE,P,6660.0,6698.0,6584.0,6628.0,6638.0,979434.0,365000.0,tushare_contract
P.DCE,2020-11-13,P2101.DCE,P,6650.0,6710.0,6576.0,6670.0,6650.0,1063443.0,377703.0,tushare_contract
P.DCE,2020-11-16,P2101.DCE,P,6684.0,6782.0,6632.0,6730.0,6710.0,1220976.0,371259.0,tushare_contract
P.DCE,2020-11-17,P2101.DCE,P,6732.0,6880.0,6712.0,6866.0,6788.0,1044656.0,413711.0,tushare_contract
P.DCE,2020-11-18,P2101.DCE,P,6812.0,6846.0,6784.0,6814.0,6816.0,860532.0,373122.0,tushare_contract
P.DCE,2020-11-19,P2101.DCE,P,6900.0,7028.0,6882.0,6996.0,6968.0,1047731.0,386044.0,tushare_contract
P.DCE,2020-11-20,P2101.DCE,P,6926.0,6988.0,6762.0,6778.0,6896.0,1234026.0,342221.0,tushare_contract
P.DCE,2020-11-23,P2101.DCE,P,6780.0,6814.0,6626.0,6636.0,6716.0,1121243.0,321769.0,tushare_contract
P.DCE,2020-11-24,P2101.DCE,P,6714.0,6734.0,6554.0,6720.0,6662.0,1119258.0,289475.0,tushare_contract
P.DCE,2020-11-25,P2101.DCE,P,6660.0,6790.0,6646.0,6730.0,6722.0,848502.0,279597.0,tushare_contract
P.DCE,2020-11-26,P2101.DCE,P,6736.0,6770.0,6666.0,6682.0,6716.0,750923.0,274310.0,tushare_contract
P.DCE,2020-11-27,P2101.DCE,P,6710.0,6772.0,6656.0,6750.0,6718.0,956695.0,281573.0,tushare_contract
P.DCE,2020-11-30,P2101.DCE,P,6810.0,6876.0,6582.0,6614.0,6740.0,1026938.0,269691.0,tushare_contract
P.DCE,2020-12-01,P2101.DCE,P,6614.0,6678.0,6510.0,6662.0,6614.0,778267.0,246680.0,tushare_contract
P.DCE,2020-12-02,P2101.DCE,P,6666.0,6696.0,6512.0,6514.0,6608.0,726661.0,241040.0,tushare_contract
P.DCE,2020-12-03,P2101.DCE,P,6500.0,6676.0,6300.0,6662.0,6546.0,733018.0,231306.0,tushare_contract
P.DCE,2020-12-04,P2101.DCE,P,6680.0,6752.0,6628.0,6724.0,6698.0,684900.0,220446.0,tushare_contract
P.DCE,2020-12-07,P2101.DCE,P,6780.0,6848.0,6708.0,6774.0,6776.0,606678.0,205169.0,tushare_contract
P.DCE,2020-12-08,P2101.DCE,P,6750.0,6804.0,6642.0,6644.0,6728.0,585911.0,166154.0,tushare_contract
P.DCE,2020-12-09,P2101.DCE,P,6650.0,6770.0,6610.0,6738.0,6678.0,464511.0,165843.0,tushare_contract
P.DCE,2020-12-10,P2102.DCE,P,6780.0,6870.0,6636.0,6720.0,6776.0,385938.0,44623.0,tushare_contract
P.DCE,2020-12-11,P2102.DCE,P,6776.0,7060.0,6764.0,7022.0,6932.0,391089.0,62724.0,tushare_contract
P.DCE,2020-12-14,P2105.DCE,P,6530.0,6648.0,6410.0,6642.0,6544.0,608697.0,303043.0,tushare_contract
P.DCE,2020-12-15,P2105.DCE,P,6650.0,6686.0,6544.0,6580.0,6610.0,653060.0,306185.0,tushare_contract
P.DCE,2020-12-16,P2105.DCE,P,6594.0,6740.0,6580.0,6720.0,6662.0,669406.0,344309.0,tushare_contract
P.DCE,2020-12-17,P2105.DCE,P,6696.0,6726.0,6640.0,6672.0,6682.0,599257.0,344958.0,tushare_contract
P.DCE,2020-12-18,P2105.DCE,P,6664.0,6810.0,6652.0,6786.0,6734.0,739053.0,342757.0,tushare_contract
P.DCE,2020-12-21,P2105.DCE,P,6810.0,6850.0,6696.0,6780.0,6782.0,620558.0,344189.0,tushare_contract
P.DCE,2020-12-22,P2105.DCE,P,6720.0,6876.0,6528.0,6572.0,6708.0,961706.0,313832.0,tushare_contract
P.DCE,2020-12-23,P2105.DCE,P,6650.0,6710.0,6556.0,6686.0,6636.0,782833.0,319293.0,tushare_contract
P.DCE,2020-12-24,P2105.DCE,P,6802.0,6966.0,6802.0,6938.0,6882.0,997324.0,372954.0,tushare_contract
P.DCE,2020-12-25,P2105.DCE,P,6928.0,7046.0,6928.0,7036.0,6980.0,545595.0,392961.0,tushare_contract
P.DCE,2020-12-28,P2105.DCE,P,7034.0,7036.0,6778.0,6832.0,6916.0,777317.0,333273.0,tushare_contract
P.DCE,2020-12-29,P2105.DCE,P,6840.0,6866.0,6762.0,6796.0,6814.0,571445.0,332359.0,tushare_contract
P.DCE,2020-12-30,P2105.DCE,P,6826.0,7046.0,6802.0,6914.0,6904.0,684320.0,341323.0,tushare_contract
P.DCE,2020-12-31,P2105.DCE,P,6916.0,7000.0,6862.0,6938.0,6942.0,541778.0,324266.0,tushare_contract
P.DCE,2021-01-04,P2105.DCE,P,6980.0,7112.0,6958.0,7026.0,7054.0,498302.0,334448.0,tushare_contract
P.DCE,2021-01-05,P2105.DCE,P,7052.0,7092.0,6940.0,7024.0,7018.0,526478.0,333437.0,tushare_contract
P.DCE,2021-01-06,P2105.DCE,P,7088.0,7250.0,7042.0,7238.0,7142.0,733666.0,379117.0,tushare_contract
P.DCE,2021-01-07,P2105.DCE,P,7266.0,7328.0,7238.0,7296.0,7282.0,692610.0,374020.0,tushare_contract
P.DCE,2021-01-08,P2105.DCE,P,7250.0,7298.0,7172.0,7246.0,7238.0,581116.0,355266.0,tushare_contract
P.DCE,2021-01-11,P2105.DCE,P,7256.0,7356.0,7092.0,7120.0,7226.0,908187.0,339244.0,tushare_contract
P.DCE,2021-01-12,P2105.DCE,P,7144.0,7154.0,6954.0,7106.0,7072.0,648291.0,338535.0,tushare_contract
P.DCE,2021-01-13,P2105.DCE,P,7012.0,7150.0,6966.0,7046.0,7052.0,704351.0,348118.0,tushare_contract
P.DCE,2021-01-14,P2105.DCE,P,7046.0,7048.0,6790.0,6794.0,6904.0,736457.0,345267.0,tushare_contract
P.DCE,2021-01-15,P2105.DCE,P,6760.0,6924.0,6616.0,6646.0,6756.0,859909.0,342014.0,tushare_contract
P.DCE,2021-01-18,P2105.DCE,P,6628.0,6768.0,6572.0,6724.0,6678.0,673089.0,337856.0,tushare_contract
P.DCE,2021-01-19,P2105.DCE,P,6748.0,6758.0,6600.0,6676.0,6674.0,601159.0,350519.0,tushare_contract
P.DCE,2021-01-20,P2105.DCE,P,6646.0,6696.0,6468.0,6528.0,6578.0,825468.0,368482.0,tushare_contract
P.DCE,2021-01-21,P2105.DCE,P,6528.0,6622.0,6496.0,6584.0,6562.0,549629.0,369223.0,tushare_contract
P.DCE,2021-01-22,P2105.DCE,P,6618.0,6652.0,6444.0,6468.0,6530.0,644837.0,384782.0,tushare_contract
P.DCE,2021-01-25,P2105.DCE,P,6490.0,6584.0,6390.0,6554.0,6492.0,790798.0,383297.0,tushare_contract
P.DCE,2021-01-26,P2105.DCE,P,6494.0,6656.0,6482.0,6516.0,6560.0,739447.0,386477.0,tushare_contract
P.DCE,2021-01-27,P2105.DCE,P,6586.0,6756.0,6560.0,6742.0,6678.0,739667.0,403529.0,tushare_contract
P.DCE,2021-01-28,P2105.DCE,P,6780.0,6802.0,6670.0,6716.0,6736.0,606811.0,382920.0,tushare_contract
P.DCE,2021-01-29,P2105.DCE,P,6756.0,6810.0,6690.0,6772.0,6756.0,670329.0,376891.0,tushare_contract
P.DCE,2021-02-01,P2105.DCE,P,6820.0,6856.0,6682.0,6698.0,6770.0,635485.0,368016.0,tushare_contract
P.DCE,2021-02-02,P2105.DCE,P,6726.0,6734.0,6586.0,6670.0,6670.0,690395.0,366886.0,tushare_contract
P.DCE,2021-02-03,P2105.DCE,P,6640.0,6648.0,6454.0,6480.0,6522.0,657804.0,378739.0,tushare_contract
P.DCE,2021-02-04,P2105.DCE,P,6422.0,6554.0,6404.0,6534.0,6472.0,640790.0,373127.0,tushare_contract
P.DCE,2021-02-05,P2105.DCE,P,6550.0,6622.0,6506.0,6594.0,6570.0,554444.0,359004.0,tushare_contract
P.DCE,2021-02-08,P2105.DCE,P,6584.0,6694.0,6580.0,6678.0,6638.0,483151.0,351988.0,tushare_contract
P.DCE,2021-02-09,P2105.DCE,P,6686.0,6910.0,6686.0,6904.0,6814.0,575915.0,354152.0,tushare_contract
P.DCE,2021-02-10,P2105.DCE,P,6900.0,6916.0,6838.0,6882.0,6880.0,459411.0,326676.0,tushare_contract
P.DCE,2021-02-18,P2105.DCE,P,7100.0,7178.0,7088.0,7134.0,7138.0,375644.0,334223.0,tushare_contract
P.DCE,2021-02-19,P2105.DCE,P,7100.0,7254.0,7074.0,7216.0,7156.0,596528.0,357173.0,tushare_contract
P.DCE,2021-02-22,P2105.DCE,P,7216.0,7390.0,7200.0,7278.0,7280.0,497474.0,366271.0,tushare_contract
P.DCE,2021-02-23,P2105.DCE,P,7248.0,7428.0,7216.0,7360.0,7316.0,493949.0,364774.0,tushare_contract
P.DCE,2021-02-24,P2105.DCE,P,7400.0,7510.0,7352.0,7482.0,7438.0,526879.0,379008.0,tushare_contract
P.DCE,2021-02-25,P2105.DCE,P,7472.0,7680.0,7420.0,7606.0,7548.0,561126.0,365341.0,tushare_contract
P.DCE,2021-02-26,P2105.DCE,P,7688.0,7690.0,7416.0,7534.0,7536.0,651240.0,362679.0,tushare_contract
P.DCE,2021-03-01,P2105.DCE,P,7502.0,7780.0,7462.0,7578.0,7622.0,593073.0,359256.0,tushare_contract
P.DCE,2021-03-02,P2105.DCE,P,7540.0,7584.0,7350.0,7364.0,7452.0,613293.0,343812.0,tushare_contract
P.DCE,2021-03-03,P2105.DCE,P,7428.0,7458.0,7264.0,7360.0,7350.0,722202.0,333019.0,tushare_contract
P.DCE,2021-03-04,P2105.DCE,P,7352.0,7516.0,7282.0,7466.0,7404.0,643184.0,328275.0,tushare_contract
P.DCE,2021-03-05,P2105.DCE,P,7466.0,7536.0,7342.0,7494.0,7466.0,682194.0,324544.0,tushare_contract
P.DCE,2021-03-08,P2105.DCE,P,7520.0,7932.0,7512.0,7776.0,7742.0,710915.0,329709.0,tushare_contract
P.DCE,2021-03-09,P2105.DCE,P,7776.0,7846.0,7606.0,7618.0,7766.0,569933.0,318357.0,tushare_contract
P.DCE,2021-03-10,P2105.DCE,P,7750.0,7830.0,7532.0,7792.0,7682.0,793522.0,339594.0,tushare_contract
P.DCE,2021-03-11,P2105.DCE,P,7780.0,7884.0,7652.0,7838.0,7750.0,783100.0,368574.0,tushare_contract
P.DCE,2021-03-12,P2105.DCE,P,7918.0,8122.0,7892.0,7970.0,8012.0,933982.0,363614.0,tushare_contract
P.DCE,2021-03-15,P2105.DCE,P,7970.0,8134.0,7926.0,8000.0,8008.0,660287.0,352452.0,tushare_contract
P.DCE,2021-03-16,P2105.DCE,P,8000.0,8126.0,7866.0,7874.0,8010.0,662134.0,346328.0,tushare_contract
P.DCE,2021-03-17,P2105.DCE,P,7818.0,7862.0,7734.0,7860.0,7792.0,710912.0,325396.0,tushare_contract
P.DCE,2021-03-18,P2105.DCE,P,7838.0,7862.0,7656.0,7780.0,7776.0,749399.0,328136.0,tushare_contract
P.DCE,2021-03-19,P2105.DCE,P,7738.0,7780.0,7594.0,7654.0,7680.0,663704.0,308373.0,tushare_contract
P.DCE,2021-03-22,P2105.DCE,P,7694.0,7836.0,7666.0,7802.0,7744.0,565283.0,313633.0,tushare_contract
P.DCE,2021-03-23,P2105.DCE,P,7864.0,8302.0,7864.0,8108.0,8046.0,705038.0,331113.0,tushare_contract
P.DCE,2021-03-24,P2105.DCE,P,8048.0,8084.0,7982.0,8046.0,8034.0,508090.0,325181.0,tushare_contract
P.DCE,2021-03-25,P2105.DCE,P,8036.0,8064.0,7970.0,8016.0,8022.0,481154.0,315819.0,tushare_contract
P.DCE,2021-03-26,P2105.DCE,P,7956.0,7970.0,7488.0,7524.0,7690.0,890300.0,274188.0,tushare_contract
P.DCE,2021-03-29,P2105.DCE,P,7524.0,7568.0,7318.0,7508.0,7510.0,579259.0,252174.0,tushare_contract
P.DCE,2021-03-30,P2105.DCE,P,7596.0,7606.0,7342.0,7402.0,7478.0,565877.0,246545.0,tushare_contract
P.DCE,2021-03-31,P2105.DCE,P,7354.0,7364.0,7188.0,7326.0,7296.0,465907.0,232114.0,tushare_contract
P.DCE,2021-04-01,P2105.DCE,P,7390.0,7624.0,7200.0,7558.0,7418.0,764284.0,221427.0,tushare_contract
P.DCE,2021-04-02,P2105.DCE,P,7568.0,7632.0,7456.0,7566.0,7536.0,448461.0,214965.0,tushare_contract
P.DCE,2021-04-06,P2105.DCE,P,7600.0,7766.0,7518.0,7736.0,7638.0,330382.0,214422.0,tushare_contract
P.DCE,2021-04-07,P2105.DCE,P,7766.0,7900.0,7708.0,7770.0,7808.0,412682.0,200833.0,tushare_contract
P.DCE,2021-04-08,P2105.DCE,P,7770.0,7802.0,7606.0,7656.0,7706.0,377203.0,188184.0,tushare_contract
P.DCE,2021-04-09,P2105.DCE,P,7686.0,7716.0,7570.0,7572.0,7650.0,367393.0,171798.0,tushare_contract
P.DCE,2021-04-12,P2105.DCE,P,7572.0,7636.0,7382.0,7434.0,7510.0,341816.0,151790.0,tushare_contract
P.DCE,2021-04-13,P2109.DCE,P,6710.0,6800.0,6630.0,6774.0,6708.0,546921.0,285422.0,tushare_contract
P.DCE,2021-04-14,P2109.DCE,P,6806.0,6864.0,6754.0,6822.0,6808.0,472399.0,302248.0,tushare_contract
P.DCE,2021-04-15,P2109.DCE,P,6818.0,6950.0,6772.0,6916.0,6872.0,552862.0,310243.0,tushare_contract
P.DCE,2021-04-16,P2109.DCE,P,6930.0,7124.0,6898.0,7096.0,7034.0,587247.0,321074.0,tushare_contract
P.DCE,2021-04-19,P2109.DCE,P,7100.0,7188.0,7044.0,7080.0,7100.0,515513.0,320938.0,tushare_contract
P.DCE,2021-04-20,P2109.DCE,P,7082.0,7230.0,7054.0,7226.0,7118.0,594556.0,342915.0,tushare_contract
P.DCE,2021-04-21,P2109.DCE,P,7290.0,7438.0,7254.0,7432.0,7336.0,610333.0,367436.0,tushare_contract
P.DCE,2021-04-22,P2109.DCE,P,7380.0,7584.0,7356.0,7520.0,7496.0,737926.0,386384.0,tushare_contract
P.DCE,2021-04-23,P2109.DCE,P,7540.0,7666.0,7508.0,7652.0,7602.0,705199.0,406682.0,tushare_contract
P.DCE,2021-04-26,P2109.DCE,P,7550.0,7742.0,7352.0,7374.0,7526.0,948047.0,380817.0,tushare_contract
P.DCE,2021-04-27,P2109.DCE,P,7362.0,7540.0,7260.0,7508.0,7406.0,899258.0,367967.0,tushare_contract
P.DCE,2021-04-28,P2109.DCE,P,7560.0,7612.0,7320.0,7406.0,7454.0,949471.0,357397.0,tushare_contract
P.DCE,2021-04-29,P2109.DCE,P,7450.0,7596.0,7442.0,7532.0,7528.0,655431.0,365619.0,tushare_contract
P.DCE,2021-04-30,P2109.DCE,P,7580.0,7590.0,7344.0,7410.0,7468.0,710152.0,345785.0,tushare_contract
P.DCE,2021-05-06,P2109.DCE,P,7620.0,7934.0,7620.0,7890.0,7820.0,517961.0,391326.0,tushare_contract
P.DCE,2021-05-07,P2109.DCE,P,7890.0,8080.0,7834.0,8026.0,7980.0,655909.0,404267.0,tushare_contract
P.DCE,2021-05-10,P2109.DCE,P,8102.0,8120.0,7900.0,7954.0,8012.0,853357.0,396794.0,tushare_contract
P.DCE,2021-05-11,P2109.DCE,P,7966.0,8054.0,7836.0,7998.0,7966.0,685019.0,402032.0,tushare_contract
P.DCE,2021-05-12,P2109.DCE,P,8022.0,8344.0,7956.0,8338.0,8172.0,812215.0,413415.0,tushare_contract
P.DCE,2021-05-13,P2109.DCE,P,8280.0,8428.0,8182.0,8376.0,8284.0,886987.0,416734.0,tushare_contract
P.DCE,2021-05-14,P2109.DCE,P,8284.0,8330.0,8010.0,8158.0,8170.0,1031361.0,386122.0,tushare_contract
P.DCE,2021-05-17,P2109.DCE,P,8190.0,8428.0,8026.0,8086.0,8220.0,1069353.0,379291.0,tushare_contract
P.DCE,2021-05-18,P2109.DCE,P,8100.0,8324.0,8050.0,8268.0,8188.0,772535.0,382806.0,tushare_contract
P.DCE,2021-05-19,P2109.DCE,P,8368.0,8372.0,8076.0,8142.0,8202.0,903637.0,383130.0,tushare_contract
P.DCE,2021-05-20,P2109.DCE,P,8000.0,8116.0,7822.0,8102.0,7950.0,900681.0,378737.0,tushare_contract
P.DCE,2021-05-21,P2109.DCE,P,7902.0,7934.0,7640.0,7650.0,7804.0,1155448.0,346833.0,tushare_contract
P.DCE,2021-05-24,P2109.DCE,P,7620.0,7694.0,7424.0,7568.0,7590.0,939970.0,343496.0,tushare_contract
P.DCE,2021-05-25,P2109.DCE,P,7560.0,7696.0,7556.0,7626.0,7622.0,745130.0,345759.0,tushare_contract
P.DCE,2021-05-26,P2109.DCE,P,7626.0,7756.0,7484.0,7710.0,7648.0,867575.0,345612.0,tushare_contract
P.DCE,2021-05-27,P2109.DCE,P,7660.0,7696.0,7450.0,7464.0,7572.0,916858.0,346223.0,tushare_contract
P.DCE,2021-05-28,P2109.DCE,P,7500.0,7748.0,7490.0,7634.0,7638.0,836979.0,353271.0,tushare_contract
P.DCE,2021-05-31,P2109.DCE,P,7590.0,7754.0,7478.0,7546.0,7586.0,1007232.0,364103.0,tushare_contract
P.DCE,2021-06-01,P2109.DCE,P,7546.0,7632.0,7492.0,7590.0,7566.0,697525.0,361674.0,tushare_contract
P.DCE,2021-06-02,P2109.DCE,P,7604.0,7814.0,7574.0,7808.0,7680.0,905813.0,380633.0,tushare_contract
P.DCE,2021-06-03,P2109.DCE,P,7860.0,8176.0,7860.0,8134.0,8028.0,924391.0,402721.0,tushare_contract
P.DCE,2021-06-04,P2109.DCE,P,8100.0,8128.0,7920.0,7942.0,8006.0,824400.0,392987.0,tushare_contract
P.DCE,2021-06-07,P2109.DCE,P,8026.0,8180.0,7910.0,7964.0,8020.0,819156.0,386765.0,tushare_contract
P.DCE,2021-06-08,P2109.DCE,P,7964.0,8006.0,7642.0,7656.0,7822.0,924718.0,387904.0,tushare_contract
P.DCE,2021-06-09,P2109.DCE,P,7692.0,7842.0,7642.0,7664.0,7754.0,821400.0,376234.0,tushare_contract
P.DCE,2021-06-10,P2109.DCE,P,7580.0,7746.0,7540.0,7690.0,7620.0,882205.0,368241.0,tushare_contract
P.DCE,2021-06-11,P2109.DCE,P,7608.0,7672.0,7410.0,7432.0,7530.0,972714.0,394309.0,tushare_contract
P.DCE,2021-06-15,P2109.DCE,P,6958.0,7100.0,6928.0,7052.0,6990.0,797295.0,409158.0,tushare_contract
P.DCE,2021-06-16,P2109.DCE,P,7100.0,7160.0,6858.0,6882.0,7014.0,921041.0,422461.0,tushare_contract
P.DCE,2021-06-17,P2109.DCE,P,6886.0,6984.0,6728.0,6918.0,6890.0,996902.0,415070.0,tushare_contract
P.DCE,2021-06-18,P2109.DCE,P,6740.0,6888.0,6606.0,6694.0,6742.0,1193964.0,417284.0,tushare_contract
P.DCE,2021-06-21,P2109.DCE,P,6816.0,6942.0,6734.0,6816.0,6804.0,1167513.0,411464.0,tushare_contract
P.DCE,2021-06-22,P2109.DCE,P,6802.0,7036.0,6784.0,6922.0,6884.0,959498.0,408779.0,tushare_contract
P.DCE,2021-06-23,P2109.DCE,P,6902.0,7116.0,6872.0,6984.0,6978.0,928508.0,402286.0,tushare_contract
P.DCE,2021-06-24,P2109.DCE,P,6968.0,7038.0,6842.0,6860.0,6936.0,985548.0,409145.0,tushare_contract
P.DCE,2021-06-25,P2109.DCE,P,6840.0,7056.0,6810.0,7018.0,6934.0,970885.0,390904.0,tushare_contract
P.DCE,2021-06-28,P2109.DCE,P,7040.0,7080.0,6782.0,7068.0,6932.0,1137642.0,395741.0,tushare_contract
P.DCE,2021-06-29,P2109.DCE,P,7068.0,7124.0,6932.0,7034.0,7042.0,940251.0,378310.0,tushare_contract
P.DCE,2021-06-30,P2109.DCE,P,7144.0,7232.0,7108.0,7230.0,7176.0,880665.0,383139.0,tushare_contract
P.DCE,2021-07-01,P2109.DCE,P,7190.0,7492.0,7176.0,7480.0,7344.0,1016385.0,406977.0,tushare_contract
P.DCE,2021-07-02,P2109.DCE,P,7568.0,7608.0,7444.0,7608.0,7526.0,922988.0,415784.0,tushare_contract
P.DCE,2021-07-05,P2109.DCE,P,7636.0,7700.0,7526.0,7612.0,7606.0,908934.0,412021.0,tushare_contract
P.DCE,2021-07-06,P2109.DCE,P,7612.0,7782.0,7610.0,7746.0,7710.0,828171.0,421973.0,tushare_contract
P.DCE,2021-07-07,P2109.DCE,P,7700.0,7704.0,7490.0,7598.0,7596.0,1164231.0,407022.0,tushare_contract
P.DCE,2021-07-08,P2109.DCE,P,7550.0,7642.0,7450.0,7610.0,7552.0,952690.0,405692.0,tushare_contract
P.DCE,2021-07-09,P2109.DCE,P,7550.0,7820.0,7528.0,7814.0,7652.0,1024499.0,440939.0,tushare_contract
P.DCE,2021-07-12,P2109.DCE,P,7814.0,7942.0,7758.0,7770.0,7834.0,826437.0,416018.0,tushare_contract
P.DCE,2021-07-13,P2109.DCE,P,7746.0,7898.0,7744.0,7802.0,7810.0,727366.0,414074.0,tushare_contract
P.DCE,2021-07-14,P2109.DCE,P,7856.0,7916.0,7712.0,7890.0,7820.0,919460.0,416654.0,tushare_contract
P.DCE,2021-07-15,P2109.DCE,P,7888.0,8022.0,7772.0,7970.0,7910.0,892734.0,428584.0,tushare_contract
P.DCE,2021-07-16,P2109.DCE,P,8030.0,8142.0,7958.0,8054.0,8040.0,917860.0,431383.0,tushare_contract
P.DCE,2021-07-19,P2109.DCE,P,8110.0,8298.0,8094.0,8118.0,8190.0,856878.0,419442.0,tushare_contract
P.DCE,2021-07-20,P2109.DCE,P,8052.0,8256.0,7964.0,8208.0,8084.0,860331.0,423194.0,tushare_contract
P.DCE,2021-07-21,P2109.DCE,P,8208.0,8242.0,7994.0,8084.0,8132.0,810324.0,397621.0,tushare_contract
P.DCE,2021-07-22,P2109.DCE,P,8098.0,8152.0,8004.0,8106.0,8076.0,820595.0,403606.0,tushare_contract
P.DCE,2021-07-23,P2109.DCE,P,8068.0,8344.0,8032.0,8326.0,8184.0,1040716.0,444414.0,tushare_contract
P.DCE,2021-07-26,P2109.DCE,P,8348.0,8408.0,8186.0,8366.0,8304.0,866563.0,436441.0,tushare_contract
P.DCE,2021-07-27,P2109.DCE,P,8430.0,8596.0,8386.0,8536.0,8496.0,800295.0,441271.0,tushare_contract
P.DCE,2021-07-28,P2109.DCE,P,8542.0,8572.0,8390.0,8408.0,8508.0,721072.0,413673.0,tushare_contract
P.DCE,2021-07-29,P2109.DCE,P,8382.0,8512.0,8350.0,8496.0,8428.0,744642.0,401806.0,tushare_contract
P.DCE,2021-07-30,P2109.DCE,P,8550.0,8608.0,8432.0,8604.0,8508.0,940798.0,399751.0,tushare_contract
P.DCE,2021-08-02,P2109.DCE,P,8514.0,8582.0,8150.0,8150.0,8346.0,1102472.0,351102.0,tushare_contract
P.DCE,2021-08-03,P2109.DCE,P,8122.0,8262.0,8016.0,8188.0,8126.0,901951.0,315872.0,tushare_contract
P.DCE,2021-08-04,P2109.DCE,P,8106.0,8456.0,8106.0,8422.0,8264.0,804762.0,328525.0,tushare_contract
P.DCE,2021-08-05,P2109.DCE,P,8400.0,8522.0,8352.0,8426.0,8430.0,740129.0,317024.0,tushare_contract
P.DCE,2021-08-06,P2109.DCE,P,8400.0,8534.0,8356.0,8486.0,8424.0,758218.0,313696.0,tushare_contract
P.DCE,2021-08-09,P2109.DCE,P,8530.0,8690.0,8432.0,8530.0,8550.0,832904.0,298456.0,tushare_contract
P.DCE,2021-08-10,P2109.DCE,P,8398.0,8682.0,8384.0,8660.0,8558.0,683942.0,301366.0,tushare_contract
P.DCE,2021-08-11,P2109.DCE,P,8664.0,8998.0,8616.0,8994.0,8784.0,822180.0,299626.0,tushare_contract
P.DCE,2021-08-12,P2109.DCE,P,9000.0,9078.0,8964.0,9004.0,9014.0,717305.0,274401.0,tushare_contract
P.DCE,2021-08-13,P2109.DCE,P,8990.0,9080.0,8846.0,8908.0,8960.0,657103.0,238753.0,tushare_contract
P.DCE,2021-08-16,P2109.DCE,P,8960.0,9162.0,8870.0,8880.0,9010.0,723428.0,160868.0,tushare_contract
P.DCE,2021-08-17,P2109.DCE,P,8810.0,9066.0,8810.0,8948.0,8940.0,418326.0,125373.0,tushare_contract
P.DCE,2021-08-18,P2201.DCE,P,8360.0,8404.0,8082.0,8166.0,8236.0,1047424.0,330692.0,tushare_contract
P.DCE,2021-08-19,P2201.DCE,P,8148.0,8262.0,8032.0,8172.0,8158.0,843896.0,343887.0,tushare_contract
P.DCE,2021-08-20,P2201.DCE,P,8110.0,8146.0,7932.0,8060.0,8034.0,904298.0,332361.0,tushare_contract
P.DCE,2021-08-23,P2201.DCE,P,8018.0,8158.0,7836.0,8084.0,8018.0,1093667.0,350516.0,tushare_contract
P.DCE,2021-08-24,P2201.DCE,P,8170.0,8196.0,8022.0,8168.0,8096.0,890080.0,352727.0,tushare_contract
P.DCE,2021-08-25,P2201.DCE,P,8168.0,8314.0,8150.0,8290.0,8230.0,822133.0,369296.0,tushare_contract
P.DCE,2021-08-26,P2201.DCE,P,8292.0,8446.0,8216.0,8258.0,8340.0,880942.0,374087.0,tushare_contract
P.DCE,2021-08-27,P2201.DCE,P,8278.0,8346.0,8122.0,8266.0,8260.0,999073.0,393596.0,tushare_contract
P.DCE,2021-08-30,P2201.DCE,P,8252.0,8424.0,8186.0,8206.0,8282.0,943638.0,390139.0,tushare_contract
P.DCE,2021-08-31,P2201.DCE,P,8174.0,8326.0,8134.0,8306.0,8240.0,767937.0,388221.0,tushare_contract
P.DCE,2021-09-01,P2201.DCE,P,8246.0,8282.0,8040.0,8054.0,8134.0,897153.0,374272.0,tushare_contract
P.DCE,2021-09-02,P2201.DCE,P,8026.0,8092.0,7962.0,8016.0,8030.0,772998.0,372119.0,tushare_contract
P.DCE,2021-09-03,P2201.DCE,P,8072.0,8384.0,8020.0,8318.0,8186.0,1045524.0,389729.0,tushare_contract
P.DCE,2021-09-06,P2201.DCE,P,8318.0,8392.0,8252.0,8350.0,8320.0,740375.0,381755.0,tushare_contract
P.DCE,2021-09-07,P2201.DCE,P,8326.0,8474.0,8284.0,8392.0,8358.0,821121.0,385276.0,tushare_contract
P.DCE,2021-09-08,P2201.DCE,P,8426.0,8480.0,8268.0,8442.0,8388.0,889749.0,412740.0,tushare_contract
P.DCE,2021-09-09,P2201.DCE,P,8522.0,8594.0,8332.0,8488.0,8454.0,1025139.0,403634.0,tushare_contract
P.DCE,2021-09-10,P2201.DCE,P,8450.0,8522.0,8150.0,8154.0,8344.0,1241812.0,395811.0,tushare_contract
P.DCE,2021-09-13,P2201.DCE,P,8154.0,8346.0,8132.0,8268.0,8254.0,829633.0,376929.0,tushare_contract
P.DCE,2021-09-14,P2201.DCE,P,8280.0,8310.0,8158.0,8278.0,8240.0,788485.0,378780.0,tushare_contract
P.DCE,2021-09-15,P2201.DCE,P,8306.0,8454.0,8214.0,8442.0,8338.0,988141.0,404779.0,tushare_contract
P.DCE,2021-09-16,P2201.DCE,P,8456.0,8652.0,8416.0,8564.0,8524.0,860190.0,427741.0,tushare_contract
P.DCE,2021-09-17,P2201.DCE,P,8516.0,8566.0,8160.0,8190.0,8352.0,1080889.0,374469.0,tushare_contract
P.DCE,2021-09-22,P2201.DCE,P,8150.0,8390.0,8108.0,8368.0,8268.0,623892.0,379099.0,tushare_contract
P.DCE,2021-09-23,P2201.DCE,P,8392.0,8670.0,8330.0,8664.0,8478.0,935638.0,446356.0,tushare_contract
P.DCE,2021-09-24,P2201.DCE,P,8666.0,8734.0,8524.0,8706.0,8648.0,821466.0,474893.0,tushare_contract
P.DCE,2021-09-27,P2201.DCE,P,8682.0,8756.0,8566.0,8580.0,8664.0,907757.0,457031.0,tushare_contract
P.DCE,2021-09-28,P2201.DCE,P,8580.0,8656.0,8408.0,8650.0,8558.0,818636.0,437305.0,tushare_contract
P.DCE,2021-09-29,P2201.DCE,P,8640.0,8688.0,8508.0,8614.0,8602.0,772558.0,424144.0,tushare_contract
P.DCE,2021-09-30,P2201.DCE,P,8632.0,8910.0,8602.0,8888.0,8780.0,813786.0,432045.0,tushare_contract
P.DCE,2021-10-08,P2201.DCE,P,9346.0,9436.0,9248.0,9410.0,9350.0,600513.0,442179.0,tushare_contract
P.DCE,2021-10-11,P2201.DCE,P,9500.0,9662.0,9406.0,9462.0,9500.0,857933.0,434727.0,tushare_contract
P.DCE,2021-10-12,P2201.DCE,P,9450.0,9558.0,9276.0,9390.0,9414.0,738288.0,424857.0,tushare_contract
P.DCE,2021-10-13,P2201.DCE,P,9350.0,9548.0,9092.0,9484.0,9356.0,1078022.0,443887.0,tushare_contract
P.DCE,2021-10-14,P2201.DCE,P,9526.0,9608.0,9184.0,9282.0,9348.0,989920.0,394928.0,tushare_contract
P.DCE,2021-10-15,P2201.DCE,P,9288.0,9442.0,9206.0,9422.0,9326.0,690253.0,391299.0,tushare_contract
P.DCE,2021-10-18,P2201.DCE,P,9470.0,9654.0,9338.0,9598.0,9502.0,1000094.0,401845.0,tushare_contract
P.DCE,2021-10-19,P2201.DCE,P,9556.0,9734.0,9488.0,9716.0,9620.0,850722.0,411106.0,tushare_contract
P.DCE,2021-10-20,P2201.DCE,P,9680.0,9848.0,9470.0,9814.0,9648.0,943228.0,419810.0,tushare_contract
P.DCE,2021-10-21,P2201.DCE,P,9830.0,10106.0,9808.0,9830.0,9982.0,1009591.0,408342.0,tushare_contract
P.DCE,2021-10-22,P2201.DCE,P,9720.0,9792.0,9288.0,9416.0,9530.0,1294196.0,337071.0,tushare_contract
P.DCE,2021-10-25,P2201.DCE,P,9470.0,9630.0,9362.0,9580.0,9510.0,875282.0,348023.0,tushare_contract
P.DCE,2021-10-26,P2201.DCE,P,9602.0,9808.0,9544.0,9702.0,9684.0,929665.0,358340.0,tushare_contract
P.DCE,2021-10-27,P2201.DCE,P,9696.0,9736.0,9486.0,9578.0,9632.0,999548.0,359575.0,tushare_contract
P.DCE,2021-10-28,P2201.DCE,P,9574.0,9580.0,9256.0,9442.0,9440.0,1312414.0,338165.0,tushare_contract
P.DCE,2021-10-29,P2201.DCE,P,9472.0,9774.0,9460.0,9770.0,9600.0,969922.0,376715.0,tushare_contract
P.DCE,2021-11-01,P2201.DCE,P,9748.0,9814.0,9568.0,9574.0,9714.0,997192.0,384559.0,tushare_contract
P.DCE,2021-11-02,P2201.DCE,P,9632.0,9778.0,9474.0,9686.0,9670.0,989931.0,376250.0,tushare_contract
P.DCE,2021-11-03,P2201.DCE,P,9716.0,9966.0,9586.0,9940.0,9760.0,912863.0,399013.0,tushare_contract
P.DCE,2021-11-04,P2201.DCE,P,9932.0,9940.0,9494.0,9514.0,9710.0,928260.0,350243.0,tushare_contract
P.DCE,2021-11-05,P2201.DCE,P,9610.0,9644.0,9340.0,9476.0,9476.0,934836.0,348105.0,tushare_contract
P.DCE,2021-11-08,P2201.DCE,P,9430.0,9430.0,8740.0,9238.0,9094.0,1721731.0,341108.0,tushare_contract
P.DCE,2021-11-09,P2201.DCE,P,9254.0,9284.0,8830.0,8938.0,9044.0,989018.0,333463.0,tushare_contract
P.DCE,2021-11-10,P2201.DCE,P,8970.0,9294.0,8916.0,9266.0,9074.0,797502.0,339438.0,tushare_contract
P.DCE,2021-11-11,P2201.DCE,P,9290.0,9450.0,9226.0,9358.0,9360.0,786925.0,326954.0,tushare_contract
P.DCE,2021-11-12,P2201.DCE,P,9358.0,9516.0,9270.0,9428.0,9418.0,716182.0,338086.0,tushare_contract
P.DCE,2021-11-15,P2201.DCE,P,9394.0,9636.0,9324.0,9458.0,9476.0,791102.0,336059.0,tushare_contract
P.DCE,2021-11-16,P2201.DCE,P,9458.0,9696.0,9428.0,9490.0,9552.0,813457.0,333763.0,tushare_contract
P.DCE,2021-11-17,P2201.DCE,P,9532.0,9690.0,9460.0,9666.0,9574.0,619192.0,343456.0,tushare_contract
P.DCE,2021-11-18,P2201.DCE,P,9700.0,9788.0,9596.0,9750.0,9690.0,781387.0,337166.0,tushare_contract
P.DCE,2021-11-19,P2201.DCE,P,9800.0,9982.0,9762.0,9978.0,9842.0,771036.0,367293.0,tushare_contract
P.DCE,2021-11-22,P2201.DCE,P,9880.0,10018.0,9654.0,9692.0,9818.0,1101556.0,325865.0,tushare_contract
P.DCE,2021-11-23,P2201.DCE,P,9730.0,9932.0,9512.0,9520.0,9730.0,956823.0,318677.0,tushare_contract
P.DCE,2021-11-24,P2201.DCE,P,9510.0,9642.0,9426.0,9584.0,9534.0,743532.0,300157.0,tushare_contract
P.DCE,2021-11-25,P2201.DCE,P,9610.0,9764.0,9552.0,9706.0,9658.0,637649.0,296187.0,tushare_contract
P.DCE,2021-11-26,P2201.DCE,P,9648.0,9668.0,9436.0,9468.0,9550.0,827867.0,273184.0,tushare_contract
P.DCE,2021-11-29,P2201.DCE,P,9374.0,9648.0,9270.0,9416.0,9456.0,875573.0,268402.0,tushare_contract
P.DCE,2021-11-30,P2201.DCE,P,9416.0,9498.0,9086.0,9146.0,9276.0,844834.0,252433.0,tushare_contract
P.DCE,2021-12-01,P2201.DCE,P,9046.0,9294.0,9002.0,9258.0,9136.0,674950.0,256224.0,tushare_contract
P.DCE,2021-12-02,P2201.DCE,P,9258.0,9290.0,8990.0,9102.0,9140.0,673868.0,249386.0,tushare_contract
P.DCE,2021-12-03,P2201.DCE,P,9120.0,9494.0,9072.0,9482.0,9272.0,735819.0,243744.0,tushare_contract
P.DCE,2021-12-06,P2201.DCE,P,9492.0,9608.0,9464.0,9482.0,9530.0,515522.0,231179.0,tushare_contract
P.DCE,2021-12-07,P2201.DCE,P,9490.0,9716.0,9482.0,9594.0,9586.0,518683.0,228030.0,tushare_contract
P.DCE,2021-12-08,P2201.DCE,P,9646.0,9656.0,9314.0,9370.0,9496.0,579798.0,193682.0,tushare_contract
P.DCE,2021-12-09,P2201.DCE,P,9370.0,9484.0,9262.0,9270.0,9364.0,469589.0,174771.0,tushare_contract
P.DCE,2021-12-10,P2201.DCE,P,9192.0,9352.0,9094.0,9164.0,9218.0,412515.0,158570.0,tushare_contract
P.DCE,2021-12-13,P2205.DCE,P,8094.0,8154.0,7888.0,7986.0,8006.0,650528.0,318520.0,tushare_contract
P.DCE,2021-12-14,P2205.DCE,P,7974.0,8032.0,7798.0,7828.0,7902.0,668190.0,343461.0,tushare_contract
P.DCE,2021-12-15,P2205.DCE,P,7800.0,7862.0,7576.0,7678.0,7742.0,813776.0,363327.0,tushare_contract
P.DCE,2021-12-16,P2205.DCE,P,7634.0,7842.0,7634.0,7816.0,7742.0,665595.0,358273.0,tushare_contract
P.DCE,2021-12-17,P2205.DCE,P,7836.0,8024.0,7796.0,7974.0,7944.0,697238.0,350436.0,tushare_contract
P.DCE,2021-12-20,P2205.DCE,P,7928.0,7970.0,7704.0,7708.0,7848.0,713256.0,366223.0,tushare_contract
P.DCE,2021-12-21,P2205.DCE,P,7690.0,7972.0,7680.0,7926.0,7844.0,687947.0,367521.0,tushare_contract
P.DCE,2021-12-22,P2205.DCE,P,7964.0,8068.0,7916.0,8026.0,7994.0,579000.0,370764.0,tushare_contract
P.DCE,2021-12-23,P2205.DCE,P,8020.0,8188.0,8016.0,8126.0,8116.0,767299.0,366735.0,tushare_contract
P.DCE,2021-12-24,P2205.DCE,P,8098.0,8390.0,8072.0,8390.0,8228.0,715756.0,404271.0,tushare_contract
P.DCE,2021-12-27,P2205.DCE,P,8390.0,8416.0,8322.0,8350.0,8362.0,555609.0,402269.0,tushare_contract
P.DCE,2021-12-28,P2205.DCE,P,8346.0,8518.0,8314.0,8472.0,8400.0,712993.0,404634.0,tushare_contract
P.DCE,2021-12-29,P2205.DCE,P,8536.0,8552.0,8296.0,8330.0,8414.0,634816.0,394576.0,tushare_contract
P.DCE,2021-12-30,P2205.DCE,P,8346.0,8512.0,8334.0,8470.0,8438.0,658193.0,414030.0,tushare_contract
P.DCE,2021-12-31,P2205.DCE,P,8440.0,8564.0,8400.0,8550.0,8470.0,680360.0,422507.0,tushare_contract
P.DCE,2022-01-04,P2205.DCE,P,8610.0,8750.0,8552.0,8682.0,8660.0,586409.0,443279.0,tushare_contract
P.DCE,2022-01-05,P2205.DCE,P,8736.0,8920.0,8694.0,8816.0,8808.0,676539.0,448592.0,tushare_contract
P.DCE,2022-01-06,P2205.DCE,P,8860.0,8912.0,8692.0,8728.0,8810.0,676666.0,455440.0,tushare_contract
P.DCE,2022-01-07,P2205.DCE,P,8780.0,8894.0,8744.0,8858.0,8836.0,620716.0,463339.0,tushare_contract
P.DCE,2022-01-10,P2205.DCE,P,8862.0,9014.0,8678.0,8978.0,8836.0,897496.0,471940.0,tushare_contract
P.DCE,2022-01-11,P2205.DCE,P,8906.0,8926.0,8772.0,8924.0,8852.0,655832.0,464505.0,tushare_contract
P.DCE,2022-01-12,P2205.DCE,P,8964.0,9004.0,8832.0,8914.0,8916.0,641506.0,475988.0,tushare_contract
P.DCE,2022-01-13,P2205.DCE,P,8906.0,9078.0,8904.0,8982.0,8988.0,708360.0,476562.0,tushare_contract
P.DCE,2022-01-14,P2205.DCE,P,9048.0,9092.0,8852.0,9062.0,8964.0,909247.0,484602.0,tushare_contract
P.DCE,2022-01-17,P2205.DCE,P,9050.0,9072.0,8830.0,9040.0,8976.0,826021.0,501164.0,tushare_contract
P.DCE,2022-01-18,P2205.DCE,P,9060.0,9188.0,9042.0,9166.0,9126.0,625279.0,537296.0,tushare_contract
P.DCE,2022-01-19,P2205.DCE,P,9160.0,9442.0,9130.0,9286.0,9294.0,769480.0,528103.0,tushare_contract
P.DCE,2022-01-20,P2205.DCE,P,9286.0,9454.0,9280.0,9414.0,9368.0,569947.0,517537.0,tushare_contract
P.DCE,2022-01-21,P2205.DCE,P,9416.0,9548.0,9372.0,9526.0,9448.0,622262.0,517617.0,tushare_contract
P.DCE,2022-01-24,P2205.DCE,P,9606.0,9692.0,9470.0,9470.0,9580.0,693161.0,511985.0,tushare_contract
P.DCE,2022-01-25,P2205.DCE,P,9460.0,9490.0,9316.0,9432.0,9406.0,629701.0,500799.0,tushare_contract
P.DCE,2022-01-26,P2205.DCE,P,9432.0,9594.0,9356.0,9574.0,9480.0,563544.0,517134.0,tushare_contract
P.DCE,2022-01-27,P2205.DCE,P,9600.0,9780.0,9558.0,9752.0,9696.0,556767.0,507965.0,tushare_contract
P.DCE,2022-01-28,P2205.DCE,P,9774.0,9956.0,9774.0,9934.0,9858.0,606948.0,468416.0,tushare_contract
P.DCE,2022-02-07,P2205.DCE,P,10012.0,10404.0,10012.0,10162.0,10262.0,568300.0,468107.0,tushare_contract
P.DCE,2022-02-08,P2205.DCE,P,10162.0,10232.0,9920.0,9988.0,10076.0,644260.0,457093.0,tushare_contract
P.DCE,2022-02-09,P2205.DCE,P,9922.0,9924.0,9706.0,9872.0,9814.0,667401.0,433530.0,tushare_contract
P.DCE,2022-02-10,P2205.DCE,P,10056.0,10128.0,9880.0,9960.0,9980.0,721646.0,453178.0,tushare_contract
P.DCE,2022-02-11,P2205.DCE,P,9972.0,10030.0,9788.0,9932.0,9916.0,840616.0,462579.0,tushare_contract
P.DCE,2022-02-14,P2205.DCE,P,9998.0,10212.0,9960.0,10086.0,10078.0,689736.0,487615.0,tushare_contract
P.DCE,2022-02-15,P2205.DCE,P,10070.0,10228.0,9984.0,10218.0,10096.0,700893.0,524621.0,tushare_contract
P.DCE,2022-02-16,P2205.DCE,P,10094.0,10192.0,9890.0,10182.0,10030.0,865340.0,519499.0,tushare_contract
P.DCE,2022-02-17,P2205.DCE,P,10120.0,10192.0,10006.0,10134.0,10114.0,798203.0,509944.0,tushare_contract
P.DCE,2022-02-18,P2205.DCE,P,10160.0,10456.0,10160.0,10424.0,10324.0,943428.0,550898.0,tushare_contract
P.DCE,2022-02-21,P2205.DCE,P,10364.0,10620.0,10326.0,10530.0,10480.0,707740.0,539451.0,tushare_contract
P.DCE,2022-02-22,P2205.DCE,P,10546.0,10808.0,10490.0,10770.0,10674.0,693345.0,529205.0,tushare_contract
P.DCE,2022-02-23,P2205.DCE,P,10670.0,11436.0,10552.0,11178.0,10936.0,1227393.0,520044.0,tushare_contract
P.DCE,2022-02-24,P2205.DCE,P,11110.0,11620.0,11110.0,11596.0,11340.0,1231587.0,481806.0,tushare_contract
P.DCE,2022-02-25,P2205.DCE,P,11650.0,11834.0,11192.0,11360.0,11466.0,1421086.0,473154.0,tushare_contract
P.DCE,2022-02-28,P2205.DCE,P,11100.0,11460.0,10866.0,11402.0,11162.0,1198617.0,447733.0,tushare_contract
P.DCE,2022-03-01,P2205.DCE,P,11396.0,12054.0,11260.0,12022.0,11682.0,1061216.0,457527.0,tushare_contract
P.DCE,2022-03-02,P2205.DCE,P,12220.0,12602.0,12068.0,12340.0,12372.0,1508462.0,424789.0,tushare_contract
P.DCE,2022-03-03,P2205.DCE,P,12242.0,12796.0,12206.0,12630.0,12524.0,936944.0,406684.0,tushare_contract
P.DCE,2022-03-04,P2205.DCE,P,12500.0,12596.0,11536.0,11720.0,12062.0,1387781.0,374374.0,tushare_contract
P.DCE,2022-03-07,P2205.DCE,P,11820.0,12378.0,11650.0,11912.0,11928.0,1063980.0,363713.0,tushare_contract
P.DCE,2022-03-08,P2205.DCE,P,11856.0,12196.0,11388.0,11966.0,11776.0,1134306.0,349484.0,tushare_contract
P.DCE,2022-03-09,P2205.DCE,P,11772.0,12718.0,11660.0,12718.0,12144.0,1008090.0,345196.0,tushare_contract
P.DCE,2022-03-10,P2205.DCE,P,12536.0,12596.0,11912.0,12254.0,12280.0,1217371.0,343895.0,tushare_contract
P.DCE,2022-03-11,P2205.DCE,P,12400.0,12750.0,12136.0,12346.0,12444.0,957568.0,335197.0,tushare_contract
P.DCE,2022-03-14,P2205.DCE,P,12236.0,12260.0,11450.0,11450.0,11828.0,997551.0,317166.0,tushare_contract
P.DCE,2022-03-15,P2205.DCE,P,11504.0,11544.0,10980.0,11012.0,11250.0,825401.0,321033.0,tushare_contract
P.DCE,2022-03-16,P2205.DCE,P,11060.0,11610.0,11000.0,11418.0,11360.0,766513.0,310734.0,tushare_contract
P.DCE,2022-03-17,P2205.DCE,P,11550.0,11640.0,10838.0,10938.0,11222.0,913498.0,326052.0,tushare_contract
P.DCE,2022-03-18,P2205.DCE,P,11230.0,11390.0,10992.0,11058.0,11152.0,899250.0,327467.0,tushare_contract
P.DCE,2022-03-21,P2205.DCE,P,10730.0,11110.0,10532.0,10900.0,10798.0,731937.0,312272.0,tushare_contract
P.DCE,2022-03-22,P2205.DCE,P,10876.0,11278.0,10818.0,11264.0,11048.0,605751.0,308385.0,tushare_contract
P.DCE,2022-03-23,P2205.DCE,P,11264.0,11508.0,11150.0,11482.0,11306.0,539143.0,311090.0,tushare_contract
P.DCE,2022-03-24,P2205.DCE,P,11600.0,12088.0,11380.0,11394.0,11732.0,664929.0,300305.0,tushare_contract
P.DCE,2022-03-25,P2205.DCE,P,11310.0,11712.0,11268.0,11578.0,11500.0,554815.0,293013.0,tushare_contract
P.DCE,2022-03-28,P2205.DCE,P,11600.0,11832.0,11438.0,11580.0,11614.0,467140.0,282195.0,tushare_contract
P.DCE,2022-03-29,P2205.DCE,P,11580.0,11722.0,11422.0,11666.0,11560.0,408564.0,274219.0,tushare_contract
P.DCE,2022-03-30,P2205.DCE,P,11400.0,11550.0,11258.0,11520.0,11420.0,407473.0,259827.0,tushare_contract
P.DCE,2022-03-31,P2205.DCE,P,11522.0,11618.0,11300.0,11496.0,11454.0,308246.0,238102.0,tushare_contract
P.DCE,2022-04-01,P2205.DCE,P,11410.0,11528.0,10826.0,10922.0,11198.0,396110.0,198124.0,tushare_contract
P.DCE,2022-04-06,P2205.DCE,P,11160.0,11712.0,11086.0,11646.0,11432.0,194741.0,175387.0,tushare_contract
P.DCE,2022-04-07,P2209.DCE,P,10120.0,10324.0,10070.0,10180.0,10204.0,588405.0,202270.0,tushare_contract
P.DCE,2022-04-08,P2209.DCE,P,10206.0,10374.0,10176.0,10362.0,10282.0,534455.0,222008.0,tushare_contract
P.DCE,2022-04-11,P2209.DCE,P,10386.0,10518.0,10226.0,10302.0,10370.0,604041.0,220810.0,tushare_contract
P.DCE,2022-04-12,P2209.DCE,P,10250.0,10686.0,10212.0,10638.0,10470.0,597927.0,258827.0,tushare_contract
P.DCE,2022-04-13,P2209.DCE,P,10680.0,10808.0,10560.0,10622.0,10680.0,585298.0,260777.0,tushare_contract
P.DCE,2022-04-14,P2209.DCE,P,10688.0,10988.0,10646.0,10918.0,10828.0,594317.0,281566.0,tushare_contract
P.DCE,2022-04-15,P2209.DCE,P,10892.0,11240.0,10824.0,11238.0,11038.0,626677.0,310633.0,tushare_contract
P.DCE,2022-04-18,P2209.DCE,P,11240.0,11536.0,11196.0,11270.0,11330.0,791837.0,293659.0,tushare_contract
P.DCE,2022-04-19,P2209.DCE,P,11340.0,11532.0,11322.0,11458.0,11448.0,630094.0,309957.0,tushare_contract
P.DCE,2022-04-20,P2209.DCE,P,11374.0,11484.0,11000.0,11124.0,11260.0,853993.0,294663.0,tushare_contract
P.DCE,2022-04-21,P2209.DCE,P,11130.0,11336.0,11062.0,11206.0,11186.0,651964.0,299288.0,tushare_contract
P.DCE,2022-04-22,P2209.DCE,P,11148.0,11364.0,11024.0,11078.0,11186.0,866278.0,298582.0,tushare_contract
P.DCE,2022-04-25,P2209.DCE,P,11500.0,12008.0,11108.0,11136.0,11572.0,1391734.0,289006.0,tushare_contract
P.DCE,2022-04-26,P2209.DCE,P,11000.0,11436.0,10888.0,11400.0,11132.0,924623.0,296260.0,tushare_contract
P.DCE,2022-04-27,P2209.DCE,P,11410.0,11668.0,11390.0,11650.0,11540.0,799306.0,308185.0,tushare_contract
P.DCE,2022-04-28,P2209.DCE,P,12326.0,12348.0,11666.0,11978.0,11904.0,1039306.0,311704.0,tushare_contract
P.DCE,2022-04-29,P2209.DCE,P,11950.0,12392.0,11888.0,12290.0,12148.0,970098.0,316548.0,tushare_contract
P.DCE,2022-05-05,P2209.DCE,P,12000.0,12270.0,11766.0,11884.0,11938.0,535438.0,308466.0,tushare_contract
P.DCE,2022-05-06,P2209.DCE,P,11832.0,12044.0,11522.0,11562.0,11742.0,886187.0,302748.0,tushare_contract
P.DCE,2022-05-09,P2209.DCE,P,11550.0,11682.0,11408.0,11568.0,11550.0,734015.0,297745.0,tushare_contract
P.DCE,2022-05-10,P2209.DCE,P,11522.0,11640.0,11308.0,11552.0,11488.0,802111.0,302279.0,tushare_contract
P.DCE,2022-05-11,P2209.DCE,P,11520.0,11668.0,11342.0,11580.0,11498.0,833122.0,320285.0,tushare_contract
P.DCE,2022-05-12,P2209.DCE,P,11588.0,11736.0,11390.0,11400.0,11568.0,854048.0,311585.0,tushare_contract
P.DCE,2022-05-13,P2209.DCE,P,11380.0,11802.0,11360.0,11672.0,11606.0,732838.0,312578.0,tushare_contract
P.DCE,2022-05-16,P2209.DCE,P,11672.0,11818.0,11508.0,11640.0,11630.0,716590.0,309304.0,tushare_contract
P.DCE,2022-05-17,P2209.DCE,P,11640.0,11736.0,11280.0,11416.0,11494.0,799712.0,321070.0,tushare_contract
P.DCE,2022-05-18,P2209.DCE,P,11480.0,11610.0,11424.0,11514.0,11512.0,656747.0,321254.0,tushare_contract
P.DCE,2022-05-19,P2209.DCE,P,11520.0,11594.0,11324.0,11552.0,11464.0,732017.0,323475.0,tushare_contract
P.DCE,2022-05-20,P2209.DCE,P,11302.0,11784.0,11210.0,11762.0,11442.0,1223010.0,348931.0,tushare_contract
P.DCE,2022-05-23,P2209.DCE,P,11616.0,11798.0,11580.0,11716.0,11688.0,641799.0,344425.0,tushare_contract
P.DCE,2022-05-24,P2209.DCE,P,11758.0,11926.0,11670.0,11880.0,11806.0,691262.0,371527.0,tushare_contract
P.DCE,2022-05-25,P2209.DCE,P,11996.0,12014.0,11816.0,11870.0,11916.0,602504.0,357178.0,tushare_contract
P.DCE,2022-05-26,P2209.DCE,P,11870.0,11870.0,11658.0,11808.0,11766.0,640090.0,336266.0,tushare_contract
P.DCE,2022-05-27,P2209.DCE,P,11898.0,12288.0,11846.0,12096.0,12096.0,764240.0,375793.0,tushare_contract
P.DCE,2022-05-30,P2209.DCE,P,11928.0,12156.0,11722.0,11732.0,11946.0,791876.0,348503.0,tushare_contract
P.DCE,2022-05-31,P2209.DCE,P,11700.0,11976.0,11682.0,11864.0,11834.0,577255.0,354680.0,tushare_contract
P.DCE,2022-06-01,P2209.DCE,P,11880.0,11892.0,11718.0,11876.0,11824.0,569227.0,351006.0,tushare_contract
P.DCE,2022-06-02,P2209.DCE,P,11876.0,12066.0,11766.0,12062.0,11954.0,584286.0,375371.0,tushare_contract
P.DCE,2022-06-06,P2209.DCE,P,12182.0,12200.0,11914.0,12080.0,12046.0,428934.0,386357.0,tushare_contract
P.DCE,2022-06-07,P2209.DCE,P,12060.0,12208.0,11966.0,12160.0,12082.0,523087.0,397591.0,tushare_contract
P.DCE,2022-06-08,P2209.DCE,P,12084.0,12382.0,12044.0,12144.0,12186.0,671459.0,399831.0,tushare_contract
P.DCE,2022-06-09,P2209.DCE,P,12160.0,12196.0,11488.0,11512.0,11850.0,997200.0,364976.0,tushare_contract
P.DCE,2022-06-10,P2209.DCE,P,11514.0,11678.0,11500.0,11512.0,11586.0,568782.0,357619.0,tushare_contract
P.DCE,2022-06-13,P2209.DCE,P,11358.0,11434.0,11188.0,11282.0,11328.0,727872.0,352826.0,tushare_contract
P.DCE,2022-06-14,P2209.DCE,P,11270.0,11472.0,11166.0,11418.0,11316.0,631668.0,340111.0,tushare_contract
P.DCE,2022-06-15,P2209.DCE,P,11418.0,11432.0,10984.0,10986.0,11196.0,726308.0,334141.0,tushare_contract
P.DCE,2022-06-16,P2209.DCE,P,11020.0,11090.0,10732.0,10792.0,10938.0,731167.0,342634.0,tushare_contract
P.DCE,2022-06-17,P2209.DCE,P,10784.0,10864.0,10644.0,10736.0,10742.0,638473.0,339964.0,tushare_contract
P.DCE,2022-06-20,P2209.DCE,P,10708.0,10742.0,10144.0,10206.0,10436.0,880600.0,349951.0,tushare_contract
P.DCE,2022-06-21,P2209.DCE,P,10150.0,10274.0,9882.0,9972.0,10060.0,980604.0,348477.0,tushare_contract
P.DCE,2022-06-22,P2209.DCE,P,10000.0,10194.0,9668.0,9712.0,9950.0,949512.0,341365.0,tushare_contract
P.DCE,2022-06-23,P2209.DCE,P,9450.0,9666.0,9362.0,9606.0,9534.0,1144692.0,352277.0,tushare_contract
P.DCE,2022-06-24,P2209.DCE,P,9616.0,9824.0,9012.0,9108.0,9366.0,1464874.0,360700.0,tushare_contract
P.DCE,2022-06-27,P2209.DCE,P,9222.0,9452.0,8986.0,9338.0,9264.0,1092008.0,345515.0,tushare_contract
P.DCE,2022-06-28,P2209.DCE,P,9550.0,9760.0,9390.0,9734.0,9528.0,1008857.0,329840.0,tushare_contract
P.DCE,2022-06-29,P2209.DCE,P,9734.0,9772.0,9454.0,9512.0,9604.0,897303.0,338060.0,tushare_contract
P.DCE,2022-06-30,P2209.DCE,P,9578.0,9648.0,9404.0,9564.0,9546.0,754788.0,328163.0,tushare_contract
P.DCE,2022-07-01,P2209.DCE,P,9520.0,9530.0,8752.0,8934.0,9096.0,1167903.0,341359.0,tushare_contract
P.DCE,2022-07-04,P2209.DCE,P,9016.0,9018.0,8724.0,8900.0,8898.0,764773.0,349358.0,tushare_contract
P.DCE,2022-07-05,P2209.DCE,P,8788.0,8834.0,8380.0,8444.0,8626.0,1134633.0,363471.0,tushare_contract
P.DCE,2022-07-06,P2209.DCE,P,8388.0,8412.0,7764.0,8014.0,8042.0,1425471.0,355149.0,tushare_contract
P.DCE,2022-07-07,P2209.DCE,P,8100.0,8146.0,7718.0,7934.0,7938.0,1546925.0,358001.0,tushare_contract
P.DCE,2022-07-08,P2209.DCE,P,8088.0,8428.0,8088.0,8238.0,8262.0,1289295.0,324522.0,tushare_contract
P.DCE,2022-07-11,P2209.DCE,P,8170.0,8448.0,7988.0,8200.0,8226.0,1104104.0,334209.0,tushare_contract
P.DCE,2022-07-12,P2209.DCE,P,8150.0,8288.0,7968.0,8016.0,8108.0,1093220.0,339232.0,tushare_contract
P.DCE,2022-07-13,P2209.DCE,P,7908.0,7934.0,7454.0,7694.0,7658.0,1217203.0,331980.0,tushare_contract
P.DCE,2022-07-14,P2209.DCE,P,7452.0,7880.0,7384.0,7720.0,7650.0,1309373.0,350876.0,tushare_contract
P.DCE,2022-07-15,P2209.DCE,P,7520.0,7772.0,7412.0,7432.0,7554.0,1195044.0,345050.0,tushare_contract
P.DCE,2022-07-18,P2209.DCE,P,7542.0,8078.0,7530.0,8040.0,7784.0,1212765.0,346178.0,tushare_contract
P.DCE,2022-07-19,P2209.DCE,P,8100.0,8250.0,7836.0,7896.0,8048.0,1182432.0,330071.0,tushare_contract
P.DCE,2022-07-20,P2209.DCE,P,7834.0,8316.0,7784.0,8112.0,8106.0,1260215.0,317743.0,tushare_contract
P.DCE,2022-07-21,P2209.DCE,P,8100.0,8166.0,7826.0,7892.0,8002.0,1044987.0,311964.0,tushare_contract
P.DCE,2022-07-22,P2209.DCE,P,7790.0,7922.0,7648.0,7782.0,7776.0,1095355.0,320208.0,tushare_contract
P.DCE,2022-07-25,P2209.DCE,P,7780.0,7950.0,7712.0,7738.0,7816.0,856140.0,320885.0,tushare_contract
P.DCE,2022-07-26,P2209.DCE,P,7786.0,8236.0,7784.0,8078.0,8034.0,1018857.0,321694.0,tushare_contract
P.DCE,2022-07-27,P2209.DCE,P,8086.0,8138.0,7748.0,7874.0,7906.0,915849.0,324407.0,tushare_contract
P.DCE,2022-07-28,P2209.DCE,P,7970.0,8408.0,7912.0,8392.0,8164.0,1001712.0,315170.0,tushare_contract
P.DCE,2022-07-29,P2209.DCE,P,8354.0,8676.0,8300.0,8614.0,8520.0,1045524.0,309576.0,tushare_contract
P.DCE,2022-08-01,P2209.DCE,P,8762.0,8848.0,8412.0,8482.0,8636.0,997778.0,306026.0,tushare_contract
P.DCE,2022-08-02,P2209.DCE,P,8400.0,8476.0,8024.0,8120.0,8262.0,1088436.0,293822.0,tushare_contract
P.DCE,2022-08-03,P2209.DCE,P,8120.0,8198.0,7940.0,8096.0,8076.0,1068181.0,279526.0,tushare_contract
P.DCE,2022-08-04,P2209.DCE,P,8140.0,8186.0,7724.0,7822.0,7924.0,951830.0,284700.0,tushare_contract
P.DCE,2022-08-05,P2209.DCE,P,7888.0,8206.0,7812.0,8132.0,7996.0,887256.0,272887.0,tushare_contract
P.DCE,2022-08-08,P2209.DCE,P,8100.0,8492.0,8012.0,8482.0,8272.0,800975.0,274734.0,tushare_contract
P.DCE,2022-08-09,P2209.DCE,P,8424.0,8598.0,8336.0,8442.0,8446.0,778559.0,258405.0,tushare_contract
P.DCE,2022-08-10,P2209.DCE,P,8494.0,8568.0,8344.0,8396.0,8456.0,741329.0,243871.0,tushare_contract
P.DCE,2022-08-11,P2209.DCE,P,8460.0,8648.0,8420.0,8620.0,8550.0,725945.0,238469.0,tushare_contract
P.DCE,2022-08-12,P2209.DCE,P,8682.0,8866.0,8618.0,8830.0,8740.0,647412.0,226335.0,tushare_contract
P.DCE,2022-08-15,P2209.DCE,P,8770.0,8926.0,8664.0,8708.0,8786.0,619786.0,198879.0,tushare_contract
P.DCE,2022-08-16,P2209.DCE,P,8500.0,8794.0,8444.0,8650.0,8632.0,536867.0,173350.0,tushare_contract
P.DCE,2022-08-17,P2209.DCE,P,8666.0,8714.0,8486.0,8628.0,8602.0,429229.0,147628.0,tushare_contract
P.DCE,2022-08-18,P2301.DCE,P,8440.0,8460.0,8162.0,8186.0,8310.0,796242.0,312238.0,tushare_contract
P.DCE,2022-08-19,P2301.DCE,P,8238.0,8350.0,8094.0,8270.0,8232.0,785430.0,315497.0,tushare_contract
P.DCE,2022-08-22,P2301.DCE,P,8232.0,8568.0,8168.0,8526.0,8410.0,822362.0,328291.0,tushare_contract
P.DCE,2022-08-23,P2301.DCE,P,8480.0,8684.0,8366.0,8410.0,8510.0,843162.0,322228.0,tushare_contract
P.DCE,2022-08-24,P2301.DCE,P,8500.0,8778.0,8468.0,8724.0,8626.0,796410.0,343728.0,tushare_contract
P.DCE,2022-08-25,P2301.DCE,P,8680.0,8770.0,8572.0,8626.0,8648.0,749993.0,332932.0,tushare_contract
P.DCE,2022-08-26,P2301.DCE,P,8584.0,8710.0,8514.0,8622.0,8622.0,762897.0,332912.0,tushare_contract
P.DCE,2022-08-29,P2301.DCE,P,8576.0,8680.0,8410.0,8644.0,8554.0,848730.0,341878.0,tushare_contract
P.DCE,2022-08-30,P2301.DCE,P,8616.0,8636.0,8368.0,8446.0,8502.0,814119.0,341325.0,tushare_contract
P.DCE,2022-08-31,P2301.DCE,P,8400.0,8606.0,8346.0,8588.0,8472.0,722239.0,362312.0,tushare_contract
P.DCE,2022-09-01,P2301.DCE,P,8492.0,8592.0,8144.0,8190.0,8396.0,965601.0,385647.0,tushare_contract
P.DCE,2022-09-02,P2301.DCE,P,8160.0,8180.0,7862.0,7946.0,8018.0,935464.0,394495.0,tushare_contract
P.DCE,2022-09-05,P2301.DCE,P,7988.0,8134.0,7938.0,8064.0,8028.0,709280.0,400176.0,tushare_contract
P.DCE,2022-09-06,P2301.DCE,P,8048.0,8078.0,7904.0,8054.0,8000.0,781184.0,418798.0,tushare_contract
P.DCE,2022-09-07,P2301.DCE,P,7942.0,8038.0,7732.0,7774.0,7894.0,1001563.0,444379.0,tushare_contract
P.DCE,2022-09-08,P2301.DCE,P,7810.0,7834.0,7688.0,7706.0,7756.0,763194.0,439166.0,tushare_contract
P.DCE,2022-09-09,P2301.DCE,P,7600.0,7800.0,7590.0,7684.0,7710.0,793301.0,433837.0,tushare_contract
P.DCE,2022-09-13,P2301.DCE,P,7850.0,8038.0,7796.0,7954.0,7922.0,612072.0,413599.0,tushare_contract
P.DCE,2022-09-14,P2301.DCE,P,7922.0,8046.0,7890.0,7944.0,7968.0,724110.0,406238.0,tushare_contract
P.DCE,2022-09-15,P2301.DCE,P,7960.0,8056.0,7836.0,7870.0,7944.0,755377.0,417754.0,tushare_contract
P.DCE,2022-09-16,P2301.DCE,P,7846.0,7898.0,7718.0,7782.0,7814.0,646057.0,425352.0,tushare_contract
P.DCE,2022-09-19,P2301.DCE,P,7782.0,8004.0,7760.0,7766.0,7884.0,767415.0,410606.0,tushare_contract
P.DCE,2022-09-20,P2301.DCE,P,7770.0,7770.0,7584.0,7638.0,7644.0,883140.0,423637.0,tushare_contract
P.DCE,2022-09-21,P2301.DCE,P,7646.0,7916.0,7572.0,7894.0,7730.0,825932.0,408551.0,tushare_contract
P.DCE,2022-09-22,P2301.DCE,P,7910.0,7988.0,7766.0,7898.0,7892.0,831857.0,418352.0,tushare_contract
P.DCE,2022-09-23,P2301.DCE,P,7936.0,7948.0,7688.0,7758.0,7790.0,851764.0,434029.0,tushare_contract
P.DCE,2022-09-26,P2301.DCE,P,7666.0,7670.0,7232.0,7298.0,7442.0,1051560.0,484705.0,tushare_contract
P.DCE,2022-09-27,P2301.DCE,P,7342.0,7380.0,7124.0,7260.0,7254.0,899461.0,488069.0,tushare_contract
P.DCE,2022-09-28,P2301.DCE,P,7272.0,7296.0,7016.0,7054.0,7158.0,967481.0,504841.0,tushare_contract
P.DCE,2022-09-29,P2301.DCE,P,6988.0,7170.0,6882.0,7106.0,7030.0,1094071.0,481082.0,tushare_contract
P.DCE,2022-09-30,P2301.DCE,P,7150.0,7234.0,7030.0,7094.0,7122.0,894897.0,446425.0,tushare_contract
P.DCE,2022-10-10,P2301.DCE,P,7748.0,7748.0,7488.0,7544.0,7562.0,604769.0,406166.0,tushare_contract
P.DCE,2022-10-11,P2301.DCE,P,7600.0,7710.0,7522.0,7690.0,7632.0,822405.0,409698.0,tushare_contract
P.DCE,2022-10-12,P2301.DCE,P,7620.0,7776.0,7580.0,7682.0,7660.0,911535.0,402483.0,tushare_contract
P.DCE,2022-10-13,P2301.DCE,P,7640.0,7782.0,7576.0,7598.0,7676.0,868392.0,410650.0,tushare_contract
P.DCE,2022-10-14,P2301.DCE,P,7500.0,7830.0,7424.0,7816.0,7622.0,1076036.0,423676.0,tushare_contract
P.DCE,2022-10-17,P2301.DCE,P,7766.0,7786.0,7608.0,7686.0,7700.0,844160.0,415989.0,tushare_contract
P.DCE,2022-10-18,P2301.DCE,P,7758.0,7998.0,7714.0,7962.0,7836.0,935070.0,439324.0,tushare_contract
P.DCE,2022-10-19,P2301.DCE,P,7982.0,8174.0,7938.0,8140.0,8068.0,899113.0,461221.0,tushare_contract
P.DCE,2022-10-20,P2301.DCE,P,8132.0,8358.0,8102.0,8204.0,8206.0,862097.0,459291.0,tushare_contract
P.DCE,2022-10-21,P2301.DCE,P,8220.0,8308.0,8124.0,8192.0,8208.0,784328.0,468744.0,tushare_contract
P.DCE,2022-10-24,P2301.DCE,P,8166.0,8268.0,7992.0,8022.0,8122.0,894232.0,444264.0,tushare_contract
P.DCE,2022-10-25,P2301.DCE,P,8060.0,8308.0,8022.0,8240.0,8164.0,983740.0,459297.0,tushare_contract
P.DCE,2022-10-26,P2301.DCE,P,8200.0,8328.0,8102.0,8166.0,8204.0,902221.0,448930.0,tushare_contract
P.DCE,2022-10-27,P2301.DCE,P,8206.0,8298.0,8160.0,8166.0,8232.0,829830.0,460728.0,tushare_contract
P.DCE,2022-10-28,P2301.DCE,P,8200.0,8250.0,7858.0,7926.0,8050.0,1079555.0,435663.0,tushare_contract
P.DCE,2022-10-31,P2301.DCE,P,7950.0,8154.0,7782.0,8004.0,7970.0,1103741.0,438845.0,tushare_contract
P.DCE,2022-11-01,P2301.DCE,P,7970.0,8386.0,7922.0,8360.0,8180.0,1068374.0,471292.0,tushare_contract
P.DCE,2022-11-02,P2301.DCE,P,8380.0,8588.0,8288.0,8530.0,8416.0,967504.0,469201.0,tushare_contract
P.DCE,2022-11-03,P2301.DCE,P,8480.0,8614.0,8450.0,8490.0,8532.0,865890.0,472537.0,tushare_contract
P.DCE,2022-11-04,P2301.DCE,P,8440.0,8646.0,8326.0,8594.0,8490.0,1054456.0,468727.0,tushare_contract
P.DCE,2022-11-07,P2301.DCE,P,8630.0,8676.0,8316.0,8500.0,8488.0,1059428.0,448604.0,tushare_contract
P.DCE,2022-11-08,P2301.DCE,P,8518.0,8572.0,8426.0,8530.0,8500.0,823306.0,444338.0,tushare_contract
P.DCE,2022-11-09,P2301.DCE,P,8502.0,8558.0,8290.0,8346.0,8410.0,863586.0,427992.0,tushare_contract
P.DCE,2022-11-10,P2301.DCE,P,8278.0,8380.0,8120.0,8340.0,8260.0,1101866.0,414473.0,tushare_contract
P.DCE,2022-11-11,P2301.DCE,P,8300.0,8610.0,8262.0,8554.0,8418.0,1169945.0,424555.0,tushare_contract
P.DCE,2022-11-14,P2301.DCE,P,8532.0,8628.0,8204.0,8220.0,8438.0,1040783.0,421911.0,tushare_contract
P.DCE,2022-11-15,P2301.DCE,P,8188.0,8326.0,8088.0,8194.0,8214.0,1006498.0,405333.0,tushare_contract
P.DCE,2022-11-16,P2301.DCE,P,8104.0,8268.0,8072.0,8078.0,8162.0,943165.0,404554.0,tushare_contract
P.DCE,2022-11-17,P2301.DCE,P,8070.0,8074.0,7832.0,7908.0,7936.0,999000.0,409679.0,tushare_contract
P.DCE,2022-11-18,P2301.DCE,P,7848.0,7980.0,7806.0,7898.0,7896.0,831108.0,398205.0,tushare_contract
P.DCE,2022-11-21,P2301.DCE,P,7908.0,7940.0,7708.0,7884.0,7840.0,1039868.0,401978.0,tushare_contract
P.DCE,2022-11-22,P2301.DCE,P,7884.0,8034.0,7714.0,7946.0,7900.0,1027087.0,383413.0,tushare_contract
P.DCE,2022-11-23,P2301.DCE,P,7992.0,8086.0,7962.0,8068.0,8028.0,858434.0,378849.0,tushare_contract
P.DCE,2022-11-24,P2301.DCE,P,8064.0,8316.0,8004.0,8244.0,8176.0,908174.0,354432.0,tushare_contract
P.DCE,2022-11-25,P2301.DCE,P,8198.0,8320.0,8182.0,8302.0,8260.0,730465.0,340123.0,tushare_contract
P.DCE,2022-11-28,P2301.DCE,P,8360.0,8388.0,8052.0,8152.0,8190.0,816157.0,319428.0,tushare_contract
P.DCE,2022-11-29,P2301.DCE,P,8154.0,8594.0,8152.0,8524.0,8412.0,766386.0,338691.0,tushare_contract
P.DCE,2022-11-30,P2301.DCE,P,8540.0,8598.0,8478.0,8582.0,8534.0,724561.0,333051.0,tushare_contract
P.DCE,2022-12-01,P2301.DCE,P,8612.0,8666.0,8438.0,8496.0,8544.0,753149.0,307953.0,tushare_contract
P.DCE,2022-12-02,P2301.DCE,P,8450.0,8526.0,8218.0,8272.0,8350.0,792898.0,282124.0,tushare_contract
P.DCE,2022-12-05,P2301.DCE,P,8240.0,8402.0,8114.0,8182.0,8276.0,816032.0,279803.0,tushare_contract
P.DCE,2022-12-06,P2301.DCE,P,8202.0,8226.0,7952.0,8098.0,8084.0,666749.0,267038.0,tushare_contract
P.DCE,2022-12-07,P2301.DCE,P,8174.0,8238.0,8012.0,8028.0,8144.0,746213.0,262050.0,tushare_contract
P.DCE,2022-12-08,P2301.DCE,P,8060.0,8114.0,7910.0,7980.0,8028.0,693693.0,240950.0,tushare_contract
P.DCE,2022-12-09,P2301.DCE,P,7998.0,8158.0,7960.0,7966.0,8054.0,660649.0,231666.0,tushare_contract
P.DCE,2022-12-12,P2301.DCE,P,7962.0,8024.0,7442.0,7464.0,7714.0,749393.0,224060.0,tushare_contract
P.DCE,2022-12-13,P2301.DCE,P,7450.0,7686.0,7416.0,7650.0,7546.0,510958.0,189904.0,tushare_contract
P.DCE,2022-12-14,P2305.DCE,P,7842.0,8000.0,7802.0,7896.0,7898.0,646950.0,390566.0,tushare_contract
P.DCE,2022-12-15,P2305.DCE,P,7898.0,7994.0,7806.0,7876.0,7902.0,747760.0,409498.0,tushare_contract
P.DCE,2022-12-16,P2305.DCE,P,7858.0,7992.0,7732.0,7832.0,7860.0,1028544.0,429561.0,tushare_contract
P.DCE,2022-12-19,P2305.DCE,P,7818.0,7888.0,7678.0,7766.0,7778.0,839754.0,425887.0,tushare_contract
P.DCE,2022-12-20,P2305.DCE,P,7800.0,7928.0,7690.0,7726.0,7798.0,832644.0,447163.0,tushare_contract
P.DCE,2022-12-21,P2305.DCE,P,7726.0,7858.0,7642.0,7846.0,7756.0,912393.0,438535.0,tushare_contract
P.DCE,2022-12-22,P2305.DCE,P,7868.0,7912.0,7668.0,7678.0,7808.0,867088.0,464851.0,tushare_contract
P.DCE,2022-12-23,P2305.DCE,P,7686.0,7720.0,7556.0,7606.0,7630.0,810045.0,475242.0,tushare_contract
P.DCE,2022-12-26,P2305.DCE,P,7624.0,7904.0,7618.0,7894.0,7782.0,778633.0,445100.0,tushare_contract
P.DCE,2022-12-27,P2305.DCE,P,7908.0,8194.0,7890.0,8170.0,8070.0,727430.0,429075.0,tushare_contract
P.DCE,2022-12-28,P2305.DCE,P,8170.0,8210.0,8108.0,8174.0,8166.0,553342.0,434904.0,tushare_contract
P.DCE,2022-12-29,P2305.DCE,P,8170.0,8172.0,8024.0,8146.0,8108.0,633185.0,422268.0,tushare_contract
P.DCE,2022-12-30,P2305.DCE,P,8156.0,8342.0,8108.0,8338.0,8204.0,773940.0,432720.0,tushare_contract
P.DCE,2023-01-03,P2305.DCE,P,8292.0,8320.0,8092.0,8280.0,8224.0,539614.0,436877.0,tushare_contract
P.DCE,2023-01-04,P2305.DCE,P,8280.0,8310.0,8170.0,8228.0,8236.0,582314.0,441316.0,tushare_contract
P.DCE,2023-01-05,P2305.DCE,P,8180.0,8210.0,8050.0,8120.0,8132.0,827500.0,441587.0,tushare_contract
P.DCE,2023-01-06,P2305.DCE,P,8142.0,8180.0,8006.0,8160.0,8084.0,739945.0,452881.0,tushare_contract
P.DCE,2023-01-09,P2305.DCE,P,8096.0,8128.0,7952.0,7988.0,8032.0,971379.0,464494.0,tushare_contract
P.DCE,2023-01-10,P2305.DCE,P,8072.0,8074.0,7764.0,7786.0,7896.0,843287.0,476895.0,tushare_contract
P.DCE,2023-01-11,P2305.DCE,P,7824.0,7854.0,7730.0,7794.0,7798.0,657078.0,485891.0,tushare_contract
P.DCE,2023-01-12,P2305.DCE,P,7820.0,7842.0,7710.0,7826.0,7790.0,789797.0,498738.0,tushare_contract
P.DCE,2023-01-13,P2305.DCE,P,7830.0,7898.0,7676.0,7750.0,7776.0,1085923.0,525927.0,tushare_contract
P.DCE,2023-01-16,P2305.DCE,P,7696.0,7820.0,7620.0,7766.0,7728.0,734582.0,518356.0,tushare_contract
P.DCE,2023-01-17,P2305.DCE,P,7744.0,7828.0,7708.0,7760.0,7762.0,606670.0,532397.0,tushare_contract
P.DCE,2023-01-18,P2305.DCE,P,7750.0,7886.0,7736.0,7840.0,7812.0,776273.0,541226.0,tushare_contract
P.DCE,2023-01-19,P2305.DCE,P,7850.0,7930.0,7746.0,7840.0,7844.0,770645.0,525853.0,tushare_contract
P.DCE,2023-01-20,P2305.DCE,P,7842.0,7922.0,7818.0,7888.0,7868.0,458558.0,503287.0,tushare_contract
P.DCE,2023-01-30,P2305.DCE,P,7900.0,8098.0,7900.0,8012.0,8040.0,551328.0,496616.0,tushare_contract
P.DCE,2023-01-31,P2305.DCE,P,8022.0,8056.0,7872.0,7880.0,7974.0,599639.0,521435.0,tushare_contract
P.DCE,2023-02-01,P2305.DCE,P,7862.0,7918.0,7752.0,7830.0,7832.0,662337.0,537369.0,tushare_contract
P.DCE,2023-02-02,P2305.DCE,P,7812.0,7844.0,7610.0,7656.0,7712.0,700451.0,576183.0,tushare_contract
P.DCE,2023-02-03,P2305.DCE,P,7638.0,7814.0,7590.0,7790.0,7688.0,680976.0,549078.0,tushare_contract
P.DCE,2023-02-06,P2305.DCE,P,7798.0,7910.0,7702.0,7868.0,7820.0,723843.0,512173.0,tushare_contract
P.DCE,2023-02-07,P2305.DCE,P,7880.0,7998.0,7842.0,7988.0,7920.0,599253.0,501764.0,tushare_contract
P.DCE,2023-02-08,P2305.DCE,P,7988.0,8078.0,7970.0,8030.0,8014.0,575041.0,486898.0,tushare_contract
P.DCE,2023-02-09,P2305.DCE,P,8020.0,8086.0,7952.0,8008.0,8020.0,519976.0,473015.0,tushare_contract
P.DCE,2023-02-10,P2305.DCE,P,8010.0,8040.0,7776.0,7840.0,7898.0,663871.0,470198.0,tushare_contract
P.DCE,2023-02-13,P2305.DCE,P,7882.0,7972.0,7800.0,7802.0,7884.0,634989.0,463043.0,tushare_contract
P.DCE,2023-02-14,P2305.DCE,P,7840.0,7944.0,7812.0,7914.0,7872.0,481327.0,446046.0,tushare_contract
P.DCE,2023-02-15,P2305.DCE,P,7918.0,8014.0,7798.0,7838.0,7900.0,715437.0,462407.0,tushare_contract
P.DCE,2023-02-16,P2305.DCE,P,7852.0,7990.0,7800.0,7970.0,7910.0,651349.0,454801.0,tushare_contract
P.DCE,2023-02-17,P2305.DCE,P,8010.0,8218.0,8010.0,8186.0,8118.0,712903.0,489395.0,tushare_contract
P.DCE,2023-02-20,P2305.DCE,P,8158.0,8258.0,8124.0,8218.0,8192.0,563615.0,495347.0,tushare_contract
P.DCE,2023-02-21,P2305.DCE,P,8226.0,8280.0,8158.0,8186.0,8214.0,518146.0,488333.0,tushare_contract
P.DCE,2023-02-22,P2305.DCE,P,8180.0,8308.0,8164.0,8268.0,8240.0,618716.0,494116.0,tushare_contract
P.DCE,2023-02-23,P2305.DCE,P,8228.0,8324.0,8168.0,8210.0,8252.0,670815.0,495237.0,tushare_contract
P.DCE,2023-02-24,P2305.DCE,P,8260.0,8356.0,8210.0,8354.0,8282.0,737488.0,523541.0,tushare_contract
P.DCE,2023-02-27,P2305.DCE,P,8320.0,8336.0,8170.0,8260.0,8270.0,748699.0,493633.0,tushare_contract
P.DCE,2023-02-28,P2305.DCE,P,8284.0,8294.0,8160.0,8228.0,8222.0,710630.0,473090.0,tushare_contract
P.DCE,2023-03-01,P2305.DCE,P,8202.0,8274.0,8122.0,8268.0,8200.0,675558.0,473610.0,tushare_contract
P.DCE,2023-03-02,P2305.DCE,P,8250.0,8386.0,8236.0,8340.0,8318.0,607627.0,505841.0,tushare_contract
P.DCE,2023-03-03,P2305.DCE,P,8354.0,8448.0,8340.0,8418.0,8404.0,554199.0,502635.0,tushare_contract
P.DCE,2023-03-06,P2305.DCE,P,8424.0,8424.0,8238.0,8250.0,8328.0,614818.0,473504.0,tushare_contract
P.DCE,2023-03-07,P2305.DCE,P,8244.0,8262.0,8180.0,8202.0,8222.0,505941.0,471361.0,tushare_contract
P.DCE,2023-03-08,P2305.DCE,P,8180.0,8190.0,7998.0,8070.0,8078.0,730873.0,464200.0,tushare_contract
P.DCE,2023-03-09,P2305.DCE,P,8046.0,8094.0,8004.0,8070.0,8050.0,514415.0,473046.0,tushare_contract
P.DCE,2023-03-10,P2305.DCE,P,8074.0,8126.0,7872.0,7912.0,7988.0,791138.0,464141.0,tushare_contract
P.DCE,2023-03-13,P2305.DCE,P,7908.0,7962.0,7828.0,7872.0,7900.0,599571.0,467428.0,tushare_contract
P.DCE,2023-03-14,P2305.DCE,P,7672.0,7828.0,7656.0,7738.0,7764.0,667748.0,456087.0,tushare_contract
P.DCE,2023-03-15,P2305.DCE,P,7750.0,7870.0,7750.0,7830.0,7822.0,565842.0,448405.0,tushare_contract
P.DCE,2023-03-16,P2305.DCE,P,7750.0,7842.0,7668.0,7734.0,7750.0,805147.0,438880.0,tushare_contract
P.DCE,2023-03-17,P2305.DCE,P,7756.0,7880.0,7640.0,7808.0,7784.0,752260.0,416802.0,tushare_contract
P.DCE,2023-03-20,P2305.DCE,P,7778.0,7832.0,7600.0,7606.0,7720.0,767751.0,439620.0,tushare_contract
P.DCE,2023-03-21,P2305.DCE,P,7650.0,7756.0,7580.0,7618.0,7658.0,752545.0,441769.0,tushare_contract
P.DCE,2023-03-22,P2305.DCE,P,7656.0,7662.0,7308.0,7372.0,7462.0,930793.0,486591.0,tushare_contract
P.DCE,2023-03-23,P2305.DCE,P,7378.0,7394.0,7208.0,7220.0,7306.0,739665.0,483550.0,tushare_contract
P.DCE,2023-03-24,P2305.DCE,P,7206.0,7332.0,7026.0,7330.0,7190.0,1106339.0,460604.0,tushare_contract
P.DCE,2023-03-27,P2305.DCE,P,7246.0,7352.0,7210.0,7336.0,7288.0,829739.0,442924.0,tushare_contract
P.DCE,2023-03-28,P2305.DCE,P,7368.0,7500.0,7338.0,7488.0,7424.0,625194.0,416536.0,tushare_contract
P.DCE,2023-03-29,P2305.DCE,P,7500.0,7586.0,7452.0,7516.0,7524.0,570372.0,383045.0,tushare_contract
P.DCE,2023-03-30,P2305.DCE,P,7534.0,7646.0,7472.0,7624.0,7540.0,610722.0,359120.0,tushare_contract
P.DCE,2023-03-31,P2305.DCE,P,7676.0,7694.0,7544.0,7594.0,7618.0,699439.0,340302.0,tushare_contract
P.DCE,2023-04-03,P2305.DCE,P,7608.0,7850.0,7606.0,7750.0,7748.0,694453.0,328703.0,tushare_contract
P.DCE,2023-04-04,P2305.DCE,P,7798.0,7888.0,7764.0,7844.0,7824.0,545270.0,306220.0,tushare_contract
P.DCE,2023-04-06,P2305.DCE,P,7770.0,7886.0,7730.0,7786.0,7822.0,376492.0,287065.0,tushare_contract
P.DCE,2023-04-07,P2305.DCE,P,7762.0,7848.0,7644.0,7720.0,7744.0,653448.0,264478.0,tushare_contract
P.DCE,2023-04-10,P2305.DCE,P,7744.0,7752.0,7586.0,7658.0,7668.0,602866.0,258133.0,tushare_contract
P.DCE,2023-04-11,P2305.DCE,P,7692.0,7926.0,7672.0,7908.0,7802.0,614342.0,252359.0,tushare_contract
P.DCE,2023-04-12,P2305.DCE,P,7930.0,7960.0,7734.0,7788.0,7856.0,610087.0,212239.0,tushare_contract
P.DCE,2023-04-13,P2305.DCE,P,7758.0,7790.0,7620.0,7648.0,7700.0,473407.0,191210.0,tushare_contract
P.DCE,2023-04-14,P2305.DCE,P,7670.0,7784.0,7608.0,7634.0,7690.0,427580.0,161115.0,tushare_contract
P.DCE,2023-04-17,P2305.DCE,P,7650.0,7688.0,7604.0,7656.0,7646.0,260389.0,141998.0,tushare_contract
P.DCE,2023-04-18,P2309.DCE,P,7160.0,7362.0,7136.0,7360.0,7248.0,766286.0,422305.0,tushare_contract
P.DCE,2023-04-19,P2309.DCE,P,7370.0,7442.0,7348.0,7386.0,7388.0,739059.0,438028.0,tushare_contract
P.DCE,2023-04-20,P2309.DCE,P,7340.0,7366.0,7208.0,7232.0,7292.0,842125.0,415400.0,tushare_contract
P.DCE,2023-04-21,P2309.DCE,P,7220.0,7252.0,7076.0,7080.0,7154.0,718329.0,437112.0,tushare_contract
P.DCE,2023-04-24,P2309.DCE,P,7090.0,7146.0,6970.0,7000.0,7062.0,763895.0,456652.0,tushare_contract
P.DCE,2023-04-25,P2309.DCE,P,7008.0,7092.0,6986.0,7044.0,7034.0,680048.0,473929.0,tushare_contract
P.DCE,2023-04-26,P2309.DCE,P,7040.0,7060.0,6934.0,7044.0,7008.0,802115.0,474707.0,tushare_contract
P.DCE,2023-04-27,P2309.DCE,P,7000.0,7068.0,6864.0,6872.0,6960.0,871459.0,505592.0,tushare_contract
P.DCE,2023-04-28,P2309.DCE,P,6850.0,6878.0,6806.0,6846.0,6842.0,702831.0,485666.0,tushare_contract
P.DCE,2023-05-04,P2309.DCE,P,6842.0,6938.0,6708.0,6934.0,6844.0,642289.0,478306.0,tushare_contract
P.DCE,2023-05-05,P2309.DCE,P,6944.0,7080.0,6896.0,7076.0,6988.0,916265.0,483026.0,tushare_contract
P.DCE,2023-05-08,P2309.DCE,P,7086.0,7216.0,7086.0,7202.0,7156.0,879131.0,495645.0,tushare_contract
P.DCE,2023-05-09,P2309.DCE,P,7250.0,7266.0,7136.0,7146.0,7186.0,803432.0,501105.0,tushare_contract
P.DCE,2023-05-10,P2309.DCE,P,7196.0,7234.0,7078.0,7090.0,7166.0,926334.0,511771.0,tushare_contract
P.DCE,2023-05-11,P2309.DCE,P,7090.0,7114.0,6898.0,6906.0,7008.0,958797.0,523883.0,tushare_contract
P.DCE,2023-05-12,P2309.DCE,P,6890.0,6912.0,6816.0,6828.0,6864.0,772117.0,535625.0,tushare_contract
P.DCE,2023-05-15,P2309.DCE,P,6870.0,6916.0,6746.0,6914.0,6842.0,907023.0,536905.0,tushare_contract
P.DCE,2023-05-16,P2309.DCE,P,6916.0,6932.0,6770.0,6790.0,6848.0,822042.0,556151.0,tushare_contract
P.DCE,2023-05-17,P2309.DCE,P,6770.0,6812.0,6686.0,6722.0,6742.0,860855.0,572965.0,tushare_contract
P.DCE,2023-05-18,P2309.DCE,P,6750.0,6790.0,6674.0,6690.0,6734.0,885401.0,589570.0,tushare_contract
P.DCE,2023-05-19,P2309.DCE,P,6680.0,6800.0,6654.0,6766.0,6722.0,960039.0,568129.0,tushare_contract
P.DCE,2023-05-22,P2309.DCE,P,6802.0,6826.0,6594.0,6632.0,6696.0,927618.0,591177.0,tushare_contract
P.DCE,2023-05-23,P2309.DCE,P,6678.0,6774.0,6636.0,6672.0,6690.0,881412.0,570702.0,tushare_contract
P.DCE,2023-05-24,P2309.DCE,P,6688.0,6738.0,6584.0,6608.0,6676.0,797897.0,579886.0,tushare_contract
P.DCE,2023-05-25,P2309.DCE,P,6630.0,6754.0,6592.0,6726.0,6658.0,821321.0,578319.0,tushare_contract
P.DCE,2023-05-26,P2309.DCE,P,6740.0,6854.0,6704.0,6816.0,6784.0,921458.0,561731.0,tushare_contract
P.DCE,2023-05-29,P2309.DCE,P,6836.0,6838.0,6680.0,6694.0,6754.0,904693.0,593142.0,tushare_contract
P.DCE,2023-05-30,P2309.DCE,P,6712.0,6738.0,6556.0,6596.0,6654.0,876567.0,629206.0,tushare_contract
P.DCE,2023-05-31,P2309.DCE,P,6558.0,6560.0,6314.0,6330.0,6418.0,1014453.0,652205.0,tushare_contract
P.DCE,2023-06-01,P2309.DCE,P,6250.0,6428.0,6226.0,6404.0,6340.0,996020.0,628900.0,tushare_contract
P.DCE,2023-06-02,P2309.DCE,P,6434.0,6498.0,6352.0,6470.0,6424.0,838577.0,604574.0,tushare_contract
P.DCE,2023-06-05,P2309.DCE,P,6502.0,6584.0,6470.0,6524.0,6522.0,813130.0,587317.0,tushare_contract
P.DCE,2023-06-06,P2309.DCE,P,6524.0,6590.0,6406.0,6490.0,6500.0,986377.0,566732.0,tushare_contract
P.DCE,2023-06-07,P2309.DCE,P,6460.0,6558.0,6400.0,6480.0,6480.0,929577.0,571155.0,tushare_contract
P.DCE,2023-06-08,P2309.DCE,P,6480.0,6522.0,6402.0,6454.0,6458.0,848977.0,595843.0,tushare_contract
P.DCE,2023-06-09,P2309.DCE,P,6438.0,6684.0,6410.0,6642.0,6560.0,1211439.0,575787.0,tushare_contract
P.DCE,2023-06-12,P2309.DCE,P,6640.0,6736.0,6548.0,6566.0,6640.0,918295.0,571982.0,tushare_contract
P.DCE,2023-06-13,P2309.DCE,P,6576.0,6628.0,6502.0,6608.0,6564.0,846082.0,566790.0,tushare_contract
P.DCE,2023-06-14,P2309.DCE,P,6660.0,6812.0,6660.0,6774.0,6734.0,974589.0,556617.0,tushare_contract
P.DCE,2023-06-15,P2309.DCE,P,6742.0,6838.0,6710.0,6808.0,6762.0,804797.0,549357.0,tushare_contract
P.DCE,2023-06-16,P2309.DCE,P,6824.0,7184.0,6816.0,7168.0,7020.0,1201738.0,563142.0,tushare_contract
P.DCE,2023-06-19,P2309.DCE,P,7188.0,7274.0,7142.0,7196.0,7200.0,1096083.0,542917.0,tushare_contract
P.DCE,2023-06-20,P2309.DCE,P,7200.0,7278.0,7182.0,7236.0,7230.0,787557.0,535537.0,tushare_contract
P.DCE,2023-06-21,P2309.DCE,P,7190.0,7218.0,6964.0,7036.0,7068.0,1080065.0,509797.0,tushare_contract
P.DCE,2023-06-26,P2309.DCE,P,7064.0,7162.0,7014.0,7122.0,7092.0,625333.0,490154.0,tushare_contract
P.DCE,2023-06-27,P2309.DCE,P,7156.0,7250.0,7114.0,7156.0,7184.0,856789.0,485720.0,tushare_contract
P.DCE,2023-06-28,P2309.DCE,P,7100.0,7380.0,7080.0,7348.0,7236.0,1072947.0,516911.0,tushare_contract
P.DCE,2023-06-29,P2309.DCE,P,7290.0,7332.0,7224.0,7312.0,7284.0,769105.0,504969.0,tushare_contract
P.DCE,2023-06-30,P2309.DCE,P,7280.0,7436.0,7268.0,7370.0,7362.0,805127.0,507796.0,tushare_contract
P.DCE,2023-07-03,P2309.DCE,P,7366.0,7744.0,7364.0,7720.0,7616.0,1065272.0,492470.0,tushare_contract
P.DCE,2023-07-04,P2309.DCE,P,7736.0,7738.0,7556.0,7596.0,7620.0,957076.0,475254.0,tushare_contract
P.DCE,2023-07-05,P2309.DCE,P,7576.0,7648.0,7480.0,7578.0,7566.0,867452.0,468702.0,tushare_contract
P.DCE,2023-07-06,P2309.DCE,P,7558.0,7618.0,7522.0,7568.0,7570.0,885125.0,480471.0,tushare_contract
P.DCE,2023-07-07,P2309.DCE,P,7562.0,7580.0,7430.0,7458.0,7488.0,901385.0,494883.0,tushare_contract
P.DCE,2023-07-10,P2309.DCE,P,7450.0,7536.0,7376.0,7516.0,7452.0,968860.0,484531.0,tushare_contract
P.DCE,2023-07-11,P2309.DCE,P,7560.0,7686.0,7496.0,7510.0,7584.0,922015.0,489210.0,tushare_contract
P.DCE,2023-07-12,P2309.DCE,P,7506.0,7580.0,7472.0,7514.0,7526.0,821359.0,496280.0,tushare_contract
P.DCE,2023-07-13,P2309.DCE,P,7542.0,7618.0,7356.0,7426.0,7468.0,938023.0,472984.0,tushare_contract
P.DCE,2023-07-14,P2309.DCE,P,7500.0,7648.0,7458.0,7482.0,7552.0,1043583.0,474180.0,tushare_contract
P.DCE,2023-07-17,P2309.DCE,P,7536.0,7624.0,7412.0,7564.0,7532.0,1095779.0,456584.0,tushare_contract
P.DCE,2023-07-18,P2309.DCE,P,7592.0,7694.0,7542.0,7558.0,7604.0,1084312.0,463635.0,tushare_contract
P.DCE,2023-07-19,P2309.DCE,P,7580.0,7696.0,7552.0,7668.0,7626.0,920187.0,462990.0,tushare_contract
P.DCE,2023-07-20,P2309.DCE,P,7718.0,7798.0,7688.0,7756.0,7746.0,879852.0,454372.0,tushare_contract
P.DCE,2023-07-21,P2309.DCE,P,7786.0,7808.0,7654.0,7662.0,7738.0,839648.0,428676.0,tushare_contract
P.DCE,2023-07-24,P2309.DCE,P,7652.0,7652.0,7510.0,7528.0,7556.0,875181.0,406744.0,tushare_contract
P.DCE,2023-07-25,P2309.DCE,P,7716.0,7776.0,7616.0,7680.0,7692.0,941324.0,391474.0,tushare_contract
P.DCE,2023-07-26,P2309.DCE,P,7656.0,7850.0,7636.0,7824.0,7736.0,824153.0,407870.0,tushare_contract
P.DCE,2023-07-27,P2309.DCE,P,7770.0,7860.0,7708.0,7736.0,7776.0,779567.0,368666.0,tushare_contract
P.DCE,2023-07-28,P2309.DCE,P,7738.0,7758.0,7566.0,7654.0,7648.0,817184.0,355432.0,tushare_contract
P.DCE,2023-07-31,P2309.DCE,P,7648.0,7668.0,7430.0,7466.0,7530.0,776009.0,346280.0,tushare_contract
P.DCE,2023-08-01,P2309.DCE,P,7448.0,7598.0,7428.0,7588.0,7488.0,675300.0,319809.0,tushare_contract
P.DCE,2023-08-02,P2309.DCE,P,7570.0,7680.0,7504.0,7664.0,7604.0,683999.0,297401.0,tushare_contract
P.DCE,2023-08-03,P2309.DCE,P,7630.0,7664.0,7420.0,7442.0,7570.0,842730.0,282892.0,tushare_contract
P.DCE,2023-08-04,P2309.DCE,P,7460.0,7616.0,7416.0,7530.0,7522.0,710007.0,263006.0,tushare_contract
P.DCE,2023-08-07,P2309.DCE,P,7530.0,7666.0,7450.0,7470.0,7540.0,774310.0,252515.0,tushare_contract
P.DCE,2023-08-08,P2309.DCE,P,7412.0,7464.0,7288.0,7338.0,7378.0,677385.0,242301.0,tushare_contract
P.DCE,2023-08-09,P2309.DCE,P,7290.0,7464.0,7268.0,7448.0,7360.0,559992.0,211501.0,tushare_contract
P.DCE,2023-08-10,P2309.DCE,P,7480.0,7530.0,7402.0,7458.0,7464.0,502864.0,190961.0,tushare_contract
P.DCE,2023-08-11,P2309.DCE,P,7428.0,7496.0,7344.0,7392.0,7422.0,458181.0,166210.0,tushare_contract
P.DCE,2023-08-14,P2309.DCE,P,7402.0,7508.0,7344.0,7388.0,7414.0,341217.0,141201.0,tushare_contract
P.DCE,2023-08-15,P2401.DCE,P,7280.0,7544.0,7234.0,7520.0,7388.0,817217.0,407800.0,tushare_contract
P.DCE,2023-08-16,P2401.DCE,P,7504.0,7574.0,7484.0,7526.0,7532.0,676732.0,412448.0,tushare_contract
P.DCE,2023-08-17,P2401.DCE,P,7568.0,7606.0,7504.0,7594.0,7558.0,653797.0,424221.0,tushare_contract
P.DCE,2023-08-18,P2401.DCE,P,7620.0,7676.0,7600.0,7614.0,7630.0,591163.0,433951.0,tushare_contract
P.DCE,2023-08-21,P2401.DCE,P,7582.0,7768.0,7550.0,7670.0,7664.0,747322.0,442444.0,tushare_contract
P.DCE,2023-08-22,P2401.DCE,P,7686.0,7694.0,7532.0,7612.0,7628.0,641643.0,431783.0,tushare_contract
P.DCE,2023-08-23,P2401.DCE,P,7592.0,7666.0,7476.0,7574.0,7574.0,701200.0,425825.0,tushare_contract
P.DCE,2023-08-24,P2401.DCE,P,7560.0,7754.0,7528.0,7630.0,7660.0,816186.0,436184.0,tushare_contract
P.DCE,2023-08-25,P2401.DCE,P,7616.0,7784.0,7606.0,7752.0,7694.0,758169.0,465153.0,tushare_contract
P.DCE,2023-08-28,P2401.DCE,P,7800.0,7922.0,7670.0,7720.0,7800.0,914383.0,443875.0,tushare_contract
P.DCE,2023-08-29,P2401.DCE,P,7730.0,7852.0,7676.0,7764.0,7774.0,740183.0,455912.0,tushare_contract
P.DCE,2023-08-30,P2401.DCE,P,7764.0,7882.0,7764.0,7804.0,7824.0,757410.0,459534.0,tushare_contract
P.DCE,2023-08-31,P2401.DCE,P,7870.0,7966.0,7830.0,7896.0,7902.0,944762.0,487178.0,tushare_contract
P.DCE,2023-09-01,P2401.DCE,P,7918.0,7980.0,7832.0,7952.0,7908.0,873436.0,504484.0,tushare_contract
P.DCE,2023-09-04,P2401.DCE,P,7970.0,7984.0,7708.0,7750.0,7826.0,918449.0,483406.0,tushare_contract
P.DCE,2023-09-05,P2401.DCE,P,7758.0,7786.0,7684.0,7716.0,7740.0,654953.0,473124.0,tushare_contract
P.DCE,2023-09-06,P2401.DCE,P,7726.0,7816.0,7662.0,7690.0,7744.0,783433.0,473490.0,tushare_contract
P.DCE,2023-09-07,P2401.DCE,P,7700.0,7732.0,7558.0,7582.0,7648.0,721633.0,473410.0,tushare_contract
P.DCE,2023-09-08,P2401.DCE,P,7580.0,7600.0,7480.0,7560.0,7544.0,740080.0,459130.0,tushare_contract
P.DCE,2023-09-11,P2401.DCE,P,7600.0,7680.0,7408.0,7446.0,7568.0,972901.0,474896.0,tushare_contract
P.DCE,2023-09-12,P2401.DCE,P,7420.0,7488.0,7402.0,7436.0,7446.0,628992.0,479127.0,tushare_contract
P.DCE,2023-09-13,P2401.DCE,P,7436.0,7504.0,7352.0,7368.0,7426.0,743640.0,483654.0,tushare_contract
P.DCE,2023-09-14,P2401.DCE,P,7408.0,7498.0,7358.0,7472.0,7442.0,626230.0,470588.0,tushare_contract
P.DCE,2023-09-15,P2401.DCE,P,7480.0,7576.0,7448.0,7478.0,7506.0,626740.0,469808.0,tushare_contract
P.DCE,2023-09-18,P2401.DCE,P,7468.0,7468.0,7296.0,7382.0,7368.0,845369.0,512062.0,tushare_contract
P.DCE,2023-09-19,P2401.DCE,P,7350.0,7358.0,7254.0,7266.0,7300.0,690710.0,532126.0,tushare_contract
P.DCE,2023-09-20,P2401.DCE,P,7310.0,7368.0,7264.0,7330.0,7320.0,662087.0,524439.0,tushare_contract
P.DCE,2023-09-21,P2401.DCE,P,7322.0,7338.0,7152.0,7156.0,7256.0,858711.0,550258.0,tushare_contract
P.DCE,2023-09-22,P2401.DCE,P,7178.0,7250.0,7168.0,7242.0,7216.0,612494.0,530680.0,tushare_contract
P.DCE,2023-09-25,P2401.DCE,P,7272.0,7346.0,7176.0,7214.0,7258.0,926870.0,515155.0,tushare_contract
P.DCE,2023-09-26,P2401.DCE,P,7228.0,7298.0,7190.0,7230.0,7242.0,657376.0,496670.0,tushare_contract
P.DCE,2023-09-27,P2401.DCE,P,7242.0,7330.0,7214.0,7320.0,7268.0,646003.0,474701.0,tushare_contract
P.DCE,2023-09-28,P2401.DCE,P,7336.0,7472.0,7320.0,7468.0,7402.0,611191.0,435316.0,tushare_contract
P.DCE,2023-10-09,P2401.DCE,P,7310.0,7324.0,7130.0,7172.0,7184.0,587625.0,457412.0,tushare_contract
P.DCE,2023-10-10,P2401.DCE,P,7146.0,7190.0,6982.0,7076.0,7072.0,802540.0,487036.0,tushare_contract
P.DCE,2023-10-11,P2401.DCE,P,7076.0,7158.0,7032.0,7086.0,7086.0,666914.0,479049.0,tushare_contract
P.DCE,2023-10-12,P2401.DCE,P,7044.0,7148.0,7010.0,7144.0,7082.0,668884.0,464813.0,tushare_contract
P.DCE,2023-10-13,P2401.DCE,P,7176.0,7280.0,7116.0,7272.0,7194.0,666354.0,442516.0,tushare_contract
P.DCE,2023-10-16,P2401.DCE,P,7312.0,7388.0,7282.0,7320.0,7324.0,619768.0,434074.0,tushare_contract
P.DCE,2023-10-17,P2401.DCE,P,7346.0,7364.0,7282.0,7318.0,7324.0,586612.0,439536.0,tushare_contract
P.DCE,2023-10-18,P2401.DCE,P,7318.0,7422.0,7304.0,7362.0,7366.0,660461.0,425847.0,tushare_contract
P.DCE,2023-10-19,P2401.DCE,P,7378.0,7412.0,7314.0,7334.0,7362.0,607251.0,427635.0,tushare_contract
P.DCE,2023-10-20,P2401.DCE,P,7300.0,7328.0,7190.0,7228.0,7252.0,731522.0,424781.0,tushare_contract
P.DCE,2023-10-23,P2401.DCE,P,7246.0,7266.0,7140.0,7170.0,7198.0,589583.0,437465.0,tushare_contract
P.DCE,2023-10-24,P2401.DCE,P,7184.0,7188.0,7032.0,7080.0,7106.0,576017.0,448970.0,tushare_contract
P.DCE,2023-10-25,P2401.DCE,P,7086.0,7112.0,7006.0,7016.0,7052.0,565332.0,473414.0,tushare_contract
P.DCE,2023-10-26,P2401.DCE,P,7040.0,7258.0,7032.0,7256.0,7128.0,722682.0,459478.0,tushare_contract
P.DCE,2023-10-27,P2401.DCE,P,7248.0,7270.0,7146.0,7260.0,7214.0,695042.0,445410.0,tushare_contract
P.DCE,2023-10-30,P2401.DCE,P,7280.0,7312.0,7236.0,7252.0,7276.0,526226.0,433640.0,tushare_contract
P.DCE,2023-10-31,P2401.DCE,P,7240.0,7250.0,7052.0,7098.0,7138.0,671565.0,450890.0,tushare_contract
P.DCE,2023-11-01,P2401.DCE,P,7110.0,7166.0,7058.0,7146.0,7114.0,643781.0,449717.0,tushare_contract
P.DCE,2023-11-02,P2401.DCE,P,7146.0,7338.0,7066.0,7320.0,7212.0,840678.0,448239.0,tushare_contract
P.DCE,2023-11-03,P2401.DCE,P,7328.0,7378.0,7296.0,7350.0,7332.0,565971.0,429291.0,tushare_contract
P.DCE,2023-11-06,P2401.DCE,P,7360.0,7382.0,7266.0,7350.0,7318.0,675246.0,429494.0,tushare_contract
P.DCE,2023-11-07,P2401.DCE,P,7358.0,7458.0,7316.0,7320.0,7378.0,760354.0,434158.0,tushare_contract
P.DCE,2023-11-08,P2401.DCE,P,7296.0,7414.0,7280.0,7384.0,7356.0,777655.0,439088.0,tushare_contract
P.DCE,2023-11-09,P2401.DCE,P,7350.0,7384.0,7202.0,7280.0,7306.0,957449.0,438093.0,tushare_contract
P.DCE,2023-11-10,P2401.DCE,P,7284.0,7476.0,7268.0,7398.0,7356.0,942243.0,430775.0,tushare_contract
P.DCE,2023-11-13,P2401.DCE,P,7410.0,7450.0,7324.0,7374.0,7392.0,687446.0,429241.0,tushare_contract
P.DCE,2023-11-14,P2401.DCE,P,7358.0,7496.0,7278.0,7484.0,7406.0,790713.0,433350.0,tushare_contract
P.DCE,2023-11-15,P2401.DCE,P,7502.0,7636.0,7496.0,7634.0,7582.0,735396.0,457469.0,tushare_contract
P.DCE,2023-11-16,P2401.DCE,P,7638.0,7664.0,7550.0,7600.0,7612.0,672004.0,445526.0,tushare_contract
P.DCE,2023-11-17,P2401.DCE,P,7590.0,7610.0,7418.0,7490.0,7508.0,698636.0,411021.0,tushare_contract
P.DCE,2023-11-20,P2401.DCE,P,7508.0,7514.0,7406.0,7452.0,7466.0,597048.0,404438.0,tushare_contract
P.DCE,2023-11-21,P2401.DCE,P,7460.0,7572.0,7384.0,7418.0,7492.0,796604.0,395457.0,tushare_contract
P.DCE,2023-11-22,P2401.DCE,P,7428.0,7564.0,7368.0,7558.0,7488.0,749960.0,395826.0,tushare_contract
P.DCE,2023-11-23,P2401.DCE,P,7510.0,7524.0,7384.0,7444.0,7460.0,782483.0,375750.0,tushare_contract
P.DCE,2023-11-24,P2401.DCE,P,7430.0,7430.0,7314.0,7338.0,7370.0,568779.0,377434.0,tushare_contract
P.DCE,2023-11-27,P2401.DCE,P,7310.0,7414.0,7252.0,7410.0,7316.0,694951.0,352423.0,tushare_contract
P.DCE,2023-11-28,P2401.DCE,P,7410.0,7460.0,7362.0,7372.0,7404.0,620069.0,325043.0,tushare_contract
P.DCE,2023-11-29,P2401.DCE,P,7372.0,7434.0,7238.0,7248.0,7326.0,696962.0,352844.0,tushare_contract
P.DCE,2023-11-30,P2401.DCE,P,7270.0,7352.0,7260.0,7336.0,7306.0,476663.0,305981.0,tushare_contract
P.DCE,2023-12-01,P2401.DCE,P,7336.0,7380.0,7166.0,7188.0,7254.0,665862.0,329753.0,tushare_contract
P.DCE,2023-12-04,P2401.DCE,P,7218.0,7268.0,7150.0,7208.0,7210.0,467048.0,306620.0,tushare_contract
P.DCE,2023-12-05,P2401.DCE,P,7208.0,7224.0,7092.0,7112.0,7166.0,509850.0,304882.0,tushare_contract
P.DCE,2023-12-06,P2401.DCE,P,7112.0,7114.0,6896.0,6930.0,6990.0,555079.0,309152.0,tushare_contract
P.DCE,2023-12-07,P2401.DCE,P,6950.0,6952.0,6732.0,6916.0,6858.0,615761.0,274786.0,tushare_contract
P.DCE,2023-12-08,P2401.DCE,P,6940.0,7104.0,6930.0,7092.0,7016.0,450963.0,222012.0,tushare_contract
P.DCE,2023-12-11,P2401.DCE,P,7072.0,7134.0,6992.0,7116.0,7064.0,364689.0,191160.0,tushare_contract
P.DCE,2023-12-12,P2401.DCE,P,7120.0,7144.0,7070.0,7136.0,7104.0,253840.0,166416.0,tushare_contract
P.DCE,2023-12-13,P2405.DCE,P,7180.0,7190.0,7056.0,7076.0,7124.0,535588.0,387893.0,tushare_contract
P.DCE,2023-12-14,P2405.DCE,P,7080.0,7132.0,7056.0,7070.0,7094.0,441602.0,402942.0,tushare_contract
P.DCE,2023-12-15,P2405.DCE,P,7104.0,7192.0,7042.0,7070.0,7114.0,578637.0,422038.0,tushare_contract
P.DCE,2023-12-18,P2405.DCE,P,7090.0,7164.0,6996.0,7164.0,7068.0,684427.0,423992.0,tushare_contract
P.DCE,2023-12-19,P2405.DCE,P,7158.0,7200.0,7112.0,7152.0,7162.0,523900.0,424589.0,tushare_contract
P.DCE,2023-12-20,P2405.DCE,P,7134.0,7220.0,7132.0,7164.0,7176.0,497589.0,426803.0,tushare_contract
P.DCE,2023-12-21,P2405.DCE,P,7186.0,7260.0,7098.0,7168.0,7178.0,707402.0,421945.0,tushare_contract
P.DCE,2023-12-22,P2405.DCE,P,7140.0,7148.0,6960.0,7126.0,7066.0,851501.0,444885.0,tushare_contract
P.DCE,2023-12-25,P2405.DCE,P,7128.0,7168.0,6968.0,7140.0,7084.0,774368.0,451157.0,tushare_contract
P.DCE,2023-12-26,P2405.DCE,P,7148.0,7210.0,7134.0,7186.0,7172.0,541314.0,442354.0,tushare_contract
P.DCE,2023-12-27,P2405.DCE,P,7220.0,7294.0,7200.0,7284.0,7250.0,620963.0,447542.0,tushare_contract
P.DCE,2023-12-28,P2405.DCE,P,7248.0,7272.0,7202.0,7234.0,7240.0,501645.0,443115.0,tushare_contract
P.DCE,2023-12-29,P2405.DCE,P,7230.0,7242.0,7082.0,7086.0,7150.0,640906.0,430244.0,tushare_contract
P.DCE,2024-01-02,P2405.DCE,P,7100.0,7142.0,7020.0,7062.0,7078.0,437701.0,444065.0,tushare_contract
P.DCE,2024-01-03,P2405.DCE,P,7060.0,7074.0,6922.0,6952.0,6998.0,592753.0,472705.0,tushare_contract
P.DCE,2024-01-04,P2405.DCE,P,6976.0,7020.0,6950.0,6984.0,6980.0,398129.0,475741.0,tushare_contract
P.DCE,2024-01-05,P2405.DCE,P,6988.0,7066.0,6930.0,7022.0,7006.0,557703.0,457759.0,tushare_contract
P.DCE,2024-01-08,P2405.DCE,P,7052.0,7090.0,6982.0,7006.0,7034.0,564771.0,449335.0,tushare_contract
P.DCE,2024-01-09,P2405.DCE,P,6980.0,7076.0,6898.0,7054.0,6996.0,647124.0,442268.0,tushare_contract
P.DCE,2024-01-10,P2405.DCE,P,7100.0,7260.0,7072.0,7226.0,7158.0,690275.0,420130.0,tushare_contract
P.DCE,2024-01-11,P2405.DCE,P,7206.0,7292.0,7188.0,7256.0,7234.0,570833.0,412375.0,tushare_contract
P.DCE,2024-01-12,P2405.DCE,P,7260.0,7344.0,7222.0,7338.0,7278.0,605577.0,411379.0,tushare_contract
P.DCE,2024-01-15,P2405.DCE,P,7368.0,7384.0,7240.0,7300.0,7302.0,512263.0,390644.0,tushare_contract
P.DCE,2024-01-16,P2405.DCE,P,7280.0,7390.0,7270.0,7384.0,7330.0,497991.0,405293.0,tushare_contract
P.DCE,2024-01-17,P2405.DCE,P,7384.0,7444.0,7276.0,7298.0,7364.0,575332.0,409181.0,tushare_contract
P.DCE,2024-01-18,P2405.DCE,P,7286.0,7416.0,7264.0,7412.0,7346.0,570468.0,427430.0,tushare_contract
P.DCE,2024-01-19,P2405.DCE,P,7428.0,7532.0,7402.0,7520.0,7466.0,605034.0,453258.0,tushare_contract
P.DCE,2024-01-22,P2405.DCE,P,7532.0,7564.0,7446.0,7474.0,7498.0,548458.0,434916.0,tushare_contract
P.DCE,2024-01-23,P2405.DCE,P,7458.0,7542.0,7422.0,7432.0,7470.0,624193.0,443966.0,tushare_contract
P.DCE,2024-01-24,P2405.DCE,P,7432.0,7520.0,7410.0,7498.0,7472.0,503800.0,453285.0,tushare_contract
P.DCE,2024-01-25,P2405.DCE,P,7502.0,7574.0,7484.0,7532.0,7530.0,483298.0,447638.0,tushare_contract
P.DCE,2024-01-26,P2405.DCE,P,7532.0,7598.0,7450.0,7544.0,7524.0,624531.0,485647.0,tushare_contract
P.DCE,2024-01-29,P2405.DCE,P,7566.0,7568.0,7402.0,7412.0,7480.0,659123.0,451223.0,tushare_contract
P.DCE,2024-01-30,P2405.DCE,P,7408.0,7420.0,7184.0,7196.0,7328.0,749775.0,440738.0,tushare_contract
P.DCE,2024-01-31,P2405.DCE,P,7186.0,7274.0,7100.0,7138.0,7182.0,664400.0,431057.0,tushare_contract
P.DCE,2024-02-01,P2405.DCE,P,7124.0,7136.0,7066.0,7118.0,7100.0,543416.0,400478.0,tushare_contract
P.DCE,2024-02-02,P2405.DCE,P,7118.0,7142.0,7008.0,7052.0,7080.0,527965.0,393036.0,tushare_contract
P.DCE,2024-02-05,P2405.DCE,P,7042.0,7084.0,6990.0,7054.0,7044.0,436645.0,387615.0,tushare_contract
P.DCE,2024-02-06,P2405.DCE,P,7068.0,7166.0,7046.0,7114.0,7100.0,466733.0,381346.0,tushare_contract
P.DCE,2024-02-07,P2405.DCE,P,7136.0,7156.0,7044.0,7110.0,7108.0,383006.0,365477.0,tushare_contract
P.DCE,2024-02-08,P2405.DCE,P,7122.0,7228.0,7070.0,7216.0,7152.0,379846.0,338407.0,tushare_contract
P.DCE,2024-02-19,P2405.DCE,P,7174.0,7280.0,7118.0,7270.0,7222.0,306644.0,346608.0,tushare_contract
P.DCE,2024-02-20,P2405.DCE,P,7282.0,7368.0,7274.0,7320.0,7326.0,373711.0,368889.0,tushare_contract
P.DCE,2024-02-21,P2405.DCE,P,7320.0,7412.0,7312.0,7382.0,7368.0,432932.0,390207.0,tushare_contract
P.DCE,2024-02-22,P2405.DCE,P,7358.0,7396.0,7312.0,7350.0,7358.0,501303.0,383667.0,tushare_contract
P.DCE,2024-02-23,P2405.DCE,P,7322.0,7330.0,7250.0,7294.0,7282.0,490800.0,371042.0,tushare_contract
P.DCE,2024-02-26,P2405.DCE,P,7288.0,7328.0,7230.0,7274.0,7284.0,522091.0,368342.0,tushare_contract
P.DCE,2024-02-27,P2405.DCE,P,7284.0,7376.0,7274.0,7360.0,7338.0,428097.0,377206.0,tushare_contract
P.DCE,2024-02-28,P2405.DCE,P,7382.0,7436.0,7364.0,7392.0,7398.0,425773.0,387860.0,tushare_contract
P.DCE,2024-02-29,P2405.DCE,P,7392.0,7494.0,7380.0,7478.0,7444.0,452886.0,429006.0,tushare_contract
P.DCE,2024-03-01,P2405.DCE,P,7486.0,7570.0,7470.0,7562.0,7520.0,455206.0,463721.0,tushare_contract
P.DCE,2024-03-04,P2405.DCE,P,7560.0,7560.0,7484.0,7522.0,7518.0,430889.0,447318.0,tushare_contract
P.DCE,2024-03-05,P2405.DCE,P,7500.0,7558.0,7456.0,7534.0,7498.0,486517.0,453515.0,tushare_contract
P.DCE,2024-03-06,P2405.DCE,P,7518.0,7684.0,7518.0,7662.0,7606.0,608327.0,500378.0,tushare_contract
P.DCE,2024-03-07,P2405.DCE,P,7698.0,7734.0,7650.0,7682.0,7688.0,547772.0,495397.0,tushare_contract
P.DCE,2024-03-08,P2405.DCE,P,7706.0,7820.0,7684.0,7818.0,7750.0,656863.0,516294.0,tushare_contract
P.DCE,2024-03-11,P2405.DCE,P,7770.0,7806.0,7728.0,7768.0,7768.0,522939.0,498609.0,tushare_contract
P.DCE,2024-03-12,P2405.DCE,P,7802.0,7872.0,7776.0,7852.0,7820.0,595618.0,509281.0,tushare_contract
P.DCE,2024-03-13,P2405.DCE,P,7820.0,7904.0,7804.0,7900.0,7854.0,572136.0,524641.0,tushare_contract
P.DCE,2024-03-14,P2405.DCE,P,7942.0,8172.0,7918.0,8132.0,8046.0,984946.0,537156.0,tushare_contract
P.DCE,2024-03-15,P2405.DCE,P,8118.0,8220.0,8080.0,8084.0,8150.0,905564.0,505051.0,tushare_contract
P.DCE,2024-03-18,P2405.DCE,P,8064.0,8336.0,8054.0,8132.0,8178.0,989701.0,481285.0,tushare_contract
P.DCE,2024-03-19,P2405.DCE,P,8126.0,8220.0,8100.0,8180.0,8162.0,834396.0,478421.0,tushare_contract
P.DCE,2024-03-20,P2405.DCE,P,8136.0,8384.0,8114.0,8362.0,8226.0,933861.0,522129.0,tushare_contract
P.DCE,2024-03-21,P2405.DCE,P,8354.0,8462.0,8256.0,8284.0,8354.0,1015023.0,477231.0,tushare_contract
P.DCE,2024-03-22,P2405.DCE,P,8274.0,8396.0,8242.0,8262.0,8322.0,1002125.0,481694.0,tushare_contract
P.DCE,2024-03-25,P2405.DCE,P,8260.0,8386.0,8186.0,8372.0,8300.0,1173052.0,508539.0,tushare_contract
P.DCE,2024-03-26,P2405.DCE,P,8400.0,8424.0,8230.0,8266.0,8328.0,1001108.0,474422.0,tushare_contract
P.DCE,2024-03-27,P2405.DCE,P,8274.0,8336.0,8088.0,8130.0,8214.0,1072387.0,448019.0,tushare_contract
P.DCE,2024-03-28,P2405.DCE,P,8134.0,8172.0,8070.0,8122.0,8112.0,828084.0,437383.0,tushare_contract
P.DCE,2024-03-29,P2405.DCE,P,8110.0,8218.0,7984.0,8216.0,8094.0,1034088.0,417785.0,tushare_contract
P.DCE,2024-04-01,P2405.DCE,P,8232.0,8338.0,8124.0,8328.0,8240.0,825139.0,404334.0,tushare_contract
P.DCE,2024-04-02,P2405.DCE,P,8328.0,8356.0,8242.0,8286.0,8300.0,657702.0,388724.0,tushare_contract
P.DCE,2024-04-03,P2405.DCE,P,8342.0,8572.0,8326.0,8570.0,8474.0,990352.0,372265.0,tushare_contract
P.DCE,2024-04-08,P2405.DCE,P,8518.0,8528.0,8202.0,8218.0,8342.0,716170.0,296744.0,tushare_contract
P.DCE,2024-04-09,P2405.DCE,P,8230.0,8278.0,8152.0,8236.0,8210.0,658020.0,261443.0,tushare_contract
P.DCE,2024-04-10,P2405.DCE,P,8234.0,8284.0,8198.0,8268.0,8246.0,370382.0,223259.0,tushare_contract
P.DCE,2024-04-11,P2409.DCE,P,7902.0,7914.0,7792.0,7892.0,7862.0,672531.0,457629.0,tushare_contract
P.DCE,2024-04-12,P2409.DCE,P,7862.0,7892.0,7752.0,7774.0,7812.0,1017506.0,489836.0,tushare_contract
P.DCE,2024-04-15,P2409.DCE,P,7798.0,7980.0,7656.0,7664.0,7808.0,1207811.0,497318.0,tushare_contract
P.DCE,2024-04-16,P2409.DCE,P,7662.0,7688.0,7588.0,7606.0,7644.0,786233.0,493148.0,tushare_contract
P.DCE,2024-04-17,P2409.DCE,P,7570.0,7634.0,7392.0,7458.0,7522.0,943322.0,502261.0,tushare_contract
P.DCE,2024-04-18,P2409.DCE,P,7458.0,7508.0,7410.0,7452.0,7454.0,720360.0,517119.0,tushare_contract
P.DCE,2024-04-19,P2409.DCE,P,7420.0,7518.0,7354.0,7382.0,7436.0,1028054.0,526939.0,tushare_contract
P.DCE,2024-04-22,P2409.DCE,P,7340.0,7446.0,7302.0,7346.0,7364.0,859493.0,541747.0,tushare_contract
P.DCE,2024-04-23,P2409.DCE,P,7360.0,7544.0,7334.0,7442.0,7450.0,1048840.0,505214.0,tushare_contract
P.DCE,2024-04-24,P2409.DCE,P,7420.0,7572.0,7408.0,7510.0,7508.0,814922.0,510383.0,tushare_contract
P.DCE,2024-04-25,P2409.DCE,P,7470.0,7516.0,7264.0,7314.0,7400.0,1065415.0,537140.0,tushare_contract
P.DCE,2024-04-26,P2409.DCE,P,7316.0,7408.0,7248.0,7400.0,7332.0,826318.0,510235.0,tushare_contract
P.DCE,2024-04-29,P2409.DCE,P,7408.0,7492.0,7396.0,7434.0,7440.0,762150.0,498265.0,tushare_contract
P.DCE,2024-04-30,P2409.DCE,P,7446.0,7504.0,7312.0,7360.0,7390.0,693887.0,481434.0,tushare_contract
P.DCE,2024-05-06,P2409.DCE,P,7388.0,7454.0,7330.0,7408.0,7396.0,492049.0,501841.0,tushare_contract
P.DCE,2024-05-07,P2409.DCE,P,7426.0,7564.0,7412.0,7560.0,7510.0,724085.0,527998.0,tushare_contract
P.DCE,2024-05-08,P2409.DCE,P,7550.0,7606.0,7480.0,7492.0,7536.0,738299.0,527561.0,tushare_contract
P.DCE,2024-05-09,P2409.DCE,P,7456.0,7476.0,7388.0,7406.0,7438.0,685004.0,536542.0,tushare_contract
P.DCE,2024-05-10,P2409.DCE,P,7382.0,7422.0,7250.0,7286.0,7326.0,739984.0,572135.0,tushare_contract
P.DCE,2024-05-13,P2409.DCE,P,7300.0,7464.0,7270.0,7454.0,7372.0,662026.0,534234.0,tushare_contract
P.DCE,2024-05-14,P2409.DCE,P,7474.0,7562.0,7468.0,7490.0,7516.0,761535.0,527070.0,tushare_contract
P.DCE,2024-05-15,P2409.DCE,P,7400.0,7580.0,7316.0,7532.0,7438.0,1029051.0,537343.0,tushare_contract
P.DCE,2024-05-16,P2409.DCE,P,7508.0,7564.0,7424.0,7456.0,7506.0,812416.0,531896.0,tushare_contract
P.DCE,2024-05-17,P2409.DCE,P,7462.0,7646.0,7456.0,7638.0,7550.0,792622.0,568956.0,tushare_contract
P.DCE,2024-05-20,P2409.DCE,P,7658.0,7714.0,7614.0,7664.0,7660.0,693751.0,572763.0,tushare_contract
P.DCE,2024-05-21,P2409.DCE,P,7670.0,7758.0,7602.0,7662.0,7692.0,775706.0,561669.0,tushare_contract
P.DCE,2024-05-22,P2409.DCE,P,7616.0,7682.0,7604.0,7662.0,7640.0,621716.0,575549.0,tushare_contract
P.DCE,2024-05-23,P2409.DCE,P,7650.0,7698.0,7502.0,7598.0,7610.0,934727.0,559391.0,tushare_contract
P.DCE,2024-05-24,P2409.DCE,P,7648.0,7692.0,7552.0,7588.0,7630.0,828493.0,560724.0,tushare_contract
P.DCE,2024-05-27,P2409.DCE,P,7590.0,7704.0,7566.0,7604.0,7622.0,764527.0,556744.0,tushare_contract
P.DCE,2024-05-28,P2409.DCE,P,7598.0,7824.0,7598.0,7774.0,7738.0,885473.0,601437.0,tushare_contract
P.DCE,2024-05-29,P2409.DCE,P,7808.0,7872.0,7754.0,7858.0,7826.0,859588.0,626846.0,tushare_contract
P.DCE,2024-05-30,P2409.DCE,P,7852.0,7876.0,7726.0,7742.0,7808.0,721436.0,595796.0,tushare_contract
P.DCE,2024-05-31,P2409.DCE,P,7758.0,7922.0,7724.0,7908.0,7818.0,825410.0,618558.0,tushare_contract
P.DCE,2024-06-03,P2409.DCE,P,7922.0,7956.0,7638.0,7652.0,7780.0,1064074.0,562932.0,tushare_contract
P.DCE,2024-06-04,P2409.DCE,P,7680.0,7680.0,7538.0,7644.0,7612.0,800583.0,546821.0,tushare_contract
P.DCE,2024-06-05,P2409.DCE,P,7606.0,7676.0,7564.0,7602.0,7616.0,660302.0,531111.0,tushare_contract
P.DCE,2024-06-06,P2409.DCE,P,7618.0,7736.0,7586.0,7734.0,7644.0,649008.0,544341.0,tushare_contract
P.DCE,2024-06-07,P2409.DCE,P,7748.0,7856.0,7738.0,7800.0,7806.0,754281.0,564100.0,tushare_contract
P.DCE,2024-06-11,P2409.DCE,P,7730.0,7796.0,7572.0,7596.0,7680.0,675042.0,535284.0,tushare_contract
P.DCE,2024-06-12,P2409.DCE,P,7614.0,7758.0,7602.0,7728.0,7678.0,656034.0,530285.0,tushare_contract
P.DCE,2024-06-13,P2409.DCE,P,7730.0,7798.0,7660.0,7716.0,7726.0,857848.0,542808.0,tushare_contract
P.DCE,2024-06-14,P2409.DCE,P,7692.0,7778.0,7612.0,7684.0,7678.0,875186.0,527752.0,tushare_contract
P.DCE,2024-06-17,P2409.DCE,P,7688.0,7722.0,7458.0,7510.0,7580.0,898732.0,524625.0,tushare_contract
P.DCE,2024-06-18,P2409.DCE,P,7512.0,7660.0,7502.0,7610.0,7594.0,663778.0,511423.0,tushare_contract
P.DCE,2024-06-19,P2409.DCE,P,7608.0,7742.0,7592.0,7706.0,7668.0,697698.0,525779.0,tushare_contract
P.DCE,2024-06-20,P2409.DCE,P,7710.0,7748.0,7670.0,7700.0,7704.0,617989.0,535684.0,tushare_contract
P.DCE,2024-06-21,P2409.DCE,P,7732.0,7768.0,7628.0,7644.0,7690.0,754653.0,520709.0,tushare_contract
P.DCE,2024-06-24,P2409.DCE,P,7654.0,7710.0,7576.0,7634.0,7644.0,795375.0,499846.0,tushare_contract
P.DCE,2024-06-25,P2409.DCE,P,7610.0,7644.0,7520.0,7582.0,7574.0,737149.0,493492.0,tushare_contract
P.DCE,2024-06-26,P2409.DCE,P,7582.0,7656.0,7480.0,7640.0,7576.0,689428.0,502940.0,tushare_contract
P.DCE,2024-06-27,P2409.DCE,P,7632.0,7662.0,7564.0,7586.0,7612.0,590196.0,465490.0,tushare_contract
P.DCE,2024-06-28,P2409.DCE,P,7636.0,7692.0,7604.0,7666.0,7656.0,642162.0,490608.0,tushare_contract
P.DCE,2024-07-01,P2409.DCE,P,7654.0,7886.0,7644.0,7868.0,7780.0,860863.0,557046.0,tushare_contract
P.DCE,2024-07-02,P2409.DCE,P,7844.0,8030.0,7844.0,7994.0,7934.0,760936.0,580487.0,tushare_contract
P.DCE,2024-07-03,P2409.DCE,P,8046.0,8064.0,7936.0,7986.0,7996.0,674716.0,580445.0,tushare_contract
P.DCE,2024-07-04,P2409.DCE,P,8026.0,8106.0,7954.0,8000.0,8034.0,867603.0,581395.0,tushare_contract
P.DCE,2024-07-05,P2409.DCE,P,7998.0,8058.0,7924.0,7954.0,8004.0,730873.0,571337.0,tushare_contract
P.DCE,2024-07-08,P2409.DCE,P,7950.0,8020.0,7854.0,7904.0,7928.0,786668.0,539922.0,tushare_contract
P.DCE,2024-07-09,P2409.DCE,P,7880.0,7896.0,7752.0,7778.0,7824.0,778194.0,479436.0,tushare_contract
P.DCE,2024-07-10,P2409.DCE,P,7778.0,7784.0,7558.0,7612.0,7648.0,849476.0,430648.0,tushare_contract
P.DCE,2024-07-11,P2409.DCE,P,7650.0,7692.0,7614.0,7638.0,7654.0,572290.0,417382.0,tushare_contract
P.DCE,2024-07-12,P2409.DCE,P,7690.0,7844.0,7654.0,7766.0,7754.0,806496.0,397909.0,tushare_contract
P.DCE,2024-07-15,P2409.DCE,P,7766.0,7784.0,7638.0,7718.0,7708.0,708922.0,372035.0,tushare_contract
P.DCE,2024-07-16,P2409.DCE,P,7702.0,7862.0,7666.0,7820.0,7766.0,708271.0,383639.0,tushare_contract
P.DCE,2024-07-17,P2409.DCE,P,7794.0,7954.0,7786.0,7878.0,7874.0,748960.0,402614.0,tushare_contract
P.DCE,2024-07-18,P2409.DCE,P,7888.0,7946.0,7806.0,7916.0,7876.0,684456.0,402531.0,tushare_contract
P.DCE,2024-07-19,P2409.DCE,P,7884.0,7896.0,7776.0,7850.0,7836.0,719999.0,376642.0,tushare_contract
P.DCE,2024-07-22,P2409.DCE,P,7892.0,7992.0,7732.0,7958.0,7866.0,921627.0,396766.0,tushare_contract
P.DCE,2024-07-23,P2409.DCE,P,7950.0,8038.0,7884.0,7896.0,7960.0,708284.0,384876.0,tushare_contract
P.DCE,2024-07-24,P2409.DCE,P,7918.0,7976.0,7736.0,7746.0,7860.0,964283.0,373490.0,tushare_contract
P.DCE,2024-07-25,P2409.DCE,P,7770.0,7794.0,7678.0,7744.0,7738.0,718390.0,346877.0,tushare_contract
P.DCE,2024-07-26,P2409.DCE,P,7754.0,7908.0,7732.0,7880.0,7828.0,676509.0,346274.0,tushare_contract
P.DCE,2024-07-29,P2409.DCE,P,7840.0,7922.0,7630.0,7882.0,7778.0,1019139.0,352866.0,tushare_contract
P.DCE,2024-07-30,P2409.DCE,P,7828.0,7948.0,7744.0,7852.0,7836.0,1035349.0,342457.0,tushare_contract
P.DCE,2024-07-31,P2409.DCE,P,7820.0,7908.0,7760.0,7782.0,7828.0,952729.0,318910.0,tushare_contract
P.DCE,2024-08-01,P2409.DCE,P,7830.0,7876.0,7734.0,7764.0,7804.0,839368.0,308634.0,tushare_contract
P.DCE,2024-08-02,P2409.DCE,P,7768.0,7998.0,7740.0,7968.0,7874.0,1110593.0,377976.0,tushare_contract
P.DCE,2024-08-05,P2409.DCE,P,7932.0,7948.0,7770.0,7856.0,7860.0,1074302.0,302483.0,tushare_contract
P.DCE,2024-08-06,P2409.DCE,P,7756.0,7844.0,7586.0,7600.0,7698.0,1348163.0,316532.0,tushare_contract
P.DCE,2024-08-07,P2409.DCE,P,7552.0,7638.0,7534.0,7564.0,7584.0,719352.0,288511.0,tushare_contract
P.DCE,2024-08-08,P2409.DCE,P,7620.0,7676.0,7584.0,7596.0,7618.0,644856.0,231578.0,tushare_contract
P.DCE,2024-08-09,P2409.DCE,P,7608.0,7744.0,7600.0,7728.0,7690.0,552621.0,189745.0,tushare_contract
P.DCE,2024-08-12,P2409.DCE,P,7748.0,7780.0,7656.0,7690.0,7710.0,383101.0,163735.0,tushare_contract
P.DCE,2024-08-13,P2409.DCE,P,7674.0,7708.0,7540.0,7578.0,7630.0,355462.0,139657.0,tushare_contract
P.DCE,2024-08-14,P2501.DCE,P,7444.0,7458.0,7324.0,7420.0,7398.0,700367.0,437743.0,tushare_contract
P.DCE,2024-08-15,P2501.DCE,P,7454.0,7510.0,7432.0,7496.0,7468.0,604328.0,425194.0,tushare_contract
P.DCE,2024-08-16,P2501.DCE,P,7470.0,7578.0,7468.0,7484.0,7528.0,580875.0,423961.0,tushare_contract
P.DCE,2024-08-19,P2501.DCE,P,7450.0,7608.0,7444.0,7578.0,7530.0,758617.0,445453.0,tushare_contract
P.DCE,2024-08-20,P2501.DCE,P,7560.0,7652.0,7534.0,7638.0,7592.0,595022.0,455594.0,tushare_contract
P.DCE,2024-08-21,P2501.DCE,P,7628.0,7694.0,7616.0,7648.0,7654.0,554607.0,471337.0,tushare_contract
P.DCE,2024-08-22,P2501.DCE,P,7674.0,7842.0,7648.0,7772.0,7738.0,841803.0,509003.0,tushare_contract
P.DCE,2024-08-23,P2501.DCE,P,7800.0,7848.0,7740.0,7812.0,7792.0,645882.0,526160.0,tushare_contract
P.DCE,2024-08-26,P2501.DCE,P,7860.0,8088.0,7822.0,8078.0,7938.0,872738.0,580888.0,tushare_contract
P.DCE,2024-08-27,P2501.DCE,P,8050.0,8108.0,8014.0,8062.0,8054.0,693715.0,579455.0,tushare_contract
P.DCE,2024-08-28,P2501.DCE,P,8048.0,8058.0,7952.0,8014.0,8018.0,730724.0,582980.0,tushare_contract
P.DCE,2024-08-29,P2501.DCE,P,7976.0,8016.0,7922.0,7988.0,7974.0,654621.0,579214.0,tushare_contract
P.DCE,2024-08-30,P2501.DCE,P,8002.0,8096.0,7990.0,8056.0,8048.0,649879.0,582584.0,tushare_contract
P.DCE,2024-09-02,P2501.DCE,P,8080.0,8086.0,7866.0,7906.0,7956.0,812780.0,554998.0,tushare_contract
P.DCE,2024-09-03,P2501.DCE,P,7920.0,8128.0,7876.0,7998.0,7986.0,1124113.0,541882.0,tushare_contract
P.DCE,2024-09-04,P2501.DCE,P,7972.0,7992.0,7824.0,7874.0,7904.0,931542.0,522266.0,tushare_contract
P.DCE,2024-09-05,P2501.DCE,P,7880.0,7894.0,7798.0,7862.0,7844.0,670669.0,506335.0,tushare_contract
P.DCE,2024-09-06,P2501.DCE,P,7900.0,8000.0,7852.0,7886.0,7926.0,752102.0,488602.0,tushare_contract
P.DCE,2024-09-09,P2501.DCE,P,7890.0,7902.0,7742.0,7898.0,7834.0,843229.0,476982.0,tushare_contract
P.DCE,2024-09-10,P2501.DCE,P,7898.0,7926.0,7814.0,7840.0,7868.0,628654.0,478907.0,tushare_contract
P.DCE,2024-09-11,P2501.DCE,P,7850.0,7884.0,7758.0,7880.0,7822.0,646422.0,482817.0,tushare_contract
P.DCE,2024-09-12,P2501.DCE,P,7858.0,7888.0,7720.0,7828.0,7818.0,801742.0,464865.0,tushare_contract
P.DCE,2024-09-13,P2501.DCE,P,7828.0,7972.0,7754.0,7766.0,7852.0,905394.0,453039.0,tushare_contract
P.DCE,2024-09-18,P2501.DCE,P,7788.0,7964.0,7774.0,7952.0,7882.0,588513.0,478416.0,tushare_contract
P.DCE,2024-09-19,P2501.DCE,P,7960.0,8180.0,7952.0,8166.0,8062.0,928960.0,541912.0,tushare_contract
P.DCE,2024-09-20,P2501.DCE,P,8124.0,8200.0,8106.0,8180.0,8152.0,654592.0,551792.0,tushare_contract
P.DCE,2024-09-23,P2501.DCE,P,8168.0,8296.0,8136.0,8228.0,8210.0,745654.0,551138.0,tushare_contract
P.DCE,2024-09-24,P2501.DCE,P,8234.0,8312.0,8216.0,8258.0,8272.0,644992.0,539925.0,tushare_contract
P.DCE,2024-09-25,P2501.DCE,P,8298.0,8482.0,8288.0,8386.0,8380.0,820307.0,545144.0,tushare_contract
P.DCE,2024-09-26,P2501.DCE,P,8392.0,8584.0,8380.0,8530.0,8508.0,901824.0,556262.0,tushare_contract
P.DCE,2024-09-27,P2501.DCE,P,8640.0,8672.0,8496.0,8616.0,8594.0,846326.0,541373.0,tushare_contract
P.DCE,2024-09-30,P2501.DCE,P,8510.0,8660.0,8430.0,8568.0,8532.0,704928.0,489280.0,tushare_contract
P.DCE,2024-10-08,P2501.DCE,P,8994.0,9028.0,8722.0,8746.0,8872.0,618773.0,488022.0,tushare_contract
P.DCE,2024-10-09,P2501.DCE,P,8770.0,8784.0,8628.0,8690.0,8710.0,652962.0,496507.0,tushare_contract
P.DCE,2024-10-10,P2501.DCE,P,8664.0,8818.0,8566.0,8690.0,8704.0,744727.0,492221.0,tushare_contract
P.DCE,2024-10-11,P2501.DCE,P,8704.0,8910.0,8704.0,8846.0,8824.0,715449.0,508694.0,tushare_contract
P.DCE,2024-10-14,P2501.DCE,P,8888.0,9046.0,8808.0,8852.0,8920.0,1020631.0,512526.0,tushare_contract
P.DCE,2024-10-15,P2501.DCE,P,8844.0,8876.0,8714.0,8724.0,8788.0,718291.0,491462.0,tushare_contract
P.DCE,2024-10-16,P2501.DCE,P,8748.0,8968.0,8738.0,8902.0,8880.0,752289.0,511725.0,tushare_contract
P.DCE,2024-10-17,P2501.DCE,P,8922.0,8990.0,8838.0,8864.0,8922.0,782581.0,503156.0,tushare_contract
P.DCE,2024-10-18,P2501.DCE,P,8888.0,9092.0,8824.0,8836.0,8940.0,1254730.0,507704.0,tushare_contract
P.DCE,2024-10-21,P2501.DCE,P,8800.0,8886.0,8736.0,8860.0,8814.0,855385.0,494386.0,tushare_contract
P.DCE,2024-10-22,P2501.DCE,P,8896.0,8996.0,8862.0,8996.0,8920.0,659504.0,515363.0,tushare_contract
P.DCE,2024-10-23,P2501.DCE,P,9026.0,9232.0,9014.0,9230.0,9138.0,915544.0,577374.0,tushare_contract
P.DCE,2024-10-24,P2501.DCE,P,9200.0,9282.0,9112.0,9280.0,9202.0,728457.0,581387.0,tushare_contract
P.DCE,2024-10-25,P2501.DCE,P,9336.0,9474.0,9266.0,9302.0,9376.0,995125.0,578692.0,tushare_contract
P.DCE,2024-10-28,P2501.DCE,P,9300.0,9366.0,9138.0,9270.0,9256.0,883861.0,554726.0,tushare_contract
P.DCE,2024-10-29,P2501.DCE,P,9218.0,9346.0,9204.0,9270.0,9272.0,793228.0,559314.0,tushare_contract
P.DCE,2024-10-30,P2501.DCE,P,9382.0,9418.0,9274.0,9392.0,9342.0,791007.0,569727.0,tushare_contract
P.DCE,2024-10-31,P2501.DCE,P,9438.0,9492.0,9354.0,9478.0,9436.0,707413.0,597891.0,tushare_contract
P.DCE,2024-11-01,P2501.DCE,P,9522.0,9680.0,9470.0,9668.0,9574.0,919089.0,616907.0,tushare_contract
P.DCE,2024-11-04,P2501.DCE,P,9700.0,9754.0,9624.0,9714.0,9684.0,829633.0,609456.0,tushare_contract
P.DCE,2024-11-05,P2501.DCE,P,9694.0,9752.0,9584.0,9610.0,9666.0,914390.0,596589.0,tushare_contract
P.DCE,2024-11-06,P2501.DCE,P,9630.0,9768.0,9584.0,9712.0,9644.0,884001.0,603604.0,tushare_contract
P.DCE,2024-11-07,P2501.DCE,P,9746.0,9992.0,9698.0,9914.0,9846.0,1235126.0,627265.0,tushare_contract
P.DCE,2024-11-08,P2501.DCE,P,9900.0,10124.0,9892.0,10088.0,9996.0,945138.0,637941.0,tushare_contract
P.DCE,2024-11-11,P2501.DCE,P,10130.0,10328.0,10106.0,10212.0,10196.0,1336676.0,598460.0,tushare_contract
P.DCE,2024-11-12,P2501.DCE,P,10250.0,10344.0,10072.0,10146.0,10238.0,1284206.0,569776.0,tushare_contract
P.DCE,2024-11-13,P2501.DCE,P,10100.0,10200.0,9756.0,9782.0,9958.0,1615868.0,486847.0,tushare_contract
P.DCE,2024-11-14,P2501.DCE,P,9906.0,9962.0,9776.0,9914.0,9880.0,1198246.0,491385.0,tushare_contract
P.DCE,2024-11-15,P2501.DCE,P,9970.0,10118.0,9902.0,10084.0,9986.0,1226537.0,507046.0,tushare_contract
P.DCE,2024-11-18,P2501.DCE,P,10178.0,10186.0,9840.0,9878.0,9992.0,1330735.0,470471.0,tushare_contract
P.DCE,2024-11-19,P2501.DCE,P,9858.0,10086.0,9700.0,9966.0,9876.0,1428988.0,473811.0,tushare_contract
P.DCE,2024-11-20,P2501.DCE,P,9928.0,10002.0,9864.0,9954.0,9948.0,1100966.0,477573.0,tushare_contract
P.DCE,2024-11-21,P2501.DCE,P,9878.0,9886.0,9532.0,9556.0,9696.0,1569711.0,451831.0,tushare_contract
P.DCE,2024-11-22,P2501.DCE,P,9652.0,9668.0,9518.0,9570.0,9600.0,1106401.0,425227.0,tushare_contract
P.DCE,2024-11-25,P2501.DCE,P,9530.0,9728.0,9448.0,9710.0,9598.0,1108914.0,417883.0,tushare_contract
P.DCE,2024-11-26,P2501.DCE,P,9680.0,9846.0,9616.0,9740.0,9712.0,1124494.0,429537.0,tushare_contract
P.DCE,2024-11-27,P2501.DCE,P,9776.0,9880.0,9676.0,9874.0,9756.0,998648.0,441392.0,tushare_contract
P.DCE,2024-11-28,P2501.DCE,P,9846.0,9960.0,9820.0,9908.0,9892.0,999809.0,440015.0,tushare_contract
P.DCE,2024-11-29,P2501.DCE,P,9980.0,10222.0,9930.0,10194.0,10078.0,1189956.0,485259.0,tushare_contract
P.DCE,2024-12-02,P2501.DCE,P,10222.0,10300.0,10138.0,10210.0,10224.0,1208801.0,482104.0,tushare_contract
P.DCE,2024-12-03,P2501.DCE,P,10178.0,10440.0,10158.0,10428.0,10254.0,1121681.0,490218.0,tushare_contract
P.DCE,2024-12-04,P2501.DCE,P,10458.0,10518.0,10272.0,10328.0,10390.0,1533316.0,444836.0,tushare_contract
P.DCE,2024-12-05,P2501.DCE,P,10280.0,10416.0,10098.0,10282.0,10268.0,1365556.0,401879.0,tushare_contract
P.DCE,2024-12-06,P2501.DCE,P,10302.0,10316.0,10158.0,10226.0,10224.0,1093999.0,373656.0,tushare_contract
P.DCE,2024-12-09,P2501.DCE,P,10226.0,10338.0,10134.0,10200.0,10228.0,986133.0,361548.0,tushare_contract
P.DCE,2024-12-10,P2501.DCE,P,10240.0,10326.0,9944.0,9998.0,10180.0,1109399.0,315897.0,tushare_contract
P.DCE,2024-12-11,P2501.DCE,P,9986.0,10082.0,9918.0,10066.0,9994.0,735018.0,295422.0,tushare_contract
P.DCE,2024-12-12,P2501.DCE,P,9932.0,10000.0,9858.0,9932.0,9936.0,602572.0,263781.0,tushare_contract
P.DCE,2024-12-13,P2505.DCE,P,9280.0,9334.0,9196.0,9266.0,9268.0,836439.0,444859.0,tushare_contract
P.DCE,2024-12-16,P2505.DCE,P,9314.0,9392.0,9214.0,9322.0,9314.0,1159375.0,450076.0,tushare_contract
P.DCE,2024-12-17,P2505.DCE,P,9250.0,9276.0,9136.0,9202.0,9206.0,1089468.0,446302.0,tushare_contract
P.DCE,2024-12-18,P2505.DCE,P,9194.0,9200.0,8966.0,9004.0,9084.0,1239549.0,451474.0,tushare_contract
P.DCE,2024-12-19,P2505.DCE,P,8950.0,8980.0,8720.0,8736.0,8860.0,1277848.0,447766.0,tushare_contract
P.DCE,2024-12-20,P2505.DCE,P,8818.0,8840.0,8668.0,8750.0,8762.0,1236483.0,450483.0,tushare_contract
P.DCE,2024-12-23,P2505.DCE,P,8710.0,8830.0,8572.0,8812.0,8694.0,1351481.0,461142.0,tushare_contract
P.DCE,2024-12-24,P2505.DCE,P,8844.0,8848.0,8736.0,8822.0,8790.0,864849.0,463204.0,tushare_contract
P.DCE,2024-12-25,P2505.DCE,P,8850.0,8888.0,8674.0,8706.0,8770.0,909679.0,483411.0,tushare_contract
P.DCE,2024-12-26,P2505.DCE,P,8704.0,8774.0,8638.0,8740.0,8704.0,762623.0,478105.0,tushare_contract
P.DCE,2024-12-27,P2505.DCE,P,8758.0,8828.0,8722.0,8786.0,8774.0,764005.0,480050.0,tushare_contract
P.DCE,2024-12-30,P2505.DCE,P,8820.0,8844.0,8684.0,8744.0,8764.0,790316.0,488890.0,tushare_contract
P.DCE,2024-12-31,P2505.DCE,P,8720.0,8742.0,8608.0,8668.0,8676.0,970554.0,479788.0,tushare_contract
P.DCE,2025-01-02,P2505.DCE,P,8660.0,8824.0,8458.0,8474.0,8648.0,1196491.0,511183.0,tushare_contract
P.DCE,2025-01-03,P2505.DCE,P,8470.0,8558.0,8372.0,8530.0,8482.0,1269242.0,484663.0,tushare_contract
P.DCE,2025-01-06,P2505.DCE,P,8540.0,8646.0,8478.0,8484.0,8556.0,1039802.0,469855.0,tushare_contract
P.DCE,2025-01-07,P2505.DCE,P,8534.0,8752.0,8460.0,8722.0,8576.0,1220042.0,497072.0,tushare_contract
P.DCE,2025-01-08,P2505.DCE,P,8712.0,8774.0,8608.0,8618.0,8686.0,1046988.0,469991.0,tushare_contract
P.DCE,2025-01-09,P2505.DCE,P,8648.0,8650.0,8408.0,8418.0,8506.0,1041693.0,468225.0,tushare_contract
P.DCE,2025-01-10,P2505.DCE,P,8438.0,8552.0,8404.0,8524.0,8490.0,911495.0,443978.0,tushare_contract
P.DCE,2025-01-13,P2505.DCE,P,8558.0,8822.0,8556.0,8758.0,8698.0,990181.0,452046.0,tushare_contract
P.DCE,2025-01-14,P2505.DCE,P,8730.0,8766.0,8668.0,8710.0,8724.0,705066.0,455733.0,tushare_contract
P.DCE,2025-01-15,P2505.DCE,P,8696.0,8710.0,8468.0,8482.0,8598.0,973535.0,468827.0,tushare_contract
P.DCE,2025-01-16,P2505.DCE,P,8488.0,8548.0,8292.0,8344.0,8424.0,1123118.0,479704.0,tushare_contract
P.DCE,2025-01-17,P2505.DCE,P,8300.0,8410.0,8232.0,8390.0,8322.0,865979.0,473714.0,tushare_contract
P.DCE,2025-01-20,P2505.DCE,P,8372.0,8482.0,8302.0,8430.0,8396.0,769443.0,451361.0,tushare_contract
P.DCE,2025-01-21,P2505.DCE,P,8410.0,8510.0,8390.0,8446.0,8446.0,794968.0,448253.0,tushare_contract
P.DCE,2025-01-22,P2505.DCE,P,8454.0,8524.0,8354.0,8360.0,8432.0,830988.0,452640.0,tushare_contract
P.DCE,2025-01-23,P2505.DCE,P,8372.0,8390.0,8224.0,8242.0,8314.0,771246.0,460270.0,tushare_contract
P.DCE,2025-01-24,P2505.DCE,P,8280.0,8328.0,8234.0,8258.0,8280.0,602794.0,430630.0,tushare_contract
P.DCE,2025-01-27,P2505.DCE,P,8294.0,8452.0,8280.0,8452.0,8358.0,543084.0,392025.0,tushare_contract
P.DCE,2025-02-05,P2505.DCE,P,8532.0,8636.0,8488.0,8612.0,8576.0,470006.0,417778.0,tushare_contract
P.DCE,2025-02-06,P2505.DCE,P,8576.0,8738.0,8540.0,8690.0,8634.0,603267.0,456980.0,tushare_contract
P.DCE,2025-02-07,P2505.DCE,P,8722.0,8898.0,8710.0,8888.0,8792.0,620119.0,503060.0,tushare_contract
P.DCE,2025-02-10,P2505.DCE,P,8878.0,8992.0,8848.0,8956.0,8922.0,737370.0,521559.0,tushare_contract
P.DCE,2025-02-11,P2505.DCE,P,9006.0,9132.0,8974.0,9076.0,9052.0,727973.0,544767.0,tushare_contract
P.DCE,2025-02-12,P2505.DCE,P,9098.0,9222.0,9052.0,9154.0,9142.0,853476.0,587214.0,tushare_contract
P.DCE,2025-02-13,P2505.DCE,P,9110.0,9162.0,8914.0,8950.0,9044.0,1046166.0,544620.0,tushare_contract
P.DCE,2025-02-14,P2505.DCE,P,8924.0,9108.0,8900.0,9078.0,9012.0,1042704.0,548448.0,tushare_contract
P.DCE,2025-02-17,P2505.DCE,P,9076.0,9102.0,8968.0,9064.0,9042.0,796749.0,549672.0,tushare_contract
P.DCE,2025-02-18,P2505.DCE,P,9090.0,9118.0,8994.0,9012.0,9048.0,826184.0,535191.0,tushare_contract
P.DCE,2025-02-19,P2505.DCE,P,9030.0,9208.0,9026.0,9200.0,9136.0,800796.0,596578.0,tushare_contract
P.DCE,2025-02-20,P2505.DCE,P,9260.0,9378.0,9170.0,9368.0,9280.0,1082130.0,613773.0,tushare_contract
P.DCE,2025-02-21,P2505.DCE,P,9352.0,9448.0,9342.0,9368.0,9394.0,888634.0,602919.0,tushare_contract
P.DCE,2025-02-24,P2505.DCE,P,9364.0,9384.0,9180.0,9240.0,9268.0,1035613.0,560654.0,tushare_contract
P.DCE,2025-02-25,P2505.DCE,P,9192.0,9324.0,9118.0,9178.0,9208.0,1217683.0,547993.0,tushare_contract
P.DCE,2025-02-26,P2505.DCE,P,9154.0,9242.0,9128.0,9228.0,9180.0,949366.0,550814.0,tushare_contract
P.DCE,2025-02-27,P2505.DCE,P,9232.0,9244.0,9018.0,9080.0,9118.0,1251373.0,509490.0,tushare_contract
P.DCE,2025-02-28,P2505.DCE,P,9088.0,9152.0,9018.0,9146.0,9084.0,997233.0,530449.0,tushare_contract
P.DCE,2025-03-03,P2505.DCE,P,9148.0,9160.0,9008.0,9042.0,9080.0,937039.0,507247.0,tushare_contract
P.DCE,2025-03-04,P2505.DCE,P,9052.0,9080.0,8790.0,8800.0,8910.0,1096381.0,481976.0,tushare_contract
P.DCE,2025-03-05,P2505.DCE,P,8766.0,8836.0,8746.0,8802.0,8792.0,772723.0,455063.0,tushare_contract
P.DCE,2025-03-06,P2505.DCE,P,8838.0,8976.0,8766.0,8962.0,8850.0,973182.0,443802.0,tushare_contract
P.DCE,2025-03-07,P2505.DCE,P,8968.0,9114.0,8924.0,9106.0,8998.0,1055002.0,477792.0,tushare_contract
P.DCE,2025-03-10,P2505.DCE,P,9130.0,9282.0,9022.0,9074.0,9156.0,1290800.0,462031.0,tushare_contract
P.DCE,2025-03-11,P2505.DCE,P,9028.0,9060.0,8876.0,8934.0,8958.0,1008501.0,429081.0,tushare_contract
P.DCE,2025-03-12,P2505.DCE,P,8958.0,9090.0,8926.0,9040.0,9000.0,989364.0,440460.0,tushare_contract
P.DCE,2025-03-13,P2505.DCE,P,9026.0,9140.0,8950.0,9106.0,9046.0,1071900.0,453430.0,tushare_contract
P.DCE,2025-03-14,P2505.DCE,P,9120.0,9148.0,9022.0,9120.0,9088.0,894554.0,443240.0,tushare_contract
P.DCE,2025-03-17,P2505.DCE,P,9130.0,9180.0,8984.0,8988.0,9092.0,1060061.0,444008.0,tushare_contract
P.DCE,2025-03-18,P2505.DCE,P,8980.0,9150.0,8934.0,9084.0,9008.0,1134545.0,447710.0,tushare_contract
P.DCE,2025-03-19,P2505.DCE,P,9116.0,9148.0,8930.0,8942.0,9068.0,1096737.0,436324.0,tushare_contract
P.DCE,2025-03-20,P2505.DCE,P,8966.0,9180.0,8924.0,9152.0,9062.0,1263596.0,497168.0,tushare_contract
P.DCE,2025-03-21,P2505.DCE,P,9126.0,9168.0,9006.0,9088.0,9088.0,1141883.0,446077.0,tushare_contract
P.DCE,2025-03-24,P2505.DCE,P,9052.0,9056.0,8952.0,8988.0,8998.0,978488.0,411035.0,tushare_contract
P.DCE,2025-03-25,P2505.DCE,P,8940.0,9068.0,8800.0,8812.0,8926.0,1490962.0,439209.0,tushare_contract
P.DCE,2025-03-26,P2505.DCE,P,8812.0,8896.0,8782.0,8846.0,8838.0,1010225.0,406743.0,tushare_contract
P.DCE,2025-03-27,P2505.DCE,P,8888.0,8908.0,8806.0,8886.0,8866.0,810656.0,396311.0,tushare_contract
P.DCE,2025-03-28,P2505.DCE,P,8964.0,9128.0,8952.0,9088.0,9058.0,1117540.0,430958.0,tushare_contract
P.DCE,2025-03-31,P2505.DCE,P,9102.0,9130.0,9032.0,9104.0,9076.0,784425.0,417753.0,tushare_contract
P.DCE,2025-04-01,P2505.DCE,P,9084.0,9192.0,9052.0,9146.0,9118.0,920977.0,430657.0,tushare_contract
P.DCE,2025-04-02,P2505.DCE,P,9176.0,9346.0,9148.0,9304.0,9264.0,951187.0,440631.0,tushare_contract
P.DCE,2025-04-03,P2505.DCE,P,9300.0,9326.0,9152.0,9198.0,9238.0,854192.0,380279.0,tushare_contract
P.DCE,2025-04-07,P2505.DCE,P,8850.0,8948.0,8692.0,8740.0,8800.0,911091.0,291189.0,tushare_contract
P.DCE,2025-04-08,P2505.DCE,P,8740.0,8820.0,8710.0,8758.0,8754.0,767881.0,257496.0,tushare_contract
P.DCE,2025-04-09,P2505.DCE,P,8712.0,8778.0,8510.0,8588.0,8636.0,850394.0,231001.0,tushare_contract
P.DCE,2025-04-10,P2505.DCE,P,8542.0,8810.0,8514.0,8754.0,8688.0,641113.0,201398.0,tushare_contract
P.DCE,2025-04-11,P2505.DCE,P,8696.0,8832.0,8694.0,8748.0,8766.0,549226.0,172008.0,tushare_contract
P.DCE,2025-04-14,P2505.DCE,P,8794.0,8802.0,8708.0,8748.0,8754.0,473951.0,156589.0,tushare_contract
P.DCE,2025-04-15,P2505.DCE,P,8750.0,8772.0,8666.0,8720.0,8726.0,296037.0,134408.0,tushare_contract
P.DCE,2025-04-16,P2509.DCE,P,8112.0,8176.0,8046.0,8078.0,8106.0,570785.0,342998.0,tushare_contract
P.DCE,2025-04-17,P2509.DCE,P,8102.0,8208.0,8082.0,8204.0,8142.0,575212.0,350406.0,tushare_contract
P.DCE,2025-04-18,P2509.DCE,P,8160.0,8204.0,8126.0,8132.0,8164.0,619774.0,355427.0,tushare_contract
P.DCE,2025-04-21,P2509.DCE,P,8110.0,8162.0,8008.0,8068.0,8076.0,740461.0,379404.0,tushare_contract
P.DCE,2025-04-22,P2509.DCE,P,8028.0,8156.0,7972.0,8130.0,8056.0,936452.0,375390.0,tushare_contract
P.DCE,2025-04-23,P2509.DCE,P,8154.0,8220.0,8088.0,8218.0,8150.0,786831.0,384821.0,tushare_contract
P.DCE,2025-04-24,P2509.DCE,P,8190.0,8242.0,8180.0,8230.0,8212.0,689531.0,392318.0,tushare_contract
P.DCE,2025-04-25,P2509.DCE,P,8250.0,8448.0,8236.0,8376.0,8354.0,963432.0,414485.0,tushare_contract
P.DCE,2025-04-28,P2509.DCE,P,8348.0,8368.0,8172.0,8174.0,8262.0,721927.0,396375.0,tushare_contract
P.DCE,2025-04-29,P2509.DCE,P,8200.0,8208.0,8116.0,8120.0,8162.0,550788.0,376072.0,tushare_contract
P.DCE,2025-04-30,P2509.DCE,P,8120.0,8156.0,8052.0,8148.0,8106.0,504163.0,346968.0,tushare_contract
P.DCE,2025-05-06,P2509.DCE,P,8018.0,8048.0,7928.0,7974.0,7984.0,549475.0,367565.0,tushare_contract
P.DCE,2025-05-07,P2509.DCE,P,7946.0,7974.0,7884.0,7914.0,7924.0,748717.0,426121.0,tushare_contract
P.DCE,2025-05-08,P2509.DCE,P,7876.0,7910.0,7812.0,7908.0,7864.0,685958.0,428821.0,tushare_contract
P.DCE,2025-05-09,P2509.DCE,P,7944.0,7988.0,7870.0,7886.0,7940.0,639471.0,415413.0,tushare_contract
P.DCE,2025-05-12,P2509.DCE,P,7930.0,8030.0,7898.0,8024.0,7956.0,674022.0,404100.0,tushare_contract
P.DCE,2025-05-13,P2509.DCE,P,8066.0,8082.0,7938.0,7954.0,8010.0,697530.0,409349.0,tushare_contract
P.DCE,2025-05-14,P2509.DCE,P,7994.0,8192.0,7990.0,8184.0,8108.0,792786.0,413927.0,tushare_contract
P.DCE,2025-05-15,P2509.DCE,P,8146.0,8200.0,8026.0,8048.0,8104.0,668900.0,387440.0,tushare_contract
P.DCE,2025-05-16,P2509.DCE,P,8012.0,8050.0,7954.0,7984.0,8006.0,514650.0,397913.0,tushare_contract
P.DCE,2025-05-19,P2509.DCE,P,7942.0,8044.0,7942.0,7998.0,8006.0,537030.0,395122.0,tushare_contract
P.DCE,2025-05-20,P2509.DCE,P,8022.0,8144.0,8000.0,8106.0,8076.0,631770.0,415867.0,tushare_contract
P.DCE,2025-05-21,P2509.DCE,P,8098.0,8148.0,8056.0,8104.0,8104.0,607313.0,398191.0,tushare_contract
P.DCE,2025-05-22,P2509.DCE,P,8098.0,8098.0,7984.0,7994.0,8032.0,621114.0,381976.0,tushare_contract
P.DCE,2025-05-23,P2509.DCE,P,7996.0,8092.0,7986.0,8006.0,8032.0,534842.0,384288.0,tushare_contract
P.DCE,2025-05-26,P2509.DCE,P,7980.0,8036.0,7928.0,7954.0,7980.0,549820.0,390404.0,tushare_contract
P.DCE,2025-05-27,P2509.DCE,P,7984.0,8048.0,7970.0,8044.0,8000.0,531013.0,391040.0,tushare_contract
P.DCE,2025-05-28,P2509.DCE,P,8068.0,8114.0,8032.0,8076.0,8072.0,596014.0,420256.0,tushare_contract
P.DCE,2025-05-29,P2509.DCE,P,8092.0,8198.0,8062.0,8190.0,8132.0,721694.0,475283.0,tushare_contract
P.DCE,2025-05-30,P2509.DCE,P,8156.0,8178.0,8026.0,8060.0,8096.0,684233.0,385610.0,tushare_contract
P.DCE,2025-06-03,P2509.DCE,P,8100.0,8250.0,8096.0,8196.0,8190.0,659444.0,468327.0,tushare_contract
P.DCE,2025-06-04,P2509.DCE,P,8190.0,8210.0,8102.0,8130.0,8156.0,656196.0,432781.0,tushare_contract
P.DCE,2025-06-05,P2509.DCE,P,8160.0,8160.0,8064.0,8126.0,8106.0,535659.0,429954.0,tushare_contract
P.DCE,2025-06-06,P2509.DCE,P,8116.0,8178.0,8074.0,8110.0,8124.0,626813.0,419221.0,tushare_contract
P.DCE,2025-06-09,P2509.DCE,P,8122.0,8194.0,8110.0,8182.0,8154.0,475370.0,441360.0,tushare_contract
P.DCE,2025-06-10,P2509.DCE,P,8192.0,8222.0,8102.0,8116.0,8160.0,653781.0,429360.0,tushare_contract
P.DCE,2025-06-11,P2509.DCE,P,8092.0,8112.0,7958.0,7970.0,8028.0,795882.0,444610.0,tushare_contract
P.DCE,2025-06-12,P2509.DCE,P,7994.0,8046.0,7976.0,8010.0,8008.0,543908.0,412207.0,tushare_contract
P.DCE,2025-06-13,P2509.DCE,P,8032.0,8224.0,8032.0,8140.0,8130.0,925612.0,413573.0,tushare_contract
P.DCE,2025-06-16,P2509.DCE,P,8170.0,8482.0,8140.0,8436.0,8358.0,1374614.0,485717.0,tushare_contract
P.DCE,2025-06-17,P2509.DCE,P,8480.0,8512.0,8406.0,8446.0,8456.0,864099.0,503108.0,tushare_contract
P.DCE,2025-06-18,P2509.DCE,P,8478.0,8540.0,8454.0,8518.0,8500.0,655571.0,512360.0,tushare_contract
P.DCE,2025-06-19,P2509.DCE,P,8530.0,8566.0,8502.0,8538.0,8532.0,605854.0,505691.0,tushare_contract
P.DCE,2025-06-20,P2509.DCE,P,8538.0,8600.0,8502.0,8536.0,8548.0,601493.0,503940.0,tushare_contract
P.DCE,2025-06-23,P2509.DCE,P,8540.0,8592.0,8454.0,8520.0,8508.0,660926.0,489038.0,tushare_contract
P.DCE,2025-06-24,P2509.DCE,P,8496.0,8500.0,8306.0,8326.0,8374.0,743181.0,454318.0,tushare_contract
P.DCE,2025-06-25,P2509.DCE,P,8310.0,8356.0,8288.0,8344.0,8324.0,501933.0,451226.0,tushare_contract
P.DCE,2025-06-26,P2509.DCE,P,8308.0,8408.0,8290.0,8360.0,8348.0,653695.0,455008.0,tushare_contract
P.DCE,2025-06-27,P2509.DCE,P,8382.0,8402.0,8334.0,8376.0,8366.0,442785.0,450508.0,tushare_contract
P.DCE,2025-06-30,P2509.DCE,P,8366.0,8376.0,8256.0,8330.0,8312.0,563974.0,431561.0,tushare_contract
P.DCE,2025-07-01,P2509.DCE,P,8340.0,8352.0,8278.0,8336.0,8314.0,479503.0,428231.0,tushare_contract
P.DCE,2025-07-02,P2509.DCE,P,8338.0,8454.0,8310.0,8440.0,8376.0,576422.0,452137.0,tushare_contract
P.DCE,2025-07-03,P2509.DCE,P,8470.0,8522.0,8446.0,8478.0,8478.0,481589.0,463964.0,tushare_contract
P.DCE,2025-07-04,P2509.DCE,P,8498.0,8550.0,8440.0,8472.0,8492.0,494606.0,451187.0,tushare_contract
P.DCE,2025-07-07,P2509.DCE,P,8450.0,8490.0,8412.0,8466.0,8446.0,445676.0,448023.0,tushare_contract
P.DCE,2025-07-08,P2509.DCE,P,8476.0,8670.0,8470.0,8644.0,8554.0,726022.0,518456.0,tushare_contract
P.DCE,2025-07-09,P2509.DCE,P,8644.0,8692.0,8630.0,8678.0,8656.0,473571.0,528219.0,tushare_contract
P.DCE,2025-07-10,P2509.DCE,P,8652.0,8678.0,8588.0,8638.0,8628.0,636450.0,505365.0,tushare_contract
P.DCE,2025-07-11,P2509.DCE,P,8600.0,8796.0,8590.0,8682.0,8686.0,772262.0,512798.0,tushare_contract
P.DCE,2025-07-14,P2509.DCE,P,8682.0,8760.0,8644.0,8748.0,8702.0,544815.0,505476.0,tushare_contract
P.DCE,2025-07-15,P2509.DCE,P,8760.0,8812.0,8688.0,8708.0,8754.0,568073.0,495933.0,tushare_contract
P.DCE,2025-07-16,P2509.DCE,P,8704.0,8770.0,8664.0,8722.0,8720.0,493411.0,502077.0,tushare_contract
P.DCE,2025-07-17,P2509.DCE,P,8730.0,8818.0,8714.0,8796.0,8764.0,567537.0,538144.0,tushare_contract
P.DCE,2025-07-18,P2509.DCE,P,8800.0,8972.0,8782.0,8964.0,8896.0,703683.0,557055.0,tushare_contract
P.DCE,2025-07-21,P2509.DCE,P,8976.0,9064.0,8894.0,8910.0,8958.0,708709.0,509869.0,tushare_contract
P.DCE,2025-07-22,P2509.DCE,P,8882.0,9012.0,8868.0,8926.0,8928.0,706504.0,492920.0,tushare_contract
P.DCE,2025-07-23,P2509.DCE,P,8908.0,9088.0,8908.0,8994.0,8984.0,758574.0,496579.0,tushare_contract
P.DCE,2025-07-24,P2509.DCE,P,9020.0,9106.0,8938.0,9104.0,9022.0,627783.0,516327.0,tushare_contract
P.DCE,2025-07-25,P2509.DCE,P,9058.0,9072.0,8890.0,8936.0,8984.0,673443.0,456448.0,tushare_contract
P.DCE,2025-07-28,P2509.DCE,P,8936.0,8980.0,8828.0,8946.0,8916.0,604377.0,449955.0,tushare_contract
P.DCE,2025-07-29,P2509.DCE,P,8952.0,8996.0,8842.0,8970.0,8926.0,611734.0,432271.0,tushare_contract
P.DCE,2025-07-30,P2509.DCE,P,8970.0,9030.0,8926.0,8982.0,8972.0,500291.0,403926.0,tushare_contract
P.DCE,2025-07-31,P2509.DCE,P,8962.0,8962.0,8866.0,8900.0,8912.0,479022.0,394483.0,tushare_contract
P.DCE,2025-08-01,P2509.DCE,P,8880.0,8950.0,8838.0,8910.0,8894.0,512068.0,394141.0,tushare_contract
P.DCE,2025-08-04,P2509.DCE,P,8918.0,8926.0,8746.0,8838.0,8814.0,611600.0,350396.0,tushare_contract
P.DCE,2025-08-05,P2509.DCE,P,8808.0,9068.0,8806.0,9064.0,8946.0,580261.0,400643.0,tushare_contract
P.DCE,2025-08-06,P2509.DCE,P,9062.0,9076.0,8896.0,8970.0,8980.0,557925.0,344307.0,tushare_contract
P.DCE,2025-08-07,P2509.DCE,P,9000.0,9050.0,8920.0,8950.0,8988.0,445128.0,317188.0,tushare_contract
P.DCE,2025-08-08,P2509.DCE,P,8964.0,9058.0,8956.0,8980.0,9012.0,442221.0,305714.0,tushare_contract
P.DCE,2025-08-11,P2509.DCE,P,8974.0,9236.0,8912.0,9218.0,9078.0,567374.0,299985.0,tushare_contract
P.DCE,2025-08-12,P2509.DCE,P,9246.0,9388.0,9224.0,9362.0,9294.0,443030.0,270663.0,tushare_contract
P.DCE,2025-08-13,P2509.DCE,P,9342.0,9462.0,9310.0,9424.0,9396.0,384052.0,226780.0,tushare_contract
P.DCE,2025-08-14,P2601.DCE,P,9480.0,9538.0,9350.0,9368.0,9450.0,703708.0,444903.0,tushare_contract
P.DCE,2025-08-15,P2601.DCE,P,9382.0,9484.0,9338.0,9460.0,9406.0,592724.0,480835.0,tushare_contract
P.DCE,2025-08-18,P2601.DCE,P,9520.0,9672.0,9520.0,9584.0,9606.0,832994.0,504979.0,tushare_contract
P.DCE,2025-08-19,P2601.DCE,P,9602.0,9736.0,9594.0,9640.0,9660.0,785065.0,525990.0,tushare_contract
P.DCE,2025-08-20,P2601.DCE,P,9582.0,9594.0,9456.0,9554.0,9518.0,788154.0,497896.0,tushare_contract
P.DCE,2025-08-21,P2601.DCE,P,9548.0,9636.0,9480.0,9500.0,9554.0,727262.0,513963.0,tushare_contract
P.DCE,2025-08-22,P2601.DCE,P,9500.0,9608.0,9462.0,9592.0,9546.0,753974.0,519477.0,tushare_contract
P.DCE,2025-08-25,P2601.DCE,P,9612.0,9688.0,9544.0,9582.0,9614.0,718391.0,522517.0,tushare_contract
P.DCE,2025-08-26,P2601.DCE,P,9610.0,9618.0,9486.0,9500.0,9544.0,635579.0,522571.0,tushare_contract
P.DCE,2025-08-27,P2601.DCE,P,9470.0,9572.0,9454.0,9500.0,9518.0,683952.0,520809.0,tushare_contract
P.DCE,2025-08-28,P2601.DCE,P,9518.0,9540.0,9404.0,9414.0,9476.0,832734.0,504743.0,tushare_contract
P.DCE,2025-08-29,P2601.DCE,P,9438.0,9446.0,9276.0,9316.0,9348.0,733188.0,478726.0,tushare_contract
P.DCE,2025-09-01,P2601.DCE,P,9300.0,9392.0,9240.0,9384.0,9326.0,669906.0,462237.0,tushare_contract
P.DCE,2025-09-02,P2601.DCE,P,9388.0,9508.0,9378.0,9422.0,9442.0,745699.0,449555.0,tushare_contract
P.DCE,2025-09-03,P2601.DCE,P,9420.0,9498.0,9344.0,9368.0,9410.0,739051.0,444058.0,tushare_contract
P.DCE,2025-09-04,P2601.DCE,P,9360.0,9450.0,9312.0,9390.0,9376.0,715948.0,445523.0,tushare_contract
P.DCE,2025-09-05,P2601.DCE,P,9382.0,9554.0,9358.0,9526.0,9456.0,687731.0,475615.0,tushare_contract
P.DCE,2025-09-08,P2601.DCE,P,9510.0,9514.0,9380.0,9466.0,9438.0,605851.0,443215.0,tushare_contract
P.DCE,2025-09-09,P2601.DCE,P,9474.0,9506.0,9428.0,9486.0,9470.0,579029.0,451516.0,tushare_contract
P.DCE,2025-09-10,P2601.DCE,P,9470.0,9472.0,9244.0,9244.0,9340.0,859709.0,444900.0,tushare_contract
P.DCE,2025-09-11,P2601.DCE,P,9280.0,9334.0,9208.0,9330.0,9274.0,719314.0,438697.0,tushare_contract
P.DCE,2025-09-12,P2601.DCE,P,9316.0,9426.0,9268.0,9296.0,9342.0,765320.0,428331.0,tushare_contract
P.DCE,2025-09-15,P2601.DCE,P,9336.0,9442.0,9318.0,9422.0,9370.0,583281.0,433353.0,tushare_contract
P.DCE,2025-09-16,P2601.DCE,P,9442.0,9528.0,9430.0,9482.0,9484.0,591676.0,451725.0,tushare_contract
P.DCE,2025-09-17,P2601.DCE,P,9534.0,9570.0,9408.0,9424.0,9494.0,680632.0,436003.0,tushare_contract
P.DCE,2025-09-18,P2601.DCE,P,9408.0,9428.0,9280.0,9304.0,9344.0,627749.0,423179.0,tushare_contract
P.DCE,2025-09-19,P2601.DCE,P,9314.0,9380.0,9306.0,9316.0,9340.0,554657.0,411814.0,tushare_contract
P.DCE,2025-09-22,P2601.DCE,P,9322.0,9400.0,9252.0,9360.0,9326.0,561707.0,403883.0,tushare_contract
P.DCE,2025-09-23,P2601.DCE,P,9282.0,9294.0,8946.0,9054.0,9086.0,1021148.0,387927.0,tushare_contract
P.DCE,2025-09-24,P2601.DCE,P,9088.0,9142.0,9014.0,9126.0,9078.0,591824.0,376778.0,tushare_contract
P.DCE,2025-09-25,P2601.DCE,P,9188.0,9264.0,9154.0,9222.0,9214.0,688356.0,357389.0,tushare_contract
P.DCE,2025-09-26,P2601.DCE,P,9242.0,9318.0,9226.0,9236.0,9266.0,590776.0,363269.0,tushare_contract
P.DCE,2025-09-29,P2601.DCE,P,9236.0,9280.0,9188.0,9234.0,9234.0,444366.0,353461.0,tushare_contract
P.DCE,2025-09-30,P2601.DCE,P,9204.0,9234.0,9150.0,9228.0,9190.0,398602.0,332147.0,tushare_contract
P.DCE,2025-10-09,P2601.DCE,P,9452.0,9580.0,9438.0,9570.0,9512.0,509596.0,379054.0,tushare_contract
P.DCE,2025-10-10,P2601.DCE,P,9570.0,9608.0,9366.0,9438.0,9488.0,733204.0,367743.0,tushare_contract
P.DCE,2025-10-13,P2601.DCE,P,9438.0,9446.0,9310.0,9364.0,9376.0,501265.0,349205.0,tushare_contract
P.DCE,2025-10-14,P2601.DCE,P,9364.0,9438.0,9274.0,9330.0,9366.0,526687.0,350778.0,tushare_contract
P.DCE,2025-10-15,P2601.DCE,P,9302.0,9376.0,9260.0,9322.0,9316.0,448936.0,353041.0,tushare_contract
P.DCE,2025-10-16,P2601.DCE,P,9330.0,9374.0,9282.0,9312.0,9326.0,383828.0,348046.0,tushare_contract
P.DCE,2025-10-17,P2601.DCE,P,9328.0,9392.0,9288.0,9308.0,9334.0,484295.0,337826.0,tushare_contract
P.DCE,2025-10-20,P2601.DCE,P,9332.0,9412.0,9312.0,9318.0,9370.0,461434.0,344243.0,tushare_contract
P.DCE,2025-10-21,P2601.DCE,P,9320.0,9400.0,9264.0,9294.0,9322.0,553539.0,333677.0,tushare_contract
P.DCE,2025-10-22,P2601.DCE,P,9286.0,9296.0,9156.0,9164.0,9224.0,637846.0,346365.0,tushare_contract
P.DCE,2025-10-23,P2601.DCE,P,9174.0,9176.0,9076.0,9132.0,9114.0,533553.0,357819.0,tushare_contract
P.DCE,2025-10-24,P2601.DCE,P,9170.0,9174.0,9090.0,9122.0,9130.0,455290.0,349691.0,tushare_contract
P.DCE,2025-10-27,P2601.DCE,P,9110.0,9150.0,9066.0,9100.0,9110.0,462421.0,356490.0,tushare_contract
P.DCE,2025-10-28,P2601.DCE,P,9080.0,9080.0,8954.0,8958.0,9010.0,531693.0,368090.0,tushare_contract
P.DCE,2025-10-29,P2601.DCE,P,8940.0,8940.0,8758.0,8842.0,8834.0,727306.0,388487.0,tushare_contract
P.DCE,2025-10-30,P2601.DCE,P,8798.0,8868.0,8778.0,8828.0,8820.0,483690.0,391870.0,tushare_contract
P.DCE,2025-10-31,P2601.DCE,P,8850.0,8858.0,8720.0,8764.0,8800.0,415447.0,392995.0,tushare_contract
P.DCE,2025-11-03,P2601.DCE,P,8732.0,8754.0,8638.0,8664.0,8690.0,556509.0,391237.0,tushare_contract
P.DCE,2025-11-04,P2601.DCE,P,8624.0,8736.0,8596.0,8616.0,8652.0,556601.0,405977.0,tushare_contract
P.DCE,2025-11-05,P2601.DCE,P,8590.0,8666.0,8570.0,8590.0,8618.0,546167.0,423090.0,tushare_contract
P.DCE,2025-11-06,P2601.DCE,P,8582.0,8756.0,8562.0,8732.0,8660.0,621581.0,420314.0,tushare_contract
P.DCE,2025-11-07,P2601.DCE,P,8752.0,8754.0,8618.0,8660.0,8680.0,501777.0,416049.0,tushare_contract
P.DCE,2025-11-10,P2601.DCE,P,8650.0,8740.0,8614.0,8690.0,8670.0,530809.0,424116.0,tushare_contract
P.DCE,2025-11-11,P2601.DCE,P,8698.0,8850.0,8678.0,8770.0,8752.0,505832.0,418681.0,tushare_contract
P.DCE,2025-11-12,P2601.DCE,P,8760.0,8776.0,8712.0,8744.0,8744.0,396375.0,419304.0,tushare_contract
P.DCE,2025-11-13,P2601.DCE,P,8714.0,8774.0,8642.0,8752.0,8704.0,652768.0,409209.0,tushare_contract
P.DCE,2025-11-14,P2601.DCE,P,8744.0,8750.0,8574.0,8644.0,8664.0,587245.0,433480.0,tushare_contract
P.DCE,2025-11-17,P2601.DCE,P,8660.0,8724.0,8606.0,8680.0,8674.0,585987.0,419635.0,tushare_contract
P.DCE,2025-11-18,P2601.DCE,P,8694.0,8726.0,8652.0,8708.0,8688.0,472289.0,420543.0,tushare_contract
P.DCE,2025-11-19,P2601.DCE,P,8756.0,8906.0,8750.0,8852.0,8846.0,822062.0,380300.0,tushare_contract
P.DCE,2025-11-20,P2601.DCE,P,8830.0,8850.0,8632.0,8646.0,8746.0,571538.0,416659.0,tushare_contract
P.DCE,2025-11-21,P2601.DCE,P,8656.0,8686.0,8514.0,8550.0,8610.0,692437.0,425907.0,tushare_contract
P.DCE,2025-11-24,P2601.DCE,P,8528.0,8546.0,8450.0,8486.0,8504.0,577844.0,401777.0,tushare_contract
P.DCE,2025-11-25,P2601.DCE,P,8448.0,8482.0,8356.0,8360.0,8422.0,597491.0,403650.0,tushare_contract
P.DCE,2025-11-26,P2601.DCE,P,8312.0,8464.0,8304.0,8440.0,8382.0,504182.0,382297.0,tushare_contract
P.DCE,2025-11-27,P2601.DCE,P,8420.0,8542.0,8406.0,8528.0,8466.0,383418.0,365152.0,tushare_contract
P.DCE,2025-11-28,P2601.DCE,P,8552.0,8640.0,8538.0,8626.0,8588.0,410968.0,331361.0,tushare_contract
P.DCE,2025-12-01,P2601.DCE,P,8638.0,8680.0,8592.0,8652.0,8630.0,367522.0,312424.0,tushare_contract
P.DCE,2025-12-02,P2601.DCE,P,8612.0,8726.0,8572.0,8720.0,8648.0,433243.0,297531.0,tushare_contract
P.DCE,2025-12-03,P2601.DCE,P,8744.0,8794.0,8698.0,8730.0,8736.0,360400.0,270361.0,tushare_contract
P.DCE,2025-12-04,P2601.DCE,P,8736.0,8762.0,8626.0,8666.0,8688.0,343873.0,260276.0,tushare_contract
P.DCE,2025-12-05,P2601.DCE,P,8648.0,8780.0,8644.0,8770.0,8726.0,336222.0,232891.0,tushare_contract
P.DCE,2025-12-08,P2601.DCE,P,8780.0,8810.0,8682.0,8706.0,8746.0,282208.0,207236.0,tushare_contract
P.DCE,2025-12-09,P2601.DCE,P,8692.0,8726.0,8570.0,8648.0,8650.0,303911.0,195544.0,tushare_contract
P.DCE,2025-12-10,P2601.DCE,P,8668.0,8738.0,8482.0,8542.0,8618.0,401671.0,165371.0,tushare_contract
P.DCE,2025-12-11,P2605.DCE,P,8592.0,8710.0,8582.0,8642.0,8662.0,512933.0,355564.0,tushare_contract
P.DCE,2025-12-12,P2605.DCE,P,8602.0,8630.0,8524.0,8552.0,8574.0,437746.0,375277.0,tushare_contract
P.DCE,2025-12-15,P2605.DCE,P,8500.0,8550.0,8442.0,8492.0,8492.0,443445.0,392898.0,tushare_contract
P.DCE,2025-12-16,P2605.DCE,P,8470.0,8478.0,8376.0,8410.0,8426.0,370066.0,416337.0,tushare_contract
P.DCE,2025-12-17,P2605.DCE,P,8380.0,8396.0,8278.0,8342.0,8330.0,505496.0,437681.0,tushare_contract
P.DCE,2025-12-18,P2605.DCE,P,8342.0,8454.0,8324.0,8368.0,8404.0,455669.0,434752.0,tushare_contract
P.DCE,2025-12-19,P2605.DCE,P,8378.0,8412.0,8266.0,8292.0,8336.0,443804.0,459331.0,tushare_contract
P.DCE,2025-12-22,P2605.DCE,P,8256.0,8422.0,8230.0,8414.0,8332.0,431457.0,452542.0,tushare_contract
P.DCE,2025-12-23,P2605.DCE,P,8434.0,8494.0,8388.0,8486.0,8448.0,441419.0,456514.0,tushare_contract
P.DCE,2025-12-24,P2605.DCE,P,8490.0,8548.0,8482.0,8488.0,8516.0,406474.0,448640.0,tushare_contract
P.DCE,2025-12-25,P2605.DCE,P,8520.0,8578.0,8506.0,8542.0,8544.0,299943.0,434218.0,tushare_contract
P.DCE,2025-12-26,P2605.DCE,P,8542.0,8610.0,8496.0,8568.0,8564.0,374136.0,422604.0,tushare_contract
P.DCE,2025-12-29,P2605.DCE,P,8602.0,8618.0,8508.0,8512.0,8554.0,358766.0,396047.0,tushare_contract
P.DCE,2025-12-30,P2605.DCE,P,8504.0,8678.0,8504.0,8658.0,8600.0,358771.0,388850.0,tushare_contract
P.DCE,2025-12-31,P2605.DCE,P,8634.0,8646.0,8574.0,8584.0,8612.0,282429.0,368830.0,tushare_contract
P.DCE,2026-01-05,P2605.DCE,P,8566.0,8600.0,8414.0,8488.0,8492.0,402569.0,388463.0,tushare_contract
P.DCE,2026-01-06,P2605.DCE,P,8510.0,8562.0,8460.0,8500.0,8506.0,414592.0,391056.0,tushare_contract
P.DCE,2026-01-07,P2605.DCE,P,8480.0,8572.0,8476.0,8562.0,8516.0,453932.0,393568.0,tushare_contract
P.DCE,2026-01-08,P2605.DCE,P,8600.0,8700.0,8560.0,8612.0,8630.0,630230.0,393894.0,tushare_contract
P.DCE,2026-01-09,P2605.DCE,P,8646.0,8698.0,8592.0,8682.0,8644.0,366106.0,400553.0,tushare_contract
P.DCE,2026-01-12,P2605.DCE,P,8630.0,8748.0,8574.0,8724.0,8658.0,512074.0,417932.0,tushare_contract
P.DCE,2026-01-13,P2605.DCE,P,8746.0,8866.0,8732.0,8778.0,8796.0,558865.0,439704.0,tushare_contract
P.DCE,2026-01-14,P2605.DCE,P,8744.0,8826.0,8704.0,8748.0,8756.0,531801.0,438095.0,tushare_contract
P.DCE,2026-01-15,P2605.DCE,P,8728.0,8746.0,8550.0,8578.0,8624.0,534066.0,429816.0,tushare_contract
P.DCE,2026-01-16,P2605.DCE,P,8544.0,8702.0,8490.0,8674.0,8618.0,570565.0,415079.0,tushare_contract
P.DCE,2026-01-19,P2605.DCE,P,8660.0,8684.0,8606.0,8648.0,8644.0,358548.0,413122.0,tushare_contract
P.DCE,2026-01-20,P2605.DCE,P,8670.0,8772.0,8662.0,8748.0,8720.0,422495.0,429178.0,tushare_contract
P.DCE,2026-01-21,P2605.DCE,P,8752.0,8850.0,8752.0,8832.0,8804.0,487113.0,445943.0,tushare_contract
P.DCE,2026-01-22,P2605.DCE,P,8850.0,8964.0,8850.0,8944.0,8914.0,502993.0,467244.0,tushare_contract
P.DCE,2026-01-23,P2605.DCE,P,8946.0,8948.0,8882.0,8910.0,8916.0,360593.0,476216.0,tushare_contract
P.DCE,2026-01-26,P2605.DCE,P,8962.0,9098.0,8930.0,9092.0,8998.0,542284.0,485983.0,tushare_contract
P.DCE,2026-01-27,P2605.DCE,P,9070.0,9248.0,9038.0,9238.0,9134.0,688004.0,501885.0,tushare_contract
P.DCE,2026-01-28,P2605.DCE,P,9252.0,9306.0,9196.0,9270.0,9256.0,513486.0,497601.0,tushare_contract
P.DCE,2026-01-29,P2605.DCE,P,9294.0,9396.0,9278.0,9362.0,9330.0,529334.0,514392.0,tushare_contract
P.DCE,2026-01-30,P2605.DCE,P,9362.0,9384.0,9178.0,9240.0,9280.0,569719.0,492509.0,tushare_contract
P.DCE,2026-02-02,P2605.DCE,P,9234.0,9316.0,8964.0,9014.0,9118.0,656811.0,463751.0,tushare_contract
P.DCE,2026-02-03,P2605.DCE,P,9056.0,9158.0,9050.0,9094.0,9100.0,397804.0,463716.0,tushare_contract
P.DCE,2026-02-04,P2605.DCE,P,9200.0,9248.0,9096.0,9138.0,9166.0,435429.0,468831.0,tushare_contract
P.DCE,2026-02-05,P2605.DCE,P,9138.0,9198.0,9038.0,9042.0,9120.0,449035.0,455399.0,tushare_contract
P.DCE,2026-02-06,P2605.DCE,P,9024.0,9082.0,9002.0,9026.0,9042.0,285443.0,444122.0,tushare_contract
P.DCE,2026-02-09,P2605.DCE,P,8980.0,9066.0,8938.0,9014.0,9002.0,345264.0,436227.0,tushare_contract
P.DCE,2026-02-10,P2605.DCE,P,9014.0,9034.0,8912.0,8940.0,8968.0,381959.0,424586.0,tushare_contract
P.DCE,2026-02-11,P2605.DCE,P,8910.0,8950.0,8886.0,8906.0,8916.0,290733.0,417236.0,tushare_contract
P.DCE,2026-02-12,P2605.DCE,P,8930.0,8932.0,8782.0,8782.0,8854.0,328615.0,400972.0,tushare_contract
P.DCE,2026-02-13,P2605.DCE,P,8782.0,8828.0,8674.0,8698.0,8750.0,297379.0,371271.0,tushare_contract
P.DCE,2026-02-24,P2605.DCE,P,8850.0,8910.0,8822.0,8824.0,8862.0,268923.0,370957.0,tushare_contract
P.DCE,2026-02-25,P2605.DCE,P,8810.0,8932.0,8768.0,8848.0,8848.0,389654.0,386410.0,tushare_contract
P.DCE,2026-02-26,P2605.DCE,P,8816.0,8838.0,8686.0,8714.0,8770.0,411133.0,396971.0,tushare_contract
P.DCE,2026-02-27,P2605.DCE,P,8718.0,8800.0,8692.0,8780.0,8756.0,379616.0,393602.0,tushare_contract
P.DCE,2026-03-02,P2605.DCE,P,8814.0,8922.0,8768.0,8898.0,8852.0,489772.0,387932.0,tushare_contract
P.DCE,2026-03-03,P2605.DCE,P,8940.0,9028.0,8926.0,8994.0,8982.0,531213.0,371591.0,tushare_contract
P.DCE,2026-03-04,P2605.DCE,P,9050.0,9084.0,8938.0,9002.0,9012.0,420332.0,361707.0,tushare_contract
P.DCE,2026-03-05,P2605.DCE,P,8960.0,9128.0,8890.0,9070.0,8998.0,516475.0,364671.0,tushare_contract
P.DCE,2026-03-06,P2605.DCE,P,9070.0,9248.0,9046.0,9218.0,9148.0,529410.0,375530.0,tushare_contract
P.DCE,2026-03-09,P2605.DCE,P,9384.0,9788.0,9360.0,9720.0,9586.0,892943.0,385075.0,tushare_contract
P.DCE,2026-03-10,P2605.DCE,P,9676.0,9748.0,9240.0,9462.0,9478.0,882402.0,338307.0,tushare_contract
P.DCE,2026-03-11,P2605.DCE,P,9476.0,9562.0,9330.0,9526.0,9454.0,507766.0,339375.0,tushare_contract
P.DCE,2026-03-12,P2605.DCE,P,9664.0,9864.0,9576.0,9684.0,9708.0,688279.0,338494.0,tushare_contract
P.DCE,2026-03-13,P2605.DCE,P,9702.0,9888.0,9654.0,9768.0,9776.0,618299.0,340134.0,tushare_contract
P.DCE,2026-03-16,P2605.DCE,P,9750.0,10050.0,9722.0,10010.0,9924.0,818514.0,359666.0,tushare_contract
P.DCE,2026-03-17,P2605.DCE,P,9922.0,9978.0,9818.0,9954.0,9904.0,566741.0,360226.0,tushare_contract
P.DCE,2026-03-18,P2605.DCE,P,9952.0,9992.0,9666.0,9692.0,9838.0,581411.0,332859.0,tushare_contract
P.DCE,2026-03-19,P2605.DCE,P,9850.0,9902.0,9744.0,9796.0,9818.0,491200.0,331096.0,tushare_contract
P.DCE,2026-03-20,P2605.DCE,P,9786.0,9836.0,9646.0,9718.0,9726.0,407410.0,319450.0,tushare_contract
P.DCE,2026-03-23,P2605.DCE,P,9726.0,9960.0,9650.0,9942.0,9820.0,465152.0,317752.0,tushare_contract
P.DCE,2026-03-24,P2605.DCE,P,9680.0,9774.0,9532.0,9644.0,9678.0,512050.0,290185.0,tushare_contract
P.DCE,2026-03-25,P2605.DCE,P,9644.0,9676.0,9464.0,9510.0,9558.0,371392.0,285114.0,tushare_contract
P.DCE,2026-03-26,P2605.DCE,P,9528.0,9640.0,9482.0,9614.0,9564.0,321996.0,279944.0,tushare_contract
P.DCE,2026-03-27,P2605.DCE,P,9656.0,9770.0,9582.0,9768.0,9656.0,348165.0,288414.0,tushare_contract
P.DCE,2026-03-30,P2605.DCE,P,9800.0,9974.0,9668.0,9930.0,9794.0,501201.0,280149.0,tushare_contract
P.DCE,2026-03-31,P2605.DCE,P,9950.0,10082.0,9808.0,9866.0,9938.0,587524.0,245751.0,tushare_contract
P.DCE,2026-04-01,P2605.DCE,P,10048.0,10192.0,9778.0,9780.0,10002.0,634883.0,218125.0,tushare_contract
P.DCE,2026-04-02,P2605.DCE,P,9842.0,10028.0,9722.0,9974.0,9880.0,397740.0,206246.0,tushare_contract
P.DCE,2026-04-03,P2605.DCE,P,10042.0,10086.0,9876.0,9938.0,9948.0,300151.0,187313.0,tushare_contract
P.DCE,2026-04-07,P2605.DCE,P,9970.0,10004.0,9880.0,9912.0,9944.0,181727.0,173042.0,tushare_contract
P.DCE,2026-04-08,P2609.DCE,P,9988.0,9988.0,9402.0,9568.0,9700.0,520220.0,306120.0,tushare_contract
P.DCE,2026-04-09,P2609.DCE,P,9534.0,9678.0,9508.0,9650.0,9610.0,301645.0,318083.0,tushare_contract
P.DCE,2026-04-10,P2609.DCE,P,9688.0,9752.0,9616.0,9621.0,9688.0,490555.0,338468.0,tushare_contract
P.DCE,2026-04-13,P2609.DCE,P,9568.0,9670.0,9518.0,9546.0,9594.0,455013.0,342210.0,tushare_contract
P.DCE,2026-04-14,P2609.DCE,P,9559.0,9577.0,9407.0,9433.0,9473.0,447821.0,356889.0,tushare_contract
P.DCE,2026-04-15,P2609.DCE,P,9420.0,9429.0,9302.0,9411.0,9372.0,442510.0,378362.0,tushare_contract
P.DCE,2026-04-16,P2609.DCE,P,9421.0,9425.0,9325.0,9402.0,9374.0,424511.0,392639.0,tushare_contract
P.DCE,2026-04-17,P2609.DCE,P,9430.0,9508.0,9388.0,9492.0,9449.0,494791.0,404381.0,tushare_contract
P.DCE,2026-04-20,P2609.DCE,P,9312.0,9516.0,9200.0,9486.0,9416.0,571728.0,419058.0,tushare_contract
P.DCE,2026-04-21,P2609.DCE,P,9481.0,9794.0,9434.0,9730.0,9623.0,866656.0,464242.0,tushare_contract
P.DCE,2026-04-22,P2609.DCE,P,9720.0,9858.0,9695.0,9822.0,9786.0,808555.0,481396.0,tushare_contract
P.DCE,2026-04-23,P2609.DCE,P,9864.0,9885.0,9730.0,9781.0,9814.0,674372.0,470399.0,tushare_contract
P.DCE,2026-04-24,P2609.DCE,P,9742.0,9855.0,9711.0,9778.0,9790.0,678358.0,470423.0,tushare_contract
P.DCE,2026-04-27,P2609.DCE,P,9773.0,9900.0,9748.0,9785.0,9817.0,643286.0,478632.0,tushare_contract
P.DCE,2026-04-28,P2609.DCE,P,9760.0,9828.0,9672.0,9759.0,9752.0,690740.0,463101.0,tushare_contract
P.DCE,2026-04-29,P2609.DCE,P,9750.0,9800.0,9654.0,9780.0,9725.0,622281.0,457444.0,tushare_contract
P.DCE,2026-04-30,P2609.DCE,P,9850.0,9877.0,9773.0,9821.0,9828.0,457972.0,433100.0,tushare_contract
P.DCE,2026-05-06,P2609.DCE,P,9888.0,9993.0,9804.0,9864.0,9902.0,465649.0,454936.0,tushare_contract
P.DCE,2026-05-07,P2609.DCE,P,9701.0,9830.0,9676.0,9752.0,9763.0,617586.0,463822.0,tushare_contract
P.DCE,2026-05-08,P2609.DCE,P,9670.0,9756.0,9632.0,9680.0,9693.0,567510.0,468975.0,tushare_contract
P.DCE,2026-05-11,P2609.DCE,P,9650.0,9759.0,9632.0,9682.0,9696.0,505459.0,466097.0,tushare_contract
P.DCE,2026-05-12,P2609.DCE,P,9670.0,9704.0,9520.0,9565.0,9615.0,610897.0,482989.0,tushare_contract
P.DCE,2026-05-13,P2609.DCE,P,9580.0,9599.0,9477.0,9492.0,9545.0,478975.0,482998.0,tushare_contract
P.DCE,2026-05-14,P2609.DCE,P,9512.0,9554.0,9404.0,9405.0,9480.0,536926.0,493665.0,tushare_contract
P.DCE,2026-05-15,P2609.DCE,P,9372.0,9476.0,9366.0,9420.0,9430.0,489421.0,485649.0,tushare_contract
P.DCE,2026-05-18,P2609.DCE,P,9420.0,9594.0,9380.0,9576.0,9505.0,566001.0,501872.0,tushare_contract
P.DCE,2026-05-19,P2609.DCE,P,9524.0,9707.0,9492.0,9672.0,9583.0,645269.0,504322.0,tushare_contract
P.DCE,2026-05-20,P2609.DCE,P,9670.0,9858.0,9584.0,9721.0,9714.0,804472.0,477401.0,tushare_contract
P.DCE,2026-05-21,P2609.DCE,P,9685.0,9755.0,9511.0,9518.0,9635.0,751749.0,481597.0,tushare_contract
P.DCE,2026-05-22,P2609.DCE,P,9518.0,9550.0,9422.0,9471.0,9481.0,711015.0,480438.0,tushare_contract
P.DCE,2026-05-25,P2609.DCE,P,9449.0,9492.0,9332.0,9464.0,9440.0,603728.0,508551.0,tushare_contract
P.DCE,2026-05-26,P2609.DCE,P,9460.0,9540.0,9420.0,9433.0,9484.0,623812.0,500017.0,tushare_contract
P.DCE,2026-05-27,P2609.DCE,P,9475.0,9579.0,9438.0,9517.0,9508.0,650819.0,493770.0,tushare_contract
P.DCE,2026-05-28,P2609.DCE,P,9486.0,9622.0,9468.0,9599.0,9557.0,538114.0,481223.0,tushare_contract
P.DCE,2026-05-29,P2609.DCE,P,9593.0,9650.0,9552.0,9592.0,9599.0,572228.0,485911.0,tushare_contract
P.DCE,2026-06-01,P2609.DCE,P,9616.0,9732.0,9574.0,9729.0,9663.0,587921.0,503862.0,tushare_contract
P.DCE,2026-06-02,P2609.DCE,P,9742.0,9774.0,9687.0,9726.0,9724.0,509826.0,496267.0,tushare_contract
P.DCE,2026-06-03,P2609.DCE,P,9718.0,9788.0,9663.0,9766.0,9729.0,747478.0,524130.0,tushare_contract
P.DCE,2026-06-04,P2609.DCE,P,9800.0,9825.0,9559.0,9574.0,9701.0,758756.0,519053.0,tushare_contract
P.DCE,2026-06-05,P2609.DCE,P,9540.0,9588.0,9370.0,9382.0,9470.0,727489.0,534188.0,tushare_contract
P.DCE,2026-06-08,P2609.DCE,P,9420.0,9457.0,9285.0,9424.0,9387.0,629239.0,524650.0,tushare_contract
P.DCE,2026-06-09,P2609.DCE,P,9388.0,9422.0,9221.0,9265.0,9328.0,620176.0,541566.0,tushare_contract
P.DCE,2026-06-10,P2609.DCE,P,9298.0,9325.0,9208.0,9316.0,9284.0,601898.0,544130.0,tushare_contract
P.DCE,2026-06-11,P2609.DCE,P,9334.0,9420.0,9312.0,9393.0,9366.0,502200.0,531072.0,tushare_contract
P.DCE,2026-06-12,P2609.DCE,P,9388.0,9404.0,9306.0,9321.0,9357.0,464294.0,538984.0,tushare_contract
P.DCE,2026-06-15,P2609.DCE,P,9289.0,9324.0,9166.0,9232.0,9240.0,627560.0,546990.0,tushare_contract
P.DCE,2026-06-16,P2609.DCE,P,9197.0,9385.0,9151.0,9357.0,9252.0,664364.0,541072.0,tushare_contract
P.DCE,2026-06-17,P2609.DCE,P,9337.0,9430.0,9311.0,9349.0,9365.0,610261.0,525832.0,tushare_contract
P.DCE,2026-06-18,P2609.DCE,P,9375.0,9412.0,9220.0,9301.0,9324.0,615514.0,513210.0,tushare_contract
P.DCE,2026-06-22,P2609.DCE,P,9378.0,9422.0,9316.0,9366.0,9375.0,429627.0,506493.0,tushare_contract
P.DCE,2026-06-23,P2609.DCE,P,9362.0,9470.0,9273.0,9308.0,9378.0,734806.0,495107.0,tushare_contract
P.DCE,2026-06-24,P2609.DCE,P,9312.0,9396.0,9261.0,9335.0,9329.0,532685.0,496830.0,tushare_contract
P.DCE,2026-06-25,P2609.DCE,P,9284.0,9299.0,9028.0,9160.0,9148.0,869888.0,540837.0,tushare_contract
P.DCE,2026-06-26,P2609.DCE,P,9163.0,9339.0,9143.0,9315.0,9262.0,751864.0,502120.0,tushare_contract
P.DCE,2026-06-29,P2609.DCE,P,9272.0,9406.0,9244.0,9379.0,9323.0,565968.0,487519.0,tushare_contract
P.DCE,2026-06-30,P2609.DCE,P,9380.0,9392.0,9270.0,9272.0,9323.0,430886.0,485051.0,tushare_contract
P.DCE,2026-07-01,P2609.DCE,P,9268.0,9312.0,9182.0,9268.0,9254.0,527714.0,478206.0,tushare_contract
P.DCE,2026-07-02,P2609.DCE,P,9238.0,9301.0,9161.0,9164.0,9236.0,510182.0,505312.0,tushare_contract
P.DCE,2026-07-03,P2609.DCE,P,9171.0,9211.0,9096.0,9104.0,9148.0,581906.0,538310.0,tushare_contract
P.DCE,2026-07-06,P2609.DCE,P,9090.0,9279.0,9084.0,9245.0,9199.0,530273.0,498198.0,tushare_contract
P.DCE,2026-07-07,P2609.DCE,P,9251.0,9356.0,9237.0,9340.0,9306.0,480607.0,484001.0,tushare_contract
P.DCE,2026-07-08,P2609.DCE,P,9320.0,9394.0,9286.0,9341.0,9344.0,456433.0,479459.0,tushare_contract
P.DCE,2026-07-09,P2609.DCE,P,9384.0,9439.0,9331.0,9354.0,9387.0,488781.0,467446.0,tushare_contract
P.DCE,2026-07-10,P2609.DCE,P,9331.0,9352.0,9210.0,9222.0,9283.0,546091.0,493058.0,tushare_contract
P.DCE,2026-07-13,P2609.DCE,P,9234.0,9348.0,9211.0,9212.0,9263.0,429369.0,487644.0,tushare_contract
P.DCE,2026-07-14,P2609.DCE,P,9221.0,9374.0,9194.0,9351.0,9277.0,568412.0,473046.0,tushare_contract
P.DCE,2026-07-15,P2609.DCE,P,9370.0,9371.0,9249.0,9279.0,9310.0,455567.0,465985.0,tushare_contract
P.DCE,2026-07-16,P2609.DCE,P,9275.0,9325.0,9212.0,9244.0,9256.0,415974.0,480261.0,tushare_contract
P.DCE,2026-07-17,P2609.DCE,P,9271.0,9302.0,9191.0,9232.0,9245.0,480364.0,473284.0,tushare_contract
P.DCE,2026-07-20,P2609.DCE,P,9260.0,9394.0,9253.0,9389.0,9333.0,507860.0,440227.0,tushare_contract
P.DCE,2026-07-21,P2609.DCE,P,9368.0,9372.0,9212.0,9240.0,9284.0,491357.0,460238.0,tushare_contract
P.DCE,2026-07-22,P2609.DCE,P,9276.0,9308.0,9196.0,9250.0,9251.0,491003.0,458939.0,tushare_contract
P.DCE,2026-07-23,P2609.DCE,P,9260.0,9515.0,9260.0,9515.0,9414.0,813078.0,439006.0,tushare_contract
P.DCE,2026-07-24,P2609.DCE,P,9554.0,9600.0,9477.0,9570.0,9538.0,530148.0,425706.0,tushare_contract
P.DCE,2026-07-27,P2609.DCE,P,9518.0,9532.0,9351.0,9380.0,9427.0,527578.0,385549.0,tushare_contract
P.DCE,2026-07-28,P2609.DCE,P,9398.0,9400.0,9264.0,9312.0,9325.0,428636.0,376817.0,tushare_contract
P.DCE,2026-07-29,P2609.DCE,P,9312.0,9393.0,9293.0,9385.0,9349.0,367281.0,367946.0,tushare_contract
P.DCE,2026-07-30,P2609.DCE,P,9400.0,9416.0,9317.0,9393.0,9360.0,374123.0,352682.0,tushare_contract
P.DCE,2026-07-31,P2609.DCE,P,9388.0,9396.0,9266.0,9281.0,9335.0,364515.0,353371.0,tushare_contract
P.DCE,2026-08-03,P2609.DCE,P,9310.0,9322.0,9228.0,9253.0,9278.0,316298.0,346708.0,tushare_contract
P.DCE,2026-08-04,P2609.DCE,P,9250.0,9343.0,9230.0,9299.0,9287.0,303115.0,326356.0,tushare_contract
P.DCE,2026-08-05,P2609.DCE,P,9268.0,9430.0,9263.0,9395.0,9352.0,381687.0,312940.0,tushare_contract
P.DCE,2026-08-06,P2609.DCE,P,9395.0,9423.0,9342.0,9385.0,9384.0,250894.0,302713.0,tushare_contract
P.DCE,2026-08-07,P2609.DCE,P,9396.0,9404.0,9305.0,9356.0,9351.0,325128.0,270588.0,tushare_contract
P.DCE,2026-08-10,P2609.DCE,P,9368.0,9447.0,9355.0,9406.0,9398.0,310000.0,235667.0,tushare_contract
P.DCE,2026-08-11,P2609.DCE,P,9422.0,9471.0,9422.0,9442.0,9445.0,215433.0,204178.0,tushare_contract
P.DCE,2026-08-12,P2701.DCE,P,9710.0,9730.0,9668.0,9691.0,9696.0,332450.0,430333.0,tushare_contract
P.DCE,2026-08-13,P2701.DCE,P,9678.0,9748.0,9658.0,9735.0,9699.0,423451.0,453928.0,tushare_contract
P.DCE,2026-08-14,P2701.DCE,P,9711.0,9848.0,9704.0,9838.0,9767.0,454480.0,487993.0,tushare_contract
