ts_code,date,contract,symbol,open,high,low,close,settle,volume,open_interest,provider
SR.ZCE,2015-01-05,SR1505.ZCE,SR,4580.0,4580.0,4525.0,4552.0,4551.0,516190.0,641602.0,tushare_contract
SR.ZCE,2015-01-06,SR1505.ZCE,SR,4531.0,4616.0,4531.0,4586.0,4588.0,632142.0,669876.0,tushare_contract
SR.ZCE,2015-01-07,SR1505.ZCE,SR,4587.0,4694.0,4586.0,4660.0,4653.0,1183202.0,661768.0,tushare_contract
SR.ZCE,2015-01-08,SR1505.ZCE,SR,4660.0,4686.0,4656.0,4673.0,4671.0,850562.0,654472.0,tushare_contract
SR.ZCE,2015-01-09,SR1505.ZCE,SR,4659.0,4709.0,4656.0,4676.0,4683.0,900240.0,637818.0,tushare_contract
SR.ZCE,2015-01-12,SR1505.ZCE,SR,4676.0,4772.0,4667.0,4756.0,4734.0,960484.0,681014.0,tushare_contract
SR.ZCE,2015-01-13,SR1505.ZCE,SR,4750.0,4756.0,4706.0,4725.0,4729.0,681012.0,655798.0,tushare_contract
SR.ZCE,2015-01-14,SR1505.ZCE,SR,4729.0,4762.0,4661.0,4710.0,4724.0,1078952.0,675512.0,tushare_contract
SR.ZCE,2015-01-15,SR1505.ZCE,SR,4740.0,4745.0,4685.0,4702.0,4714.0,766794.0,648544.0,tushare_contract
SR.ZCE,2015-01-16,SR1505.ZCE,SR,4732.0,4758.0,4701.0,4718.0,4732.0,1004412.0,629182.0,tushare_contract
SR.ZCE,2015-01-19,SR1505.ZCE,SR,4708.0,4833.0,4698.0,4809.0,4773.0,1516952.0,619250.0,tushare_contract
SR.ZCE,2015-01-20,SR1505.ZCE,SR,4806.0,4824.0,4790.0,4806.0,4806.0,651474.0,621490.0,tushare_contract
SR.ZCE,2015-01-21,SR1505.ZCE,SR,4822.0,4999.0,4811.0,4958.0,4923.0,1879408.0,639124.0,tushare_contract
SR.ZCE,2015-01-22,SR1505.ZCE,SR,4966.0,5005.0,4944.0,4986.0,4972.0,1098298.0,651408.0,tushare_contract
SR.ZCE,2015-01-23,SR1505.ZCE,SR,4979.0,5042.0,4960.0,5039.0,5003.0,1952982.0,747222.0,tushare_contract
SR.ZCE,2015-01-26,SR1505.ZCE,SR,5026.0,5049.0,4955.0,5005.0,4995.0,1608128.0,720136.0,tushare_contract
SR.ZCE,2015-01-27,SR1505.ZCE,SR,5017.0,5135.0,5002.0,5082.0,5074.0,1893456.0,728532.0,tushare_contract
SR.ZCE,2015-01-28,SR1505.ZCE,SR,5059.0,5065.0,4950.0,4980.0,5003.0,1840252.0,656768.0,tushare_contract
SR.ZCE,2015-01-29,SR1505.ZCE,SR,4988.0,5015.0,4964.0,4982.0,4987.0,1098980.0,643490.0,tushare_contract
SR.ZCE,2015-01-30,SR1505.ZCE,SR,4968.0,4976.0,4898.0,4907.0,4939.0,1400906.0,600940.0,tushare_contract
SR.ZCE,2015-02-02,SR1505.ZCE,SR,4907.0,5030.0,4880.0,5017.0,4972.0,1460318.0,648974.0,tushare_contract
SR.ZCE,2015-02-03,SR1505.ZCE,SR,5020.0,5041.0,4925.0,5003.0,4983.0,1652622.0,620094.0,tushare_contract
SR.ZCE,2015-02-04,SR1505.ZCE,SR,5024.0,5057.0,4998.0,4999.0,5026.0,1637364.0,601774.0,tushare_contract
SR.ZCE,2015-02-05,SR1505.ZCE,SR,5022.0,5037.0,4966.0,4974.0,4997.0,1335202.0,565044.0,tushare_contract
SR.ZCE,2015-02-06,SR1505.ZCE,SR,4986.0,5025.0,4950.0,5007.0,4987.0,1501108.0,563994.0,tushare_contract
SR.ZCE,2015-02-09,SR1505.ZCE,SR,4991.0,5034.0,4967.0,5010.0,4997.0,1403386.0,561054.0,tushare_contract
SR.ZCE,2015-02-10,SR1505.ZCE,SR,5020.0,5112.0,5006.0,5088.0,5061.0,1711694.0,626108.0,tushare_contract
SR.ZCE,2015-02-11,SR1505.ZCE,SR,5084.0,5114.0,5070.0,5107.0,5092.0,1239574.0,616426.0,tushare_contract
SR.ZCE,2015-02-12,SR1505.ZCE,SR,5100.0,5138.0,5080.0,5124.0,5112.0,1791832.0,619620.0,tushare_contract
SR.ZCE,2015-02-13,SR1505.ZCE,SR,5124.0,5148.0,5089.0,5121.0,5122.0,1534576.0,553232.0,tushare_contract
SR.ZCE,2015-02-16,SR1509.ZCE,SR,5163.0,5203.0,5138.0,5172.0,5173.0,324954.0,604610.0,tushare_contract
SR.ZCE,2015-02-17,SR1509.ZCE,SR,5172.0,5194.0,5143.0,5190.0,5172.0,156396.0,609768.0,tushare_contract
SR.ZCE,2015-02-25,SR1509.ZCE,SR,5131.0,5140.0,5051.0,5061.0,5091.0,296644.0,629432.0,tushare_contract
SR.ZCE,2015-02-26,SR1509.ZCE,SR,5065.0,5072.0,5006.0,5041.0,5041.0,427900.0,667410.0,tushare_contract
SR.ZCE,2015-02-27,SR1509.ZCE,SR,5050.0,5155.0,5042.0,5111.0,5097.0,607736.0,661536.0,tushare_contract
SR.ZCE,2015-03-02,SR1509.ZCE,SR,5110.0,5219.0,5102.0,5209.0,5164.0,682424.0,710172.0,tushare_contract
SR.ZCE,2015-03-03,SR1509.ZCE,SR,5214.0,5223.0,5164.0,5178.0,5190.0,544544.0,679386.0,tushare_contract
SR.ZCE,2015-03-04,SR1509.ZCE,SR,5171.0,5208.0,5142.0,5153.0,5172.0,526764.0,659782.0,tushare_contract
SR.ZCE,2015-03-05,SR1509.ZCE,SR,5149.0,5165.0,5080.0,5097.0,5118.0,558088.0,625100.0,tushare_contract
SR.ZCE,2015-03-06,SR1509.ZCE,SR,5106.0,5166.0,5089.0,5094.0,5123.0,667438.0,649432.0,tushare_contract
SR.ZCE,2015-03-09,SR1509.ZCE,SR,5102.0,5110.0,4918.0,4926.0,4964.0,1592968.0,634506.0,tushare_contract
SR.ZCE,2015-03-10,SR1509.ZCE,SR,4920.0,4990.0,4920.0,4950.0,4961.0,893046.0,607596.0,tushare_contract
SR.ZCE,2015-03-11,SR1509.ZCE,SR,4926.0,4994.0,4912.0,4955.0,4968.0,1147178.0,620380.0,tushare_contract
SR.ZCE,2015-03-12,SR1509.ZCE,SR,4956.0,5052.0,4956.0,5050.0,4991.0,833634.0,590822.0,tushare_contract
SR.ZCE,2015-03-13,SR1509.ZCE,SR,5051.0,5085.0,5029.0,5080.0,5058.0,1011052.0,617400.0,tushare_contract
SR.ZCE,2015-03-16,SR1509.ZCE,SR,5051.0,5090.0,5020.0,5066.0,5051.0,1168844.0,623642.0,tushare_contract
SR.ZCE,2015-03-17,SR1509.ZCE,SR,5075.0,5094.0,5055.0,5070.0,5075.0,734254.0,640064.0,tushare_contract
SR.ZCE,2015-03-18,SR1509.ZCE,SR,5065.0,5083.0,4992.0,5012.0,5045.0,1018006.0,658862.0,tushare_contract
SR.ZCE,2015-03-19,SR1509.ZCE,SR,5018.0,5026.0,4966.0,5006.0,4998.0,922338.0,640680.0,tushare_contract
SR.ZCE,2015-03-20,SR1509.ZCE,SR,4984.0,5013.0,4955.0,4998.0,4985.0,1021586.0,633760.0,tushare_contract
SR.ZCE,2015-03-23,SR1509.ZCE,SR,4978.0,5090.0,4976.0,5079.0,5051.0,1129598.0,643884.0,tushare_contract
SR.ZCE,2015-03-24,SR1509.ZCE,SR,5071.0,5254.0,5070.0,5254.0,5170.0,1624458.0,682378.0,tushare_contract
SR.ZCE,2015-03-25,SR1509.ZCE,SR,5280.0,5285.0,5183.0,5224.0,5233.0,1423280.0,605436.0,tushare_contract
SR.ZCE,2015-03-26,SR1509.ZCE,SR,5236.0,5253.0,5192.0,5246.0,5229.0,1093244.0,638308.0,tushare_contract
SR.ZCE,2015-03-27,SR1509.ZCE,SR,5240.0,5327.0,5190.0,5307.0,5242.0,1480670.0,702590.0,tushare_contract
SR.ZCE,2015-03-30,SR1509.ZCE,SR,5313.0,5412.0,5297.0,5380.0,5343.0,1925636.0,716512.0,tushare_contract
SR.ZCE,2015-03-31,SR1509.ZCE,SR,5380.0,5406.0,5323.0,5363.0,5364.0,1274102.0,694590.0,tushare_contract
SR.ZCE,2015-04-01,SR1509.ZCE,SR,5360.0,5434.0,5338.0,5414.0,5392.0,1416876.0,741258.0,tushare_contract
SR.ZCE,2015-04-02,SR1509.ZCE,SR,5428.0,5438.0,5393.0,5422.0,5415.0,987404.0,747184.0,tushare_contract
SR.ZCE,2015-04-03,SR1509.ZCE,SR,5433.0,5445.0,5320.0,5387.0,5361.0,1564406.0,716792.0,tushare_contract
SR.ZCE,2015-04-07,SR1509.ZCE,SR,5366.0,5398.0,5341.0,5362.0,5362.0,469586.0,720840.0,tushare_contract
SR.ZCE,2015-04-08,SR1509.ZCE,SR,5353.0,5429.0,5313.0,5412.0,5367.0,1372684.0,770914.0,tushare_contract
SR.ZCE,2015-04-09,SR1509.ZCE,SR,5414.0,5452.0,5366.0,5410.0,5411.0,1247136.0,776384.0,tushare_contract
SR.ZCE,2015-04-10,SR1509.ZCE,SR,5395.0,5464.0,5360.0,5446.0,5412.0,1340334.0,832434.0,tushare_contract
SR.ZCE,2015-04-13,SR1509.ZCE,SR,5448.0,5557.0,5411.0,5520.0,5496.0,1661418.0,913526.0,tushare_contract
SR.ZCE,2015-04-14,SR1509.ZCE,SR,5518.0,5560.0,5509.0,5542.0,5535.0,1136662.0,919882.0,tushare_contract
SR.ZCE,2015-04-15,SR1509.ZCE,SR,5530.0,5568.0,5515.0,5535.0,5539.0,1129204.0,928226.0,tushare_contract
SR.ZCE,2015-04-16,SR1509.ZCE,SR,5526.0,5548.0,5484.0,5516.0,5519.0,1368658.0,917888.0,tushare_contract
SR.ZCE,2015-04-17,SR1509.ZCE,SR,5530.0,5633.0,5502.0,5609.0,5583.0,1750102.0,956962.0,tushare_contract
SR.ZCE,2015-04-20,SR1509.ZCE,SR,5589.0,5646.0,5585.0,5613.0,5615.0,1111344.0,939442.0,tushare_contract
SR.ZCE,2015-04-21,SR1509.ZCE,SR,5595.0,5624.0,5573.0,5606.0,5598.0,985346.0,923176.0,tushare_contract
SR.ZCE,2015-04-22,SR1509.ZCE,SR,5608.0,5672.0,5578.0,5645.0,5626.0,1317862.0,941148.0,tushare_contract
SR.ZCE,2015-04-23,SR1509.ZCE,SR,5642.0,5681.0,5440.0,5549.0,5572.0,2597996.0,858662.0,tushare_contract
SR.ZCE,2015-04-24,SR1509.ZCE,SR,5566.0,5608.0,5548.0,5600.0,5581.0,1294940.0,857918.0,tushare_contract
SR.ZCE,2015-04-27,SR1509.ZCE,SR,5611.0,5622.0,5556.0,5587.0,5595.0,1007782.0,826960.0,tushare_contract
SR.ZCE,2015-04-28,SR1509.ZCE,SR,5596.0,5607.0,5531.0,5567.0,5577.0,1140022.0,815884.0,tushare_contract
SR.ZCE,2015-04-29,SR1509.ZCE,SR,5573.0,5607.0,5555.0,5569.0,5579.0,1052450.0,790616.0,tushare_contract
SR.ZCE,2015-04-30,SR1509.ZCE,SR,5561.0,5589.0,5524.0,5540.0,5557.0,1016966.0,738324.0,tushare_contract
SR.ZCE,2015-05-04,SR1509.ZCE,SR,5534.0,5553.0,5503.0,5522.0,5535.0,477620.0,715206.0,tushare_contract
SR.ZCE,2015-05-05,SR1509.ZCE,SR,5519.0,5599.0,5505.0,5589.0,5566.0,1136358.0,734478.0,tushare_contract
SR.ZCE,2015-05-06,SR1509.ZCE,SR,5602.0,5662.0,5592.0,5620.0,5622.0,958946.0,712310.0,tushare_contract
SR.ZCE,2015-05-07,SR1509.ZCE,SR,5620.0,5627.0,5578.0,5602.0,5601.0,662790.0,710684.0,tushare_contract
SR.ZCE,2015-05-08,SR1509.ZCE,SR,5608.0,5629.0,5535.0,5537.0,5579.0,1119096.0,695028.0,tushare_contract
SR.ZCE,2015-05-11,SR1509.ZCE,SR,5550.0,5595.0,5523.0,5580.0,5563.0,831570.0,678098.0,tushare_contract
SR.ZCE,2015-05-12,SR1509.ZCE,SR,5580.0,5596.0,5520.0,5551.0,5559.0,694904.0,666512.0,tushare_contract
SR.ZCE,2015-05-13,SR1509.ZCE,SR,5555.0,5593.0,5539.0,5584.0,5569.0,721296.0,658460.0,tushare_contract
SR.ZCE,2015-05-14,SR1509.ZCE,SR,5582.0,5626.0,5526.0,5558.0,5574.0,1056932.0,640828.0,tushare_contract
SR.ZCE,2015-05-15,SR1509.ZCE,SR,5562.0,5568.0,5482.0,5540.0,5531.0,1203740.0,641228.0,tushare_contract
SR.ZCE,2015-05-18,SR1509.ZCE,SR,5544.0,5562.0,5521.0,5561.0,5542.0,581080.0,649744.0,tushare_contract
SR.ZCE,2015-05-19,SR1509.ZCE,SR,5561.0,5587.0,5527.0,5553.0,5549.0,715120.0,636736.0,tushare_contract
SR.ZCE,2015-05-20,SR1509.ZCE,SR,5551.0,5552.0,5422.0,5426.0,5490.0,1497124.0,690132.0,tushare_contract
SR.ZCE,2015-05-21,SR1509.ZCE,SR,5438.0,5476.0,5418.0,5470.0,5452.0,839586.0,656810.0,tushare_contract
SR.ZCE,2015-05-22,SR1509.ZCE,SR,5465.0,5504.0,5451.0,5501.0,5479.0,725944.0,632944.0,tushare_contract
SR.ZCE,2015-05-25,SR1509.ZCE,SR,5492.0,5496.0,5435.0,5455.0,5464.0,619148.0,647084.0,tushare_contract
SR.ZCE,2015-05-26,SR1509.ZCE,SR,5445.0,5654.0,5445.0,5474.0,5554.0,1649618.0,549994.0,tushare_contract
SR.ZCE,2015-05-27,SR1509.ZCE,SR,5470.0,5512.0,5353.0,5495.0,5468.0,646820.0,555384.0,tushare_contract
SR.ZCE,2015-05-28,SR1509.ZCE,SR,5475.0,5548.0,5471.0,5509.0,5518.0,809752.0,546674.0,tushare_contract
SR.ZCE,2015-05-29,SR1509.ZCE,SR,5506.0,5554.0,5480.0,5537.0,5519.0,644832.0,542090.0,tushare_contract
SR.ZCE,2015-06-01,SR1509.ZCE,SR,5547.0,5567.0,5525.0,5539.0,5546.0,495142.0,553142.0,tushare_contract
SR.ZCE,2015-06-02,SR1509.ZCE,SR,5535.0,5610.0,5534.0,5608.0,5575.0,612476.0,560676.0,tushare_contract
SR.ZCE,2015-06-03,SR1509.ZCE,SR,5620.0,5646.0,5581.0,5589.0,5617.0,603294.0,542782.0,tushare_contract
SR.ZCE,2015-06-04,SR1509.ZCE,SR,5589.0,5636.0,5567.0,5617.0,5603.0,666890.0,535642.0,tushare_contract
SR.ZCE,2015-06-05,SR1509.ZCE,SR,5629.0,5645.0,5568.0,5576.0,5594.0,514494.0,530656.0,tushare_contract
SR.ZCE,2015-06-08,SR1509.ZCE,SR,5571.0,5589.0,5560.0,5576.0,5575.0,301206.0,511012.0,tushare_contract
SR.ZCE,2015-06-09,SR1509.ZCE,SR,5588.0,5611.0,5550.0,5564.0,5570.0,323588.0,514104.0,tushare_contract
SR.ZCE,2015-06-10,SR1509.ZCE,SR,5570.0,5586.0,5535.0,5569.0,5562.0,296454.0,508944.0,tushare_contract
SR.ZCE,2015-06-11,SR1509.ZCE,SR,5574.0,5582.0,5545.0,5545.0,5565.0,345072.0,505054.0,tushare_contract
SR.ZCE,2015-06-12,SR1509.ZCE,SR,5541.0,5550.0,5481.0,5496.0,5509.0,615792.0,493484.0,tushare_contract
SR.ZCE,2015-06-15,SR1509.ZCE,SR,5508.0,5508.0,5383.0,5385.0,5437.0,694984.0,490598.0,tushare_contract
SR.ZCE,2015-06-16,SR1509.ZCE,SR,5374.0,5424.0,5301.0,5325.0,5369.0,737488.0,477914.0,tushare_contract
SR.ZCE,2015-06-17,SR1509.ZCE,SR,5335.0,5337.0,5232.0,5297.0,5289.0,933724.0,441270.0,tushare_contract
SR.ZCE,2015-06-18,SR1509.ZCE,SR,5299.0,5360.0,5284.0,5317.0,5327.0,713498.0,447450.0,tushare_contract
SR.ZCE,2015-06-19,SR1509.ZCE,SR,5316.0,5320.0,5237.0,5269.0,5276.0,642042.0,405484.0,tushare_contract
SR.ZCE,2015-06-23,SR1601.ZCE,SR,5569.0,5630.0,5567.0,5595.0,5593.0,304080.0,410160.0,tushare_contract
SR.ZCE,2015-06-24,SR1601.ZCE,SR,5588.0,5600.0,5540.0,5593.0,5575.0,399610.0,420686.0,tushare_contract
SR.ZCE,2015-06-25,SR1601.ZCE,SR,5605.0,5639.0,5584.0,5586.0,5617.0,474200.0,438096.0,tushare_contract
SR.ZCE,2015-06-26,SR1601.ZCE,SR,5583.0,5614.0,5545.0,5588.0,5584.0,549348.0,432492.0,tushare_contract
SR.ZCE,2015-06-29,SR1601.ZCE,SR,5605.0,5699.0,5581.0,5686.0,5622.0,783738.0,411968.0,tushare_contract
SR.ZCE,2015-06-30,SR1601.ZCE,SR,5684.0,5697.0,5612.0,5663.0,5655.0,779280.0,422028.0,tushare_contract
SR.ZCE,2015-07-01,SR1601.ZCE,SR,5675.0,5721.0,5660.0,5693.0,5688.0,675328.0,442396.0,tushare_contract
SR.ZCE,2015-07-02,SR1601.ZCE,SR,5697.0,5697.0,5622.0,5627.0,5656.0,556822.0,435278.0,tushare_contract
SR.ZCE,2015-07-03,SR1601.ZCE,SR,5634.0,5665.0,5588.0,5599.0,5618.0,665494.0,443970.0,tushare_contract
SR.ZCE,2015-07-06,SR1601.ZCE,SR,5601.0,5652.0,5557.0,5609.0,5601.0,747108.0,422544.0,tushare_contract
SR.ZCE,2015-07-07,SR1601.ZCE,SR,5618.0,5691.0,5584.0,5622.0,5636.0,890814.0,423804.0,tushare_contract
SR.ZCE,2015-07-08,SR1601.ZCE,SR,5615.0,5615.0,5410.0,5410.0,5477.0,718748.0,418704.0,tushare_contract
SR.ZCE,2015-07-09,SR1601.ZCE,SR,5200.0,5557.0,5093.0,5424.0,5367.0,1539722.0,342220.0,tushare_contract
SR.ZCE,2015-07-10,SR1601.ZCE,SR,5435.0,5513.0,5413.0,5435.0,5457.0,1099492.0,357122.0,tushare_contract
SR.ZCE,2015-07-13,SR1601.ZCE,SR,5450.0,5475.0,5405.0,5442.0,5444.0,633406.0,360964.0,tushare_contract
SR.ZCE,2015-07-14,SR1601.ZCE,SR,5444.0,5487.0,5424.0,5437.0,5448.0,611554.0,359526.0,tushare_contract
SR.ZCE,2015-07-15,SR1601.ZCE,SR,5452.0,5472.0,5397.0,5417.0,5442.0,547276.0,367240.0,tushare_contract
SR.ZCE,2015-07-16,SR1601.ZCE,SR,5394.0,5401.0,5310.0,5325.0,5350.0,793328.0,378678.0,tushare_contract
SR.ZCE,2015-07-17,SR1601.ZCE,SR,5304.0,5387.0,5245.0,5357.0,5307.0,987506.0,400166.0,tushare_contract
SR.ZCE,2015-07-20,SR1601.ZCE,SR,5356.0,5401.0,5343.0,5384.0,5371.0,835650.0,425962.0,tushare_contract
SR.ZCE,2015-07-21,SR1601.ZCE,SR,5361.0,5388.0,5320.0,5355.0,5349.0,773988.0,437404.0,tushare_contract
SR.ZCE,2015-07-22,SR1601.ZCE,SR,5360.0,5379.0,5324.0,5334.0,5353.0,552394.0,427430.0,tushare_contract
SR.ZCE,2015-07-23,SR1601.ZCE,SR,5326.0,5338.0,5225.0,5227.0,5288.0,1027278.0,479692.0,tushare_contract
SR.ZCE,2015-07-24,SR1601.ZCE,SR,5220.0,5257.0,5211.0,5234.0,5237.0,718412.0,453512.0,tushare_contract
SR.ZCE,2015-07-27,SR1601.ZCE,SR,5221.0,5236.0,5133.0,5164.0,5181.0,854874.0,460272.0,tushare_contract
SR.ZCE,2015-07-28,SR1601.ZCE,SR,5160.0,5210.0,5145.0,5184.0,5182.0,685500.0,460956.0,tushare_contract
SR.ZCE,2015-07-29,SR1601.ZCE,SR,5190.0,5240.0,5185.0,5223.0,5215.0,609366.0,443558.0,tushare_contract
SR.ZCE,2015-07-30,SR1601.ZCE,SR,5235.0,5342.0,5220.0,5334.0,5285.0,1080878.0,492322.0,tushare_contract
SR.ZCE,2015-07-31,SR1601.ZCE,SR,5336.0,5346.0,5305.0,5319.0,5324.0,774346.0,496804.0,tushare_contract
SR.ZCE,2015-08-03,SR1601.ZCE,SR,5323.0,5338.0,5208.0,5212.0,5277.0,749422.0,493440.0,tushare_contract
SR.ZCE,2015-08-04,SR1601.ZCE,SR,5193.0,5256.0,5170.0,5244.0,5213.0,730108.0,474846.0,tushare_contract
SR.ZCE,2015-08-05,SR1601.ZCE,SR,5239.0,5275.0,5217.0,5259.0,5248.0,668350.0,479046.0,tushare_contract
SR.ZCE,2015-08-06,SR1601.ZCE,SR,5261.0,5267.0,5130.0,5133.0,5196.0,789296.0,505514.0,tushare_contract
SR.ZCE,2015-08-07,SR1601.ZCE,SR,5125.0,5147.0,4988.0,5079.0,5048.0,1723406.0,554424.0,tushare_contract
SR.ZCE,2015-08-10,SR1601.ZCE,SR,5056.0,5080.0,4994.0,5034.0,5041.0,1322688.0,575236.0,tushare_contract
SR.ZCE,2015-08-11,SR1601.ZCE,SR,5024.0,5200.0,5021.0,5153.0,5121.0,1383092.0,465670.0,tushare_contract
SR.ZCE,2015-08-12,SR1601.ZCE,SR,5138.0,5174.0,5110.0,5168.0,5143.0,848072.0,454904.0,tushare_contract
SR.ZCE,2015-08-13,SR1601.ZCE,SR,5170.0,5348.0,5135.0,5343.0,5235.0,1672374.0,498956.0,tushare_contract
SR.ZCE,2015-08-14,SR1601.ZCE,SR,5326.0,5343.0,5285.0,5314.0,5317.0,1273720.0,489876.0,tushare_contract
SR.ZCE,2015-08-17,SR1601.ZCE,SR,5317.0,5408.0,5310.0,5401.0,5369.0,1764944.0,553440.0,tushare_contract
SR.ZCE,2015-08-18,SR1601.ZCE,SR,5400.0,5406.0,5347.0,5354.0,5375.0,1133140.0,522428.0,tushare_contract
SR.ZCE,2015-08-19,SR1601.ZCE,SR,5351.0,5378.0,5266.0,5361.0,5328.0,1712240.0,493590.0,tushare_contract
SR.ZCE,2015-08-20,SR1601.ZCE,SR,5350.0,5386.0,5292.0,5314.0,5338.0,1444220.0,507098.0,tushare_contract
SR.ZCE,2015-08-21,SR1601.ZCE,SR,5319.0,5334.0,5283.0,5318.0,5308.0,1189982.0,490850.0,tushare_contract
SR.ZCE,2015-08-24,SR1601.ZCE,SR,5307.0,5307.0,5095.0,5095.0,5193.0,1869406.0,494374.0,tushare_contract
SR.ZCE,2015-08-25,SR1601.ZCE,SR,5078.0,5168.0,5043.0,5129.0,5108.0,1730820.0,491604.0,tushare_contract
SR.ZCE,2015-08-26,SR1601.ZCE,SR,5153.0,5226.0,5136.0,5137.0,5179.0,1343182.0,496698.0,tushare_contract
SR.ZCE,2015-08-27,SR1601.ZCE,SR,5135.0,5217.0,5101.0,5199.0,5159.0,1223014.0,487688.0,tushare_contract
SR.ZCE,2015-08-28,SR1601.ZCE,SR,5228.0,5366.0,5208.0,5289.0,5290.0,1676756.0,483290.0,tushare_contract
SR.ZCE,2015-08-31,SR1601.ZCE,SR,5290.0,5293.0,5215.0,5243.0,5256.0,1181388.0,492140.0,tushare_contract
SR.ZCE,2015-09-01,SR1601.ZCE,SR,5222.0,5242.0,5150.0,5152.0,5189.0,1254194.0,516744.0,tushare_contract
SR.ZCE,2015-09-02,SR1601.ZCE,SR,5189.0,5224.0,5139.0,5182.0,5181.0,1293444.0,518856.0,tushare_contract
SR.ZCE,2015-09-07,SR1601.ZCE,SR,5221.0,5305.0,5221.0,5261.0,5271.0,841382.0,523720.0,tushare_contract
SR.ZCE,2015-09-08,SR1601.ZCE,SR,5260.0,5329.0,5238.0,5297.0,5281.0,1455768.0,548428.0,tushare_contract
SR.ZCE,2015-09-09,SR1601.ZCE,SR,5320.0,5359.0,5297.0,5302.0,5325.0,1652876.0,564162.0,tushare_contract
SR.ZCE,2015-09-10,SR1601.ZCE,SR,5302.0,5538.0,5298.0,5508.0,5426.0,3360972.0,671166.0,tushare_contract
SR.ZCE,2015-09-11,SR1601.ZCE,SR,5481.0,5531.0,5463.0,5506.0,5495.0,2608336.0,649034.0,tushare_contract
SR.ZCE,2015-09-14,SR1601.ZCE,SR,5531.0,5561.0,5478.0,5501.0,5516.0,2543040.0,660542.0,tushare_contract
SR.ZCE,2015-09-15,SR1601.ZCE,SR,5502.0,5527.0,5434.0,5469.0,5476.0,2362640.0,649516.0,tushare_contract
SR.ZCE,2015-09-16,SR1601.ZCE,SR,5454.0,5508.0,5426.0,5494.0,5470.0,2542400.0,689318.0,tushare_contract
SR.ZCE,2015-09-17,SR1601.ZCE,SR,5496.0,5511.0,5462.0,5485.0,5488.0,2294824.0,691848.0,tushare_contract
SR.ZCE,2015-09-18,SR1601.ZCE,SR,5480.0,5488.0,5412.0,5434.0,5453.0,2001180.0,659580.0,tushare_contract
SR.ZCE,2015-09-21,SR1601.ZCE,SR,5413.0,5488.0,5369.0,5487.0,5426.0,2543094.0,662846.0,tushare_contract
SR.ZCE,2015-09-22,SR1601.ZCE,SR,5483.0,5549.0,5471.0,5502.0,5507.0,3193876.0,703954.0,tushare_contract
SR.ZCE,2015-09-23,SR1601.ZCE,SR,5484.0,5546.0,5466.0,5543.0,5507.0,2489378.0,727718.0,tushare_contract
SR.ZCE,2015-09-24,SR1601.ZCE,SR,5559.0,5600.0,5544.0,5595.0,5570.0,2761686.0,752382.0,tushare_contract
SR.ZCE,2015-09-25,SR1601.ZCE,SR,5590.0,5623.0,5553.0,5569.0,5580.0,2410196.0,696170.0,tushare_contract
SR.ZCE,2015-09-28,SR1601.ZCE,SR,5590.0,5618.0,5563.0,5615.0,5591.0,1329044.0,704510.0,tushare_contract
SR.ZCE,2015-09-29,SR1601.ZCE,SR,5610.0,5617.0,5524.0,5550.0,5559.0,1906278.0,631418.0,tushare_contract
SR.ZCE,2015-09-30,SR1601.ZCE,SR,5562.0,5635.0,5530.0,5629.0,5574.0,1947128.0,620674.0,tushare_contract
SR.ZCE,2015-10-08,SR1601.ZCE,SR,5785.0,5798.0,5670.0,5677.0,5712.0,1110350.0,596140.0,tushare_contract
SR.ZCE,2015-10-09,SR1601.ZCE,SR,5675.0,5713.0,5653.0,5695.0,5684.0,1897230.0,615476.0,tushare_contract
SR.ZCE,2015-10-12,SR1601.ZCE,SR,5713.0,5725.0,5636.0,5659.0,5679.0,2155294.0,621430.0,tushare_contract
SR.ZCE,2015-10-13,SR1601.ZCE,SR,5652.0,5679.0,5628.0,5662.0,5656.0,2032366.0,644692.0,tushare_contract
SR.ZCE,2015-10-14,SR1601.ZCE,SR,5657.0,5675.0,5616.0,5655.0,5648.0,1911228.0,667688.0,tushare_contract
SR.ZCE,2015-10-15,SR1601.ZCE,SR,5665.0,5697.0,5644.0,5674.0,5674.0,1773128.0,657628.0,tushare_contract
SR.ZCE,2015-10-16,SR1601.ZCE,SR,5670.0,5672.0,5571.0,5585.0,5614.0,2322632.0,664984.0,tushare_contract
SR.ZCE,2015-10-19,SR1601.ZCE,SR,5582.0,5591.0,5532.0,5543.0,5559.0,2237902.0,644760.0,tushare_contract
SR.ZCE,2015-10-20,SR1601.ZCE,SR,5533.0,5584.0,5507.0,5582.0,5558.0,2483764.0,680552.0,tushare_contract
SR.ZCE,2015-10-21,SR1601.ZCE,SR,5580.0,5595.0,5533.0,5592.0,5566.0,2470804.0,708350.0,tushare_contract
SR.ZCE,2015-10-22,SR1601.ZCE,SR,5591.0,5619.0,5567.0,5578.0,5595.0,2500480.0,683574.0,tushare_contract
SR.ZCE,2015-10-23,SR1601.ZCE,SR,5589.0,5590.0,5551.0,5581.0,5570.0,2123502.0,642010.0,tushare_contract
SR.ZCE,2015-10-26,SR1601.ZCE,SR,5586.0,5587.0,5529.0,5536.0,5553.0,1972702.0,632496.0,tushare_contract
SR.ZCE,2015-10-27,SR1601.ZCE,SR,5545.0,5567.0,5495.0,5558.0,5533.0,2024828.0,610648.0,tushare_contract
SR.ZCE,2015-10-28,SR1601.ZCE,SR,5554.0,5596.0,5541.0,5567.0,5568.0,1908608.0,625954.0,tushare_contract
SR.ZCE,2015-10-29,SR1601.ZCE,SR,5575.0,5597.0,5528.0,5534.0,5562.0,1869792.0,652866.0,tushare_contract
SR.ZCE,2015-10-30,SR1601.ZCE,SR,5526.0,5542.0,5498.0,5502.0,5524.0,1501376.0,630822.0,tushare_contract
SR.ZCE,2015-11-02,SR1601.ZCE,SR,5505.0,5521.0,5454.0,5474.0,5491.0,1824754.0,616272.0,tushare_contract
SR.ZCE,2015-11-03,SR1601.ZCE,SR,5467.0,5504.0,5461.0,5467.0,5478.0,1491704.0,584646.0,tushare_contract
SR.ZCE,2015-11-04,SR1601.ZCE,SR,5471.0,5538.0,5458.0,5527.0,5502.0,1872806.0,589674.0,tushare_contract
SR.ZCE,2015-11-05,SR1601.ZCE,SR,5524.0,5533.0,5455.0,5475.0,5488.0,1645180.0,568492.0,tushare_contract
SR.ZCE,2015-11-06,SR1601.ZCE,SR,5483.0,5485.0,5419.0,5438.0,5449.0,1619036.0,607300.0,tushare_contract
SR.ZCE,2015-11-09,SR1601.ZCE,SR,5438.0,5464.0,5425.0,5435.0,5443.0,1191164.0,603020.0,tushare_contract
SR.ZCE,2015-11-10,SR1601.ZCE,SR,5428.0,5430.0,5319.0,5365.0,5371.0,1907150.0,639972.0,tushare_contract
SR.ZCE,2015-11-11,SR1601.ZCE,SR,5370.0,5412.0,5341.0,5382.0,5375.0,1951602.0,626260.0,tushare_contract
SR.ZCE,2015-11-12,SR1601.ZCE,SR,5386.0,5424.0,5361.0,5401.0,5391.0,1754770.0,614548.0,tushare_contract
SR.ZCE,2015-11-13,SR1601.ZCE,SR,5396.0,5448.0,5388.0,5426.0,5421.0,1671214.0,599298.0,tushare_contract
SR.ZCE,2015-11-16,SR1601.ZCE,SR,5426.0,5474.0,5404.0,5412.0,5438.0,1534908.0,554750.0,tushare_contract
SR.ZCE,2015-11-17,SR1605.ZCE,SR,5397.0,5399.0,5355.0,5392.0,5376.0,534770.0,600154.0,tushare_contract
SR.ZCE,2015-11-18,SR1605.ZCE,SR,5392.0,5395.0,5291.0,5293.0,5335.0,758744.0,667140.0,tushare_contract
SR.ZCE,2015-11-19,SR1605.ZCE,SR,5287.0,5326.0,5250.0,5319.0,5291.0,979182.0,723274.0,tushare_contract
SR.ZCE,2015-11-20,SR1605.ZCE,SR,5316.0,5355.0,5283.0,5350.0,5325.0,861784.0,716000.0,tushare_contract
SR.ZCE,2015-11-23,SR1605.ZCE,SR,5350.0,5535.0,5334.0,5477.0,5454.0,1724564.0,733604.0,tushare_contract
SR.ZCE,2015-11-24,SR1605.ZCE,SR,5456.0,5559.0,5456.0,5543.0,5520.0,1436476.0,729050.0,tushare_contract
SR.ZCE,2015-11-25,SR1605.ZCE,SR,5560.0,5588.0,5512.0,5560.0,5555.0,1386012.0,730378.0,tushare_contract
SR.ZCE,2015-11-26,SR1605.ZCE,SR,5555.0,5628.0,5522.0,5576.0,5573.0,1579040.0,747650.0,tushare_contract
SR.ZCE,2015-11-27,SR1605.ZCE,SR,5570.0,5603.0,5533.0,5541.0,5565.0,1279064.0,765112.0,tushare_contract
SR.ZCE,2015-11-30,SR1605.ZCE,SR,5555.0,5574.0,5488.0,5504.0,5527.0,1269908.0,792256.0,tushare_contract
SR.ZCE,2015-12-01,SR1605.ZCE,SR,5500.0,5570.0,5476.0,5530.0,5520.0,1771802.0,818280.0,tushare_contract
SR.ZCE,2015-12-02,SR1605.ZCE,SR,5524.0,5615.0,5512.0,5585.0,5573.0,1616734.0,863612.0,tushare_contract
SR.ZCE,2015-12-03,SR1605.ZCE,SR,5575.0,5587.0,5542.0,5551.0,5563.0,1173920.0,862698.0,tushare_contract
SR.ZCE,2015-12-04,SR1605.ZCE,SR,5551.0,5588.0,5498.0,5503.0,5538.0,1673758.0,833218.0,tushare_contract
SR.ZCE,2015-12-07,SR1605.ZCE,SR,5505.0,5559.0,5491.0,5555.0,5523.0,1140602.0,847304.0,tushare_contract
SR.ZCE,2015-12-08,SR1605.ZCE,SR,5546.0,5564.0,5480.0,5495.0,5516.0,1453322.0,808096.0,tushare_contract
SR.ZCE,2015-12-09,SR1605.ZCE,SR,5501.0,5515.0,5442.0,5446.0,5467.0,1453162.0,826020.0,tushare_contract
SR.ZCE,2015-12-10,SR1605.ZCE,SR,5453.0,5477.0,5431.0,5432.0,5457.0,1129042.0,830384.0,tushare_contract
SR.ZCE,2015-12-11,SR1605.ZCE,SR,5418.0,5538.0,5413.0,5530.0,5476.0,1812814.0,860162.0,tushare_contract
SR.ZCE,2015-12-14,SR1605.ZCE,SR,5530.0,5562.0,5515.0,5547.0,5538.0,1327764.0,855556.0,tushare_contract
SR.ZCE,2015-12-15,SR1605.ZCE,SR,5527.0,5580.0,5507.0,5539.0,5537.0,1458940.0,840984.0,tushare_contract
SR.ZCE,2015-12-16,SR1605.ZCE,SR,5541.0,5562.0,5526.0,5532.0,5545.0,1328004.0,843074.0,tushare_contract
SR.ZCE,2015-12-17,SR1605.ZCE,SR,5520.0,5593.0,5515.0,5531.0,5554.0,1504044.0,843522.0,tushare_contract
SR.ZCE,2015-12-18,SR1605.ZCE,SR,5536.0,5565.0,5527.0,5551.0,5545.0,1152032.0,844568.0,tushare_contract
SR.ZCE,2015-12-21,SR1605.ZCE,SR,5558.0,5685.0,5544.0,5669.0,5617.0,1936250.0,978826.0,tushare_contract
SR.ZCE,2015-12-22,SR1605.ZCE,SR,5662.0,5672.0,5635.0,5647.0,5648.0,1162976.0,973486.0,tushare_contract
SR.ZCE,2015-12-23,SR1605.ZCE,SR,5643.0,5644.0,5563.0,5615.0,5603.0,1619506.0,900538.0,tushare_contract
SR.ZCE,2015-12-24,SR1605.ZCE,SR,5616.0,5635.0,5597.0,5605.0,5614.0,1041950.0,900694.0,tushare_contract
SR.ZCE,2015-12-25,SR1605.ZCE,SR,5603.0,5645.0,5594.0,5630.0,5626.0,1076250.0,929284.0,tushare_contract
SR.ZCE,2015-12-28,SR1605.ZCE,SR,5626.0,5639.0,5578.0,5579.0,5605.0,969116.0,925370.0,tushare_contract
SR.ZCE,2015-12-29,SR1605.ZCE,SR,5575.0,5638.0,5570.0,5634.0,5609.0,1044892.0,953024.0,tushare_contract
SR.ZCE,2015-12-30,SR1605.ZCE,SR,5637.0,5689.0,5625.0,5630.0,5654.0,1421986.0,983406.0,tushare_contract
SR.ZCE,2015-12-31,SR1605.ZCE,SR,5645.0,5672.0,5635.0,5665.0,5655.0,996120.0,976362.0,tushare_contract
SR.ZCE,2016-01-04,SR1605.ZCE,SR,5663.0,5696.0,5585.0,5613.0,5626.0,943326.0,963240.0,tushare_contract
SR.ZCE,2016-01-05,SR1605.ZCE,SR,5603.0,5621.0,5579.0,5599.0,5601.0,1026492.0,979252.0,tushare_contract
SR.ZCE,2016-01-06,SR1605.ZCE,SR,5590.0,5600.0,5530.0,5545.0,5555.0,1355252.0,942804.0,tushare_contract
SR.ZCE,2016-01-07,SR1605.ZCE,SR,5539.0,5573.0,5492.0,5530.0,5535.0,1440974.0,910568.0,tushare_contract
SR.ZCE,2016-01-08,SR1605.ZCE,SR,5534.0,5578.0,5526.0,5559.0,5554.0,1120572.0,928026.0,tushare_contract
SR.ZCE,2016-01-11,SR1605.ZCE,SR,5568.0,5576.0,5465.0,5470.0,5506.0,1525062.0,950850.0,tushare_contract
SR.ZCE,2016-01-12,SR1605.ZCE,SR,5466.0,5480.0,5444.0,5451.0,5462.0,1124232.0,940514.0,tushare_contract
SR.ZCE,2016-01-13,SR1605.ZCE,SR,5455.0,5488.0,5416.0,5465.0,5455.0,1547032.0,930700.0,tushare_contract
SR.ZCE,2016-01-14,SR1605.ZCE,SR,5478.0,5480.0,5429.0,5456.0,5454.0,1227242.0,948770.0,tushare_contract
SR.ZCE,2016-01-15,SR1605.ZCE,SR,5449.0,5476.0,5420.0,5421.0,5450.0,1310750.0,981460.0,tushare_contract
SR.ZCE,2016-01-18,SR1605.ZCE,SR,5417.0,5496.0,5409.0,5481.0,5462.0,1468948.0,927308.0,tushare_contract
SR.ZCE,2016-01-19,SR1605.ZCE,SR,5485.0,5535.0,5462.0,5519.0,5507.0,1275412.0,952014.0,tushare_contract
SR.ZCE,2016-01-20,SR1605.ZCE,SR,5517.0,5535.0,5465.0,5471.0,5497.0,1125852.0,936216.0,tushare_contract
SR.ZCE,2016-01-21,SR1605.ZCE,SR,5471.0,5487.0,5431.0,5441.0,5451.0,1304794.0,931990.0,tushare_contract
SR.ZCE,2016-01-22,SR1605.ZCE,SR,5453.0,5508.0,5445.0,5474.0,5476.0,1213904.0,893968.0,tushare_contract
SR.ZCE,2016-01-25,SR1605.ZCE,SR,5488.0,5507.0,5431.0,5435.0,5461.0,1200984.0,967100.0,tushare_contract
SR.ZCE,2016-01-26,SR1605.ZCE,SR,5432.0,5454.0,5416.0,5444.0,5433.0,1161134.0,965888.0,tushare_contract
SR.ZCE,2016-01-27,SR1605.ZCE,SR,5455.0,5473.0,5384.0,5462.0,5430.0,2032138.0,883328.0,tushare_contract
SR.ZCE,2016-01-28,SR1605.ZCE,SR,5452.0,5460.0,5422.0,5431.0,5441.0,1181924.0,885018.0,tushare_contract
SR.ZCE,2016-01-29,SR1605.ZCE,SR,5430.0,5448.0,5382.0,5387.0,5413.0,1360650.0,927154.0,tushare_contract
SR.ZCE,2016-02-01,SR1605.ZCE,SR,5394.0,5409.0,5356.0,5370.0,5384.0,1177322.0,944846.0,tushare_contract
SR.ZCE,2016-02-02,SR1605.ZCE,SR,5369.0,5386.0,5356.0,5384.0,5370.0,912770.0,924314.0,tushare_contract
SR.ZCE,2016-02-03,SR1605.ZCE,SR,5385.0,5408.0,5371.0,5387.0,5389.0,934140.0,878988.0,tushare_contract
SR.ZCE,2016-02-04,SR1605.ZCE,SR,5391.0,5430.0,5363.0,5411.0,5391.0,884834.0,780888.0,tushare_contract
SR.ZCE,2016-02-05,SR1605.ZCE,SR,5409.0,5433.0,5392.0,5433.0,5408.0,456816.0,731898.0,tushare_contract
SR.ZCE,2016-02-15,SR1605.ZCE,SR,5430.0,5460.0,5393.0,5399.0,5421.0,404998.0,746160.0,tushare_contract
SR.ZCE,2016-02-16,SR1605.ZCE,SR,5400.0,5416.0,5346.0,5353.0,5384.0,1163378.0,877144.0,tushare_contract
SR.ZCE,2016-02-17,SR1605.ZCE,SR,5355.0,5361.0,5306.0,5311.0,5333.0,1157728.0,926132.0,tushare_contract
SR.ZCE,2016-02-18,SR1605.ZCE,SR,5309.0,5342.0,5306.0,5310.0,5324.0,747904.0,904640.0,tushare_contract
SR.ZCE,2016-02-19,SR1605.ZCE,SR,5318.0,5359.0,5297.0,5354.0,5330.0,1098380.0,826702.0,tushare_contract
SR.ZCE,2016-02-22,SR1605.ZCE,SR,5348.0,5365.0,5318.0,5346.0,5338.0,930836.0,817044.0,tushare_contract
SR.ZCE,2016-02-23,SR1605.ZCE,SR,5348.0,5393.0,5340.0,5385.0,5373.0,982674.0,775674.0,tushare_contract
SR.ZCE,2016-02-24,SR1605.ZCE,SR,5400.0,5452.0,5399.0,5434.0,5432.0,1398460.0,737768.0,tushare_contract
SR.ZCE,2016-02-25,SR1605.ZCE,SR,5428.0,5442.0,5408.0,5411.0,5426.0,718566.0,708134.0,tushare_contract
SR.ZCE,2016-02-26,SR1605.ZCE,SR,5411.0,5443.0,5409.0,5420.0,5427.0,816604.0,713136.0,tushare_contract
SR.ZCE,2016-02-29,SR1605.ZCE,SR,5425.0,5438.0,5320.0,5338.0,5373.0,1376758.0,660240.0,tushare_contract
SR.ZCE,2016-03-01,SR1609.ZCE,SR,5459.0,5477.0,5427.0,5466.0,5454.0,357152.0,707330.0,tushare_contract
SR.ZCE,2016-03-02,SR1609.ZCE,SR,5474.0,5510.0,5439.0,5478.0,5479.0,470668.0,717874.0,tushare_contract
SR.ZCE,2016-03-03,SR1609.ZCE,SR,5473.0,5508.0,5457.0,5460.0,5480.0,377292.0,741950.0,tushare_contract
SR.ZCE,2016-03-04,SR1609.ZCE,SR,5460.0,5518.0,5460.0,5488.0,5491.0,554868.0,797522.0,tushare_contract
SR.ZCE,2016-03-07,SR1609.ZCE,SR,5494.0,5582.0,5451.0,5452.0,5517.0,840362.0,850188.0,tushare_contract
SR.ZCE,2016-03-08,SR1609.ZCE,SR,5450.0,5486.0,5405.0,5407.0,5451.0,897738.0,868022.0,tushare_contract
SR.ZCE,2016-03-09,SR1609.ZCE,SR,5408.0,5482.0,5372.0,5474.0,5430.0,954718.0,915284.0,tushare_contract
SR.ZCE,2016-03-10,SR1609.ZCE,SR,5481.0,5493.0,5409.0,5420.0,5438.0,1000506.0,975100.0,tushare_contract
SR.ZCE,2016-03-11,SR1609.ZCE,SR,5427.0,5481.0,5418.0,5475.0,5454.0,833168.0,974658.0,tushare_contract
SR.ZCE,2016-03-14,SR1609.ZCE,SR,5480.0,5511.0,5440.0,5473.0,5477.0,1298434.0,1002918.0,tushare_contract
SR.ZCE,2016-03-15,SR1609.ZCE,SR,5480.0,5506.0,5451.0,5477.0,5481.0,1065162.0,999332.0,tushare_contract
SR.ZCE,2016-03-16,SR1609.ZCE,SR,5470.0,5494.0,5462.0,5490.0,5477.0,719380.0,1000310.0,tushare_contract
SR.ZCE,2016-03-17,SR1609.ZCE,SR,5487.0,5542.0,5481.0,5538.0,5515.0,1148902.0,1084822.0,tushare_contract
SR.ZCE,2016-03-18,SR1609.ZCE,SR,5544.0,5591.0,5535.0,5564.0,5562.0,1237550.0,1026258.0,tushare_contract
SR.ZCE,2016-03-21,SR1609.ZCE,SR,5562.0,5606.0,5536.0,5592.0,5574.0,938632.0,1073494.0,tushare_contract
SR.ZCE,2016-03-22,SR1609.ZCE,SR,5592.0,5628.0,5578.0,5618.0,5607.0,946506.0,1083612.0,tushare_contract
SR.ZCE,2016-03-23,SR1609.ZCE,SR,5616.0,5645.0,5583.0,5588.0,5617.0,855762.0,1061926.0,tushare_contract
SR.ZCE,2016-03-24,SR1609.ZCE,SR,5588.0,5608.0,5556.0,5579.0,5581.0,878302.0,1036456.0,tushare_contract
SR.ZCE,2016-03-25,SR1609.ZCE,SR,5553.0,5608.0,5540.0,5605.0,5581.0,778744.0,1067252.0,tushare_contract
SR.ZCE,2016-03-28,SR1609.ZCE,SR,5610.0,5625.0,5583.0,5586.0,5605.0,715464.0,1054728.0,tushare_contract
SR.ZCE,2016-03-29,SR1609.ZCE,SR,5594.0,5621.0,5551.0,5557.0,5586.0,858720.0,1025480.0,tushare_contract
SR.ZCE,2016-03-30,SR1609.ZCE,SR,5555.0,5586.0,5548.0,5577.0,5569.0,502874.0,1024916.0,tushare_contract
SR.ZCE,2016-03-31,SR1609.ZCE,SR,5590.0,5590.0,5553.0,5575.0,5571.0,564416.0,993894.0,tushare_contract
SR.ZCE,2016-04-01,SR1609.ZCE,SR,5573.0,5623.0,5561.0,5610.0,5596.0,891094.0,1045900.0,tushare_contract
SR.ZCE,2016-04-05,SR1609.ZCE,SR,5585.0,5645.0,5576.0,5641.0,5617.0,646742.0,1121112.0,tushare_contract
SR.ZCE,2016-04-06,SR1609.ZCE,SR,5630.0,5638.0,5596.0,5607.0,5618.0,622166.0,1086808.0,tushare_contract
SR.ZCE,2016-04-07,SR1609.ZCE,SR,5605.0,5629.0,5602.0,5623.0,5620.0,532826.0,1101330.0,tushare_contract
SR.ZCE,2016-04-08,SR1609.ZCE,SR,5620.0,5623.0,5556.0,5571.0,5588.0,786452.0,1093114.0,tushare_contract
SR.ZCE,2016-04-11,SR1609.ZCE,SR,5568.0,5601.0,5561.0,5561.0,5581.0,724882.0,1091826.0,tushare_contract
SR.ZCE,2016-04-12,SR1609.ZCE,SR,5555.0,5584.0,5546.0,5561.0,5566.0,602662.0,1072356.0,tushare_contract
SR.ZCE,2016-04-13,SR1609.ZCE,SR,5562.0,5627.0,5562.0,5575.0,5592.0,1248080.0,1107002.0,tushare_contract
SR.ZCE,2016-04-14,SR1609.ZCE,SR,5574.0,5624.0,5563.0,5621.0,5589.0,861088.0,1120350.0,tushare_contract
SR.ZCE,2016-04-15,SR1609.ZCE,SR,5625.0,5674.0,5575.0,5615.0,5627.0,1360326.0,1119606.0,tushare_contract
SR.ZCE,2016-04-18,SR1609.ZCE,SR,5625.0,5725.0,5609.0,5691.0,5672.0,1780296.0,1225120.0,tushare_contract
SR.ZCE,2016-04-19,SR1609.ZCE,SR,5695.0,5720.0,5659.0,5676.0,5696.0,1230276.0,1198166.0,tushare_contract
SR.ZCE,2016-04-20,SR1609.ZCE,SR,5679.0,5710.0,5656.0,5695.0,5682.0,1634604.0,1158210.0,tushare_contract
SR.ZCE,2016-04-21,SR1609.ZCE,SR,5701.0,5775.0,5683.0,5716.0,5727.0,2406604.0,1123710.0,tushare_contract
SR.ZCE,2016-04-22,SR1609.ZCE,SR,5723.0,5743.0,5497.0,5573.0,5626.0,2004002.0,1006102.0,tushare_contract
SR.ZCE,2016-04-25,SR1609.ZCE,SR,5598.0,5646.0,5573.0,5592.0,5612.0,953158.0,985916.0,tushare_contract
SR.ZCE,2016-04-26,SR1609.ZCE,SR,5604.0,5631.0,5589.0,5622.0,5613.0,727424.0,950436.0,tushare_contract
SR.ZCE,2016-04-27,SR1609.ZCE,SR,5625.0,5632.0,5604.0,5615.0,5617.0,562438.0,949748.0,tushare_contract
SR.ZCE,2016-04-28,SR1609.ZCE,SR,5613.0,5619.0,5522.0,5527.0,5571.0,840838.0,946816.0,tushare_contract
SR.ZCE,2016-04-29,SR1609.ZCE,SR,5530.0,5552.0,5491.0,5503.0,5519.0,861382.0,908172.0,tushare_contract
SR.ZCE,2016-05-03,SR1609.ZCE,SR,5522.0,5581.0,5517.0,5567.0,5555.0,502366.0,871216.0,tushare_contract
SR.ZCE,2016-05-04,SR1609.ZCE,SR,5569.0,5647.0,5555.0,5637.0,5604.0,1160782.0,843450.0,tushare_contract
SR.ZCE,2016-05-05,SR1609.ZCE,SR,5641.0,5655.0,5622.0,5644.0,5639.0,766260.0,827090.0,tushare_contract
SR.ZCE,2016-05-06,SR1609.ZCE,SR,5657.0,5667.0,5556.0,5588.0,5603.0,947732.0,792950.0,tushare_contract
SR.ZCE,2016-05-09,SR1609.ZCE,SR,5595.0,5607.0,5542.0,5561.0,5574.0,717704.0,789500.0,tushare_contract
SR.ZCE,2016-05-10,SR1609.ZCE,SR,5555.0,5593.0,5535.0,5584.0,5570.0,904290.0,789228.0,tushare_contract
SR.ZCE,2016-05-11,SR1609.ZCE,SR,5590.0,5595.0,5549.0,5576.0,5572.0,882128.0,793190.0,tushare_contract
SR.ZCE,2016-05-12,SR1609.ZCE,SR,5605.0,5665.0,5579.0,5629.0,5631.0,1229060.0,814366.0,tushare_contract
SR.ZCE,2016-05-13,SR1609.ZCE,SR,5622.0,5631.0,5559.0,5583.0,5590.0,875316.0,778226.0,tushare_contract
SR.ZCE,2016-05-16,SR1609.ZCE,SR,5581.0,5603.0,5568.0,5582.0,5582.0,695002.0,782310.0,tushare_contract
SR.ZCE,2016-05-17,SR1609.ZCE,SR,5576.0,5599.0,5561.0,5569.0,5578.0,608906.0,783398.0,tushare_contract
SR.ZCE,2016-05-18,SR1609.ZCE,SR,5563.0,5576.0,5500.0,5505.0,5534.0,1407602.0,853796.0,tushare_contract
SR.ZCE,2016-05-19,SR1609.ZCE,SR,5497.0,5538.0,5484.0,5493.0,5510.0,661178.0,841296.0,tushare_contract
SR.ZCE,2016-05-20,SR1609.ZCE,SR,5515.0,5521.0,5475.0,5475.0,5500.0,712292.0,891604.0,tushare_contract
SR.ZCE,2016-05-23,SR1609.ZCE,SR,5489.0,5536.0,5464.0,5530.0,5506.0,1119966.0,872452.0,tushare_contract
SR.ZCE,2016-05-24,SR1609.ZCE,SR,5515.0,5525.0,5491.0,5497.0,5508.0,510224.0,858692.0,tushare_contract
SR.ZCE,2016-05-25,SR1609.ZCE,SR,5495.0,5508.0,5432.0,5471.0,5474.0,1005048.0,873360.0,tushare_contract
SR.ZCE,2016-05-26,SR1609.ZCE,SR,5465.0,5522.0,5460.0,5518.0,5500.0,583378.0,814708.0,tushare_contract
SR.ZCE,2016-05-27,SR1609.ZCE,SR,5528.0,5550.0,5502.0,5519.0,5524.0,479996.0,787682.0,tushare_contract
SR.ZCE,2016-05-30,SR1609.ZCE,SR,5516.0,5560.0,5503.0,5557.0,5536.0,555902.0,789506.0,tushare_contract
SR.ZCE,2016-05-31,SR1609.ZCE,SR,5558.0,5583.0,5533.0,5573.0,5559.0,587866.0,791908.0,tushare_contract
SR.ZCE,2016-06-01,SR1609.ZCE,SR,5567.0,5579.0,5500.0,5515.0,5535.0,514372.0,784664.0,tushare_contract
SR.ZCE,2016-06-02,SR1609.ZCE,SR,5513.0,5531.0,5507.0,5520.0,5521.0,303086.0,769274.0,tushare_contract
SR.ZCE,2016-06-03,SR1609.ZCE,SR,5538.0,5683.0,5532.0,5676.0,5610.0,1243836.0,829064.0,tushare_contract
SR.ZCE,2016-06-06,SR1609.ZCE,SR,5675.0,5732.0,5622.0,5724.0,5682.0,1148220.0,845052.0,tushare_contract
SR.ZCE,2016-06-07,SR1609.ZCE,SR,5716.0,5720.0,5652.0,5659.0,5683.0,765546.0,802934.0,tushare_contract
SR.ZCE,2016-06-08,SR1609.ZCE,SR,5682.0,5696.0,5659.0,5666.0,5679.0,507536.0,779858.0,tushare_contract
SR.ZCE,2016-06-13,SR1609.ZCE,SR,5700.0,5808.0,5688.0,5759.0,5763.0,775136.0,795550.0,tushare_contract
SR.ZCE,2016-06-14,SR1609.ZCE,SR,5763.0,5783.0,5730.0,5742.0,5751.0,566254.0,796346.0,tushare_contract
SR.ZCE,2016-06-15,SR1609.ZCE,SR,5730.0,5741.0,5663.0,5709.0,5695.0,691754.0,785566.0,tushare_contract
SR.ZCE,2016-06-16,SR1609.ZCE,SR,5722.0,5800.0,5700.0,5732.0,5750.0,1135770.0,802746.0,tushare_contract
SR.ZCE,2016-06-17,SR1609.ZCE,SR,5745.0,5784.0,5692.0,5781.0,5740.0,887040.0,823632.0,tushare_contract
SR.ZCE,2016-06-20,SR1609.ZCE,SR,5795.0,5864.0,5766.0,5833.0,5832.0,1416042.0,857960.0,tushare_contract
SR.ZCE,2016-06-21,SR1609.ZCE,SR,5828.0,5859.0,5801.0,5811.0,5832.0,689472.0,844838.0,tushare_contract
SR.ZCE,2016-06-22,SR1609.ZCE,SR,5781.0,5799.0,5757.0,5793.0,5782.0,581282.0,818654.0,tushare_contract
SR.ZCE,2016-06-23,SR1609.ZCE,SR,5790.0,5814.0,5762.0,5766.0,5787.0,612490.0,803336.0,tushare_contract
SR.ZCE,2016-06-24,SR1609.ZCE,SR,5778.0,5787.0,5701.0,5705.0,5757.0,775476.0,759022.0,tushare_contract
SR.ZCE,2016-06-27,SR1609.ZCE,SR,5700.0,5815.0,5700.0,5781.0,5767.0,574230.0,752260.0,tushare_contract
SR.ZCE,2016-06-28,SR1609.ZCE,SR,5777.0,5868.0,5775.0,5833.0,5824.0,704630.0,756744.0,tushare_contract
SR.ZCE,2016-06-29,SR1609.ZCE,SR,5850.0,5880.0,5819.0,5841.0,5855.0,663472.0,739420.0,tushare_contract
SR.ZCE,2016-06-30,SR1609.ZCE,SR,5883.0,6090.0,5883.0,6090.0,6003.0,1571808.0,812958.0,tushare_contract
SR.ZCE,2016-07-01,SR1609.ZCE,SR,6090.0,6095.0,5953.0,5984.0,6007.0,1384552.0,716302.0,tushare_contract
SR.ZCE,2016-07-04,SR1609.ZCE,SR,6010.0,6170.0,6005.0,6074.0,6097.0,1539478.0,770516.0,tushare_contract
SR.ZCE,2016-07-05,SR1609.ZCE,SR,6068.0,6088.0,5888.0,5978.0,6005.0,924152.0,705620.0,tushare_contract
SR.ZCE,2016-07-06,SR1609.ZCE,SR,6001.0,6064.0,5902.0,5971.0,5983.0,1169134.0,673768.0,tushare_contract
SR.ZCE,2016-07-07,SR1609.ZCE,SR,5900.0,5961.0,5881.0,5885.0,5924.0,704970.0,660608.0,tushare_contract
SR.ZCE,2016-07-08,SR1609.ZCE,SR,5903.0,5916.0,5757.0,5784.0,5827.0,939892.0,635172.0,tushare_contract
SR.ZCE,2016-07-11,SR1609.ZCE,SR,5785.0,5848.0,5755.0,5821.0,5810.0,614046.0,622078.0,tushare_contract
SR.ZCE,2016-07-12,SR1609.ZCE,SR,5850.0,5956.0,5833.0,5924.0,5903.0,766166.0,569322.0,tushare_contract
SR.ZCE,2016-07-13,SR1609.ZCE,SR,5900.0,5940.0,5847.0,5907.0,5893.0,738244.0,572234.0,tushare_contract
SR.ZCE,2016-07-14,SR1609.ZCE,SR,5930.0,5968.0,5819.0,5878.0,5897.0,618678.0,557834.0,tushare_contract
SR.ZCE,2016-07-15,SR1609.ZCE,SR,5938.0,5948.0,5860.0,5897.0,5906.0,569060.0,556586.0,tushare_contract
SR.ZCE,2016-07-18,SR1609.ZCE,SR,5879.0,5887.0,5811.0,5850.0,5844.0,487160.0,553390.0,tushare_contract
SR.ZCE,2016-07-19,SR1609.ZCE,SR,5840.0,5915.0,5836.0,5902.0,5880.0,634762.0,549208.0,tushare_contract
SR.ZCE,2016-07-20,SR1701.ZCE,SR,6270.0,6288.0,6224.0,6247.0,6261.0,297568.0,564068.0,tushare_contract
SR.ZCE,2016-07-21,SR1701.ZCE,SR,6234.0,6260.0,6197.0,6245.0,6233.0,241168.0,562244.0,tushare_contract
SR.ZCE,2016-07-22,SR1701.ZCE,SR,6274.0,6310.0,6205.0,6216.0,6257.0,500774.0,588010.0,tushare_contract
SR.ZCE,2016-07-25,SR1701.ZCE,SR,6214.0,6248.0,6188.0,6228.0,6219.0,296744.0,595168.0,tushare_contract
SR.ZCE,2016-07-26,SR1701.ZCE,SR,6249.0,6282.0,6200.0,6233.0,6244.0,445984.0,604388.0,tushare_contract
SR.ZCE,2016-07-27,SR1701.ZCE,SR,6185.0,6218.0,6162.0,6190.0,6192.0,446172.0,607566.0,tushare_contract
SR.ZCE,2016-07-28,SR1701.ZCE,SR,6162.0,6202.0,6121.0,6124.0,6163.0,562064.0,629104.0,tushare_contract
SR.ZCE,2016-07-29,SR1701.ZCE,SR,6134.0,6157.0,6090.0,6105.0,6125.0,615812.0,622050.0,tushare_contract
SR.ZCE,2016-08-01,SR1701.ZCE,SR,6124.0,6187.0,6124.0,6157.0,6162.0,495070.0,613552.0,tushare_contract
SR.ZCE,2016-08-02,SR1701.ZCE,SR,6151.0,6192.0,6127.0,6134.0,6155.0,449460.0,620964.0,tushare_contract
SR.ZCE,2016-08-03,SR1701.ZCE,SR,6159.0,6176.0,6130.0,6136.0,6152.0,445162.0,617864.0,tushare_contract
SR.ZCE,2016-08-04,SR1701.ZCE,SR,6130.0,6163.0,6049.0,6070.0,6097.0,814612.0,665780.0,tushare_contract
SR.ZCE,2016-08-05,SR1701.ZCE,SR,6070.0,6131.0,6061.0,6103.0,6100.0,534676.0,671422.0,tushare_contract
SR.ZCE,2016-08-08,SR1701.ZCE,SR,6114.0,6177.0,6100.0,6151.0,6140.0,578340.0,670228.0,tushare_contract
SR.ZCE,2016-08-09,SR1701.ZCE,SR,6176.0,6191.0,6140.0,6152.0,6160.0,380422.0,660680.0,tushare_contract
SR.ZCE,2016-08-10,SR1701.ZCE,SR,6159.0,6176.0,6089.0,6116.0,6133.0,585082.0,660906.0,tushare_contract
SR.ZCE,2016-08-11,SR1701.ZCE,SR,6120.0,6131.0,6045.0,6064.0,6082.0,540792.0,688112.0,tushare_contract
SR.ZCE,2016-08-12,SR1701.ZCE,SR,6067.0,6081.0,6056.0,6065.0,6070.0,269442.0,685094.0,tushare_contract
SR.ZCE,2016-08-15,SR1701.ZCE,SR,6072.0,6127.0,6070.0,6106.0,6105.0,429298.0,659998.0,tushare_contract
SR.ZCE,2016-08-16,SR1701.ZCE,SR,6110.0,6145.0,6095.0,6121.0,6122.0,379890.0,665952.0,tushare_contract
SR.ZCE,2016-08-17,SR1701.ZCE,SR,6130.0,6183.0,6124.0,6162.0,6157.0,480306.0,657762.0,tushare_contract
SR.ZCE,2016-08-18,SR1701.ZCE,SR,6142.0,6157.0,6107.0,6149.0,6132.0,401588.0,647296.0,tushare_contract
SR.ZCE,2016-08-19,SR1701.ZCE,SR,6155.0,6248.0,6150.0,6238.0,6207.0,722294.0,699264.0,tushare_contract
SR.ZCE,2016-08-22,SR1701.ZCE,SR,6220.0,6271.0,6206.0,6242.0,6239.0,569348.0,711672.0,tushare_contract
SR.ZCE,2016-08-23,SR1701.ZCE,SR,6256.0,6298.0,6246.0,6292.0,6278.0,573464.0,750940.0,tushare_contract
SR.ZCE,2016-08-24,SR1701.ZCE,SR,6288.0,6292.0,6254.0,6276.0,6273.0,438936.0,734168.0,tushare_contract
SR.ZCE,2016-08-25,SR1701.ZCE,SR,6278.0,6278.0,6186.0,6230.0,6221.0,650228.0,661206.0,tushare_contract
SR.ZCE,2016-08-26,SR1701.ZCE,SR,6257.0,6257.0,6202.0,6233.0,6227.0,375542.0,671018.0,tushare_contract
SR.ZCE,2016-08-29,SR1701.ZCE,SR,6229.0,6255.0,6190.0,6242.0,6227.0,467328.0,703168.0,tushare_contract
SR.ZCE,2016-08-30,SR1701.ZCE,SR,6236.0,6287.0,6233.0,6261.0,6271.0,557162.0,723932.0,tushare_contract
SR.ZCE,2016-08-31,SR1701.ZCE,SR,6260.0,6263.0,6200.0,6230.0,6229.0,458194.0,697906.0,tushare_contract
SR.ZCE,2016-09-01,SR1701.ZCE,SR,6200.0,6246.0,6191.0,6204.0,6218.0,710328.0,721400.0,tushare_contract
SR.ZCE,2016-09-02,SR1701.ZCE,SR,6199.0,6211.0,6142.0,6181.0,6178.0,818368.0,716344.0,tushare_contract
SR.ZCE,2016-09-05,SR1701.ZCE,SR,6239.0,6268.0,6224.0,6252.0,6247.0,528680.0,702812.0,tushare_contract
SR.ZCE,2016-09-06,SR1701.ZCE,SR,6250.0,6261.0,6232.0,6242.0,6247.0,240660.0,696400.0,tushare_contract
SR.ZCE,2016-09-07,SR1701.ZCE,SR,6210.0,6265.0,6202.0,6251.0,6239.0,415000.0,724918.0,tushare_contract
SR.ZCE,2016-09-08,SR1701.ZCE,SR,6275.0,6280.0,6215.0,6227.0,6236.0,366804.0,708060.0,tushare_contract
SR.ZCE,2016-09-09,SR1701.ZCE,SR,6216.0,6240.0,6213.0,6231.0,6226.0,284864.0,707200.0,tushare_contract
SR.ZCE,2016-09-12,SR1701.ZCE,SR,6220.0,6250.0,6203.0,6230.0,6227.0,582376.0,713302.0,tushare_contract
SR.ZCE,2016-09-13,SR1701.ZCE,SR,6225.0,6336.0,6214.0,6320.0,6293.0,916920.0,785020.0,tushare_contract
SR.ZCE,2016-09-14,SR1701.ZCE,SR,6327.0,6330.0,6293.0,6323.0,6313.0,411292.0,762442.0,tushare_contract
SR.ZCE,2016-09-19,SR1701.ZCE,SR,6478.0,6480.0,6414.0,6437.0,6445.0,420710.0,772320.0,tushare_contract
SR.ZCE,2016-09-20,SR1701.ZCE,SR,6452.0,6464.0,6418.0,6432.0,6439.0,458706.0,768828.0,tushare_contract
SR.ZCE,2016-09-21,SR1701.ZCE,SR,6437.0,6488.0,6405.0,6412.0,6444.0,741928.0,776340.0,tushare_contract
SR.ZCE,2016-09-22,SR1701.ZCE,SR,6421.0,6528.0,6394.0,6473.0,6463.0,951404.0,816448.0,tushare_contract
SR.ZCE,2016-09-23,SR1701.ZCE,SR,6511.0,6523.0,6463.0,6499.0,6492.0,575378.0,842812.0,tushare_contract
SR.ZCE,2016-09-26,SR1701.ZCE,SR,6514.0,6625.0,6491.0,6610.0,6577.0,757894.0,903528.0,tushare_contract
SR.ZCE,2016-09-27,SR1701.ZCE,SR,6615.0,6695.0,6610.0,6673.0,6659.0,990304.0,927438.0,tushare_contract
SR.ZCE,2016-09-28,SR1701.ZCE,SR,6665.0,6721.0,6638.0,6710.0,6675.0,728650.0,928844.0,tushare_contract
SR.ZCE,2016-09-29,SR1701.ZCE,SR,6700.0,6765.0,6676.0,6698.0,6715.0,855612.0,871530.0,tushare_contract
SR.ZCE,2016-09-30,SR1701.ZCE,SR,6705.0,6723.0,6657.0,6716.0,6695.0,561144.0,838088.0,tushare_contract
SR.ZCE,2016-10-10,SR1701.ZCE,SR,6710.0,6732.0,6668.0,6730.0,6693.0,418016.0,852080.0,tushare_contract
SR.ZCE,2016-10-11,SR1701.ZCE,SR,6720.0,6730.0,6622.0,6658.0,6667.0,811784.0,849774.0,tushare_contract
SR.ZCE,2016-10-12,SR1701.ZCE,SR,6657.0,6714.0,6638.0,6693.0,6678.0,607166.0,879586.0,tushare_contract
SR.ZCE,2016-10-13,SR1701.ZCE,SR,6681.0,6767.0,6666.0,6735.0,6724.0,801556.0,923006.0,tushare_contract
SR.ZCE,2016-10-14,SR1701.ZCE,SR,6737.0,6749.0,6709.0,6740.0,6731.0,483696.0,918480.0,tushare_contract
SR.ZCE,2016-10-17,SR1701.ZCE,SR,6734.0,6814.0,6697.0,6786.0,6764.0,745778.0,930538.0,tushare_contract
SR.ZCE,2016-10-18,SR1701.ZCE,SR,6786.0,6804.0,6747.0,6796.0,6780.0,484076.0,920428.0,tushare_contract
SR.ZCE,2016-10-19,SR1701.ZCE,SR,6782.0,6797.0,6702.0,6725.0,6750.0,745516.0,845758.0,tushare_contract
SR.ZCE,2016-10-20,SR1701.ZCE,SR,6731.0,6747.0,6701.0,6715.0,6725.0,426500.0,842246.0,tushare_contract
SR.ZCE,2016-10-21,SR1701.ZCE,SR,6685.0,6724.0,6675.0,6714.0,6701.0,563680.0,817422.0,tushare_contract
SR.ZCE,2016-10-24,SR1701.ZCE,SR,6716.0,6906.0,6710.0,6877.0,6828.0,1032168.0,891672.0,tushare_contract
SR.ZCE,2016-10-25,SR1701.ZCE,SR,6890.0,6905.0,6859.0,6900.0,6881.0,588108.0,837818.0,tushare_contract
SR.ZCE,2016-10-26,SR1701.ZCE,SR,6896.0,6931.0,6828.0,6890.0,6872.0,746248.0,802846.0,tushare_contract
SR.ZCE,2016-10-27,SR1701.ZCE,SR,6886.0,6910.0,6851.0,6858.0,6879.0,508508.0,793308.0,tushare_contract
SR.ZCE,2016-10-28,SR1701.ZCE,SR,6865.0,6886.0,6786.0,6819.0,6832.0,806850.0,731418.0,tushare_contract
SR.ZCE,2016-10-31,SR1701.ZCE,SR,6800.0,6823.0,6750.0,6760.0,6794.0,604250.0,713132.0,tushare_contract
SR.ZCE,2016-11-01,SR1701.ZCE,SR,6752.0,6758.0,6692.0,6747.0,6731.0,598648.0,676300.0,tushare_contract
SR.ZCE,2016-11-02,SR1701.ZCE,SR,6743.0,6776.0,6702.0,6746.0,6744.0,583390.0,665466.0,tushare_contract
SR.ZCE,2016-11-03,SR1701.ZCE,SR,6751.0,6854.0,6733.0,6825.0,6798.0,720792.0,677268.0,tushare_contract
SR.ZCE,2016-11-04,SR1701.ZCE,SR,6818.0,6853.0,6740.0,6744.0,6803.0,492368.0,644482.0,tushare_contract
SR.ZCE,2016-11-07,SR1701.ZCE,SR,6768.0,6796.0,6743.0,6774.0,6773.0,454280.0,631036.0,tushare_contract
SR.ZCE,2016-11-08,SR1701.ZCE,SR,6790.0,6888.0,6780.0,6795.0,6839.0,788544.0,602184.0,tushare_contract
SR.ZCE,2016-11-09,SR1701.ZCE,SR,6788.0,6828.0,6760.0,6775.0,6789.0,581156.0,597510.0,tushare_contract
SR.ZCE,2016-11-10,SR1701.ZCE,SR,6784.0,6848.0,6775.0,6816.0,6816.0,676302.0,611512.0,tushare_contract
SR.ZCE,2016-11-11,SR1701.ZCE,SR,6798.0,6940.0,6782.0,6823.0,6847.0,1017006.0,621124.0,tushare_contract
SR.ZCE,2016-11-14,SR1701.ZCE,SR,6820.0,6858.0,6728.0,6829.0,6793.0,867816.0,565884.0,tushare_contract
SR.ZCE,2016-11-15,SR1701.ZCE,SR,6824.0,6907.0,6813.0,6852.0,6856.0,938596.0,527914.0,tushare_contract
SR.ZCE,2016-11-16,SR1701.ZCE,SR,6855.0,6875.0,6785.0,6818.0,6824.0,529734.0,501178.0,tushare_contract
SR.ZCE,2016-11-17,SR1701.ZCE,SR,6800.0,6800.0,6748.0,6779.0,6770.0,542892.0,505144.0,tushare_contract
SR.ZCE,2016-11-18,SR1701.ZCE,SR,6784.0,6804.0,6751.0,6797.0,6781.0,432380.0,494374.0,tushare_contract
SR.ZCE,2016-11-21,SR1701.ZCE,SR,6811.0,6876.0,6766.0,6841.0,6823.0,565282.0,496522.0,tushare_contract
SR.ZCE,2016-11-22,SR1701.ZCE,SR,6851.0,6892.0,6819.0,6865.0,6858.0,531918.0,483274.0,tushare_contract
SR.ZCE,2016-11-23,SR1701.ZCE,SR,6860.0,6872.0,6771.0,6799.0,6815.0,402792.0,477264.0,tushare_contract
SR.ZCE,2016-11-24,SR1701.ZCE,SR,6799.0,6958.0,6791.0,6923.0,6878.0,744688.0,511716.0,tushare_contract
SR.ZCE,2016-11-25,SR1701.ZCE,SR,6932.0,6986.0,6851.0,6952.0,6929.0,572982.0,475364.0,tushare_contract
SR.ZCE,2016-11-28,SR1701.ZCE,SR,6947.0,7207.0,6936.0,7207.0,7076.0,837196.0,483894.0,tushare_contract
SR.ZCE,2016-11-29,SR1701.ZCE,SR,7268.0,7314.0,7212.0,7270.0,7269.0,650280.0,421134.0,tushare_contract
SR.ZCE,2016-11-30,SR1701.ZCE,SR,7262.0,7262.0,7115.0,7180.0,7188.0,658348.0,403378.0,tushare_contract
SR.ZCE,2016-12-01,SR1701.ZCE,SR,7188.0,7230.0,7106.0,7135.0,7146.0,355442.0,370560.0,tushare_contract
SR.ZCE,2016-12-02,SR1701.ZCE,SR,7120.0,7166.0,6981.0,7057.0,7048.0,324134.0,339174.0,tushare_contract
SR.ZCE,2016-12-05,SR1701.ZCE,SR,7049.0,7078.0,6990.0,7037.0,7030.0,195926.0,326040.0,tushare_contract
SR.ZCE,2016-12-06,SR1701.ZCE,SR,7023.0,7068.0,6996.0,7005.0,7022.0,148700.0,311304.0,tushare_contract
SR.ZCE,2016-12-07,SR1705.ZCE,SR,7080.0,7180.0,7072.0,7144.0,7139.0,622298.0,370464.0,tushare_contract
SR.ZCE,2016-12-08,SR1705.ZCE,SR,7146.0,7182.0,7101.0,7122.0,7144.0,565690.0,396542.0,tushare_contract
SR.ZCE,2016-12-09,SR1705.ZCE,SR,7110.0,7110.0,7056.0,7079.0,7076.0,410346.0,385990.0,tushare_contract
SR.ZCE,2016-12-12,SR1705.ZCE,SR,7065.0,7171.0,7041.0,7105.0,7113.0,515858.0,399764.0,tushare_contract
SR.ZCE,2016-12-13,SR1705.ZCE,SR,7109.0,7148.0,7083.0,7119.0,7114.0,361084.0,389432.0,tushare_contract
SR.ZCE,2016-12-14,SR1705.ZCE,SR,7115.0,7128.0,6903.0,6925.0,6986.0,762478.0,374112.0,tushare_contract
SR.ZCE,2016-12-15,SR1705.ZCE,SR,6935.0,6940.0,6868.0,6893.0,6907.0,545050.0,368850.0,tushare_contract
SR.ZCE,2016-12-16,SR1705.ZCE,SR,6908.0,6960.0,6876.0,6926.0,6927.0,419486.0,367588.0,tushare_contract
SR.ZCE,2016-12-19,SR1705.ZCE,SR,6880.0,6891.0,6840.0,6864.0,6866.0,423722.0,351908.0,tushare_contract
SR.ZCE,2016-12-20,SR1705.ZCE,SR,6865.0,6887.0,6732.0,6748.0,6792.0,594152.0,347084.0,tushare_contract
SR.ZCE,2016-12-21,SR1705.ZCE,SR,6748.0,6782.0,6740.0,6759.0,6760.0,306086.0,341940.0,tushare_contract
SR.ZCE,2016-12-22,SR1705.ZCE,SR,6746.0,6799.0,6708.0,6766.0,6769.0,472710.0,341446.0,tushare_contract
SR.ZCE,2016-12-23,SR1705.ZCE,SR,6776.0,6794.0,6738.0,6767.0,6765.0,459552.0,343614.0,tushare_contract
SR.ZCE,2016-12-26,SR1705.ZCE,SR,6780.0,6909.0,6643.0,6687.0,6724.0,574290.0,346600.0,tushare_contract
SR.ZCE,2016-12-27,SR1705.ZCE,SR,6690.0,6765.0,6673.0,6741.0,6715.0,353910.0,334548.0,tushare_contract
SR.ZCE,2016-12-28,SR1705.ZCE,SR,6740.0,6777.0,6710.0,6727.0,6740.0,359438.0,343582.0,tushare_contract
SR.ZCE,2016-12-29,SR1705.ZCE,SR,6737.0,6833.0,6719.0,6787.0,6785.0,526982.0,343896.0,tushare_contract
SR.ZCE,2016-12-30,SR1705.ZCE,SR,6810.0,6848.0,6791.0,6826.0,6826.0,411420.0,332554.0,tushare_contract
SR.ZCE,2017-01-03,SR1705.ZCE,SR,6848.0,6848.0,6727.0,6739.0,6768.0,260194.0,345298.0,tushare_contract
SR.ZCE,2017-01-04,SR1705.ZCE,SR,6748.0,6842.0,6742.0,6808.0,6802.0,437568.0,333272.0,tushare_contract
SR.ZCE,2017-01-05,SR1705.ZCE,SR,6812.0,6880.0,6804.0,6847.0,6843.0,467312.0,347674.0,tushare_contract
SR.ZCE,2017-01-06,SR1705.ZCE,SR,6850.0,6854.0,6773.0,6791.0,6811.0,384392.0,358586.0,tushare_contract
SR.ZCE,2017-01-09,SR1705.ZCE,SR,6780.0,6868.0,6773.0,6836.0,6823.0,341562.0,353646.0,tushare_contract
SR.ZCE,2017-01-10,SR1705.ZCE,SR,6826.0,6832.0,6787.0,6811.0,6807.0,339302.0,339438.0,tushare_contract
SR.ZCE,2017-01-11,SR1705.ZCE,SR,6800.0,6920.0,6784.0,6870.0,6870.0,590898.0,349176.0,tushare_contract
SR.ZCE,2017-01-12,SR1705.ZCE,SR,6895.0,6912.0,6849.0,6856.0,6877.0,355994.0,354252.0,tushare_contract
SR.ZCE,2017-01-13,SR1705.ZCE,SR,6868.0,6890.0,6792.0,6818.0,6841.0,448928.0,363250.0,tushare_contract
SR.ZCE,2017-01-16,SR1705.ZCE,SR,6822.0,6892.0,6815.0,6837.0,6849.0,366362.0,338028.0,tushare_contract
SR.ZCE,2017-01-17,SR1705.ZCE,SR,6839.0,6855.0,6780.0,6827.0,6822.0,366164.0,346222.0,tushare_contract
SR.ZCE,2017-01-18,SR1705.ZCE,SR,6835.0,6903.0,6822.0,6869.0,6857.0,366870.0,328160.0,tushare_contract
SR.ZCE,2017-01-19,SR1705.ZCE,SR,6871.0,7004.0,6850.0,6991.0,6941.0,713254.0,400066.0,tushare_contract
SR.ZCE,2017-01-20,SR1705.ZCE,SR,7009.0,7025.0,6779.0,6880.0,6910.0,635874.0,332258.0,tushare_contract
SR.ZCE,2017-01-23,SR1705.ZCE,SR,6883.0,6942.0,6869.0,6917.0,6902.0,232382.0,331340.0,tushare_contract
SR.ZCE,2017-01-24,SR1705.ZCE,SR,6927.0,6988.0,6908.0,6954.0,6950.0,271098.0,337338.0,tushare_contract
SR.ZCE,2017-01-25,SR1705.ZCE,SR,6971.0,6978.0,6921.0,6956.0,6952.0,150678.0,324344.0,tushare_contract
SR.ZCE,2017-01-26,SR1705.ZCE,SR,6965.0,7020.0,6930.0,6933.0,6960.0,190906.0,309960.0,tushare_contract
SR.ZCE,2017-02-03,SR1705.ZCE,SR,6954.0,6954.0,6850.0,6941.0,6904.0,202728.0,305834.0,tushare_contract
SR.ZCE,2017-02-06,SR1705.ZCE,SR,6933.0,7010.0,6918.0,6963.0,6973.0,352710.0,348452.0,tushare_contract
SR.ZCE,2017-02-07,SR1705.ZCE,SR,6970.0,6988.0,6945.0,6972.0,6969.0,221846.0,356324.0,tushare_contract
SR.ZCE,2017-02-08,SR1705.ZCE,SR,6959.0,6965.0,6909.0,6947.0,6931.0,326656.0,350316.0,tushare_contract
SR.ZCE,2017-02-09,SR1705.ZCE,SR,6950.0,6965.0,6884.0,6896.0,6923.0,351568.0,372694.0,tushare_contract
SR.ZCE,2017-02-10,SR1705.ZCE,SR,6900.0,6925.0,6875.0,6909.0,6904.0,285830.0,372524.0,tushare_contract
SR.ZCE,2017-02-13,SR1705.ZCE,SR,6907.0,6988.0,6892.0,6952.0,6943.0,440616.0,388852.0,tushare_contract
SR.ZCE,2017-02-14,SR1705.ZCE,SR,6950.0,6971.0,6890.0,6915.0,6924.0,367974.0,387774.0,tushare_contract
SR.ZCE,2017-02-15,SR1705.ZCE,SR,6930.0,6956.0,6837.0,6837.0,6898.0,657538.0,428682.0,tushare_contract
SR.ZCE,2017-02-16,SR1705.ZCE,SR,6850.0,6884.0,6818.0,6837.0,6850.0,441122.0,424054.0,tushare_contract
SR.ZCE,2017-02-17,SR1705.ZCE,SR,6836.0,6865.0,6810.0,6840.0,6837.0,367504.0,422080.0,tushare_contract
SR.ZCE,2017-02-20,SR1705.ZCE,SR,6835.0,6870.0,6814.0,6837.0,6845.0,315734.0,421942.0,tushare_contract
SR.ZCE,2017-02-21,SR1705.ZCE,SR,6835.0,6906.0,6816.0,6843.0,6853.0,448452.0,413216.0,tushare_contract
SR.ZCE,2017-02-22,SR1705.ZCE,SR,6850.0,6887.0,6821.0,6861.0,6857.0,331854.0,392586.0,tushare_contract
SR.ZCE,2017-02-23,SR1705.ZCE,SR,6854.0,6879.0,6819.0,6865.0,6848.0,426376.0,398158.0,tushare_contract
SR.ZCE,2017-02-24,SR1705.ZCE,SR,6854.0,6863.0,6767.0,6791.0,6796.0,688014.0,436814.0,tushare_contract
SR.ZCE,2017-02-27,SR1705.ZCE,SR,6795.0,6799.0,6749.0,6783.0,6770.0,573504.0,465182.0,tushare_contract
SR.ZCE,2017-02-28,SR1705.ZCE,SR,6775.0,6792.0,6745.0,6755.0,6759.0,425176.0,486530.0,tushare_contract
SR.ZCE,2017-03-01,SR1705.ZCE,SR,6765.0,6843.0,6765.0,6836.0,6803.0,469148.0,461784.0,tushare_contract
SR.ZCE,2017-03-02,SR1705.ZCE,SR,6828.0,6855.0,6817.0,6834.0,6834.0,288610.0,450964.0,tushare_contract
SR.ZCE,2017-03-03,SR1705.ZCE,SR,6828.0,6918.0,6803.0,6916.0,6869.0,651410.0,455068.0,tushare_contract
SR.ZCE,2017-03-06,SR1705.ZCE,SR,6905.0,6910.0,6867.0,6885.0,6887.0,319942.0,428870.0,tushare_contract
SR.ZCE,2017-03-07,SR1705.ZCE,SR,6889.0,6896.0,6795.0,6806.0,6843.0,414166.0,429772.0,tushare_contract
SR.ZCE,2017-03-08,SR1705.ZCE,SR,6782.0,6787.0,6702.0,6723.0,6742.0,508614.0,454324.0,tushare_contract
SR.ZCE,2017-03-09,SR1705.ZCE,SR,6737.0,6789.0,6707.0,6771.0,6748.0,409208.0,446742.0,tushare_contract
SR.ZCE,2017-03-10,SR1705.ZCE,SR,6779.0,6784.0,6688.0,6758.0,6725.0,676892.0,480266.0,tushare_contract
SR.ZCE,2017-03-13,SR1705.ZCE,SR,6774.0,6816.0,6741.0,6769.0,6773.0,461634.0,462484.0,tushare_contract
SR.ZCE,2017-03-14,SR1705.ZCE,SR,6755.0,6803.0,6747.0,6766.0,6778.0,372732.0,436354.0,tushare_contract
SR.ZCE,2017-03-15,SR1705.ZCE,SR,6772.0,6840.0,6755.0,6809.0,6804.0,434492.0,418362.0,tushare_contract
SR.ZCE,2017-03-16,SR1705.ZCE,SR,6797.0,6828.0,6719.0,6741.0,6766.0,431752.0,441696.0,tushare_contract
SR.ZCE,2017-03-17,SR1705.ZCE,SR,6751.0,6764.0,6730.0,6749.0,6748.0,242174.0,440858.0,tushare_contract
SR.ZCE,2017-03-20,SR1705.ZCE,SR,6720.0,6766.0,6652.0,6736.0,6708.0,658540.0,449780.0,tushare_contract
SR.ZCE,2017-03-21,SR1705.ZCE,SR,6720.0,6720.0,6663.0,6672.0,6688.0,358422.0,454012.0,tushare_contract
SR.ZCE,2017-03-22,SR1705.ZCE,SR,6642.0,6688.0,6599.0,6662.0,6633.0,560710.0,463718.0,tushare_contract
SR.ZCE,2017-03-23,SR1705.ZCE,SR,6656.0,6686.0,6641.0,6653.0,6661.0,252990.0,455050.0,tushare_contract
SR.ZCE,2017-03-24,SR1705.ZCE,SR,6643.0,6697.0,6634.0,6642.0,6669.0,285532.0,446642.0,tushare_contract
SR.ZCE,2017-03-27,SR1705.ZCE,SR,6663.0,6677.0,6584.0,6641.0,6628.0,387922.0,438030.0,tushare_contract
SR.ZCE,2017-03-28,SR1705.ZCE,SR,6643.0,6659.0,6594.0,6616.0,6623.0,257040.0,434952.0,tushare_contract
SR.ZCE,2017-03-29,SR1705.ZCE,SR,6629.0,6639.0,6583.0,6609.0,6611.0,303284.0,413544.0,tushare_contract
SR.ZCE,2017-03-30,SR1705.ZCE,SR,6573.0,6586.0,6477.0,6524.0,6525.0,482610.0,396628.0,tushare_contract
SR.ZCE,2017-03-31,SR1709.ZCE,SR,6560.0,6600.0,6543.0,6573.0,6574.0,385980.0,488596.0,tushare_contract
SR.ZCE,2017-04-05,SR1709.ZCE,SR,6472.0,6643.0,6467.0,6602.0,6554.0,388448.0,515650.0,tushare_contract
SR.ZCE,2017-04-06,SR1709.ZCE,SR,6588.0,6617.0,6563.0,6592.0,6594.0,351064.0,565474.0,tushare_contract
SR.ZCE,2017-04-07,SR1709.ZCE,SR,6600.0,6657.0,6576.0,6596.0,6623.0,486104.0,561556.0,tushare_contract
SR.ZCE,2017-04-10,SR1709.ZCE,SR,6613.0,6737.0,6606.0,6683.0,6682.0,573788.0,581238.0,tushare_contract
SR.ZCE,2017-04-11,SR1709.ZCE,SR,6683.0,6721.0,6670.0,6704.0,6695.0,334310.0,597016.0,tushare_contract
SR.ZCE,2017-04-12,SR1709.ZCE,SR,6686.0,6744.0,6645.0,6726.0,6693.0,549744.0,608712.0,tushare_contract
SR.ZCE,2017-04-13,SR1709.ZCE,SR,6739.0,6750.0,6670.0,6734.0,6704.0,492750.0,613492.0,tushare_contract
SR.ZCE,2017-04-14,SR1709.ZCE,SR,6745.0,6772.0,6704.0,6724.0,6739.0,485938.0,614746.0,tushare_contract
SR.ZCE,2017-04-17,SR1709.ZCE,SR,6729.0,6790.0,6720.0,6787.0,6751.0,401508.0,613534.0,tushare_contract
SR.ZCE,2017-04-18,SR1709.ZCE,SR,6777.0,6809.0,6751.0,6767.0,6778.0,506218.0,641242.0,tushare_contract
SR.ZCE,2017-04-19,SR1709.ZCE,SR,6790.0,6806.0,6727.0,6801.0,6772.0,430082.0,648424.0,tushare_contract
SR.ZCE,2017-04-20,SR1709.ZCE,SR,6804.0,6817.0,6751.0,6787.0,6779.0,471606.0,642840.0,tushare_contract
SR.ZCE,2017-04-21,SR1709.ZCE,SR,6791.0,6805.0,6760.0,6763.0,6780.0,388450.0,650356.0,tushare_contract
SR.ZCE,2017-04-24,SR1709.ZCE,SR,6767.0,6768.0,6652.0,6670.0,6692.0,884326.0,674012.0,tushare_contract
SR.ZCE,2017-04-25,SR1709.ZCE,SR,6676.0,6688.0,6635.0,6641.0,6655.0,453930.0,674616.0,tushare_contract
SR.ZCE,2017-04-26,SR1709.ZCE,SR,6650.0,6684.0,6637.0,6661.0,6660.0,341882.0,660342.0,tushare_contract
SR.ZCE,2017-04-27,SR1709.ZCE,SR,6666.0,6674.0,6595.0,6609.0,6627.0,547802.0,700862.0,tushare_contract
SR.ZCE,2017-04-28,SR1709.ZCE,SR,6618.0,6628.0,6590.0,6600.0,6611.0,315624.0,718486.0,tushare_contract
SR.ZCE,2017-05-02,SR1709.ZCE,SR,6641.0,6707.0,6638.0,6691.0,6675.0,328506.0,683210.0,tushare_contract
SR.ZCE,2017-05-03,SR1709.ZCE,SR,6682.0,6693.0,6653.0,6658.0,6673.0,266944.0,691698.0,tushare_contract
SR.ZCE,2017-05-04,SR1709.ZCE,SR,6655.0,6752.0,6642.0,6733.0,6707.0,565428.0,680176.0,tushare_contract
SR.ZCE,2017-05-05,SR1709.ZCE,SR,6717.0,6717.0,6653.0,6667.0,6675.0,505676.0,673920.0,tushare_contract
SR.ZCE,2017-05-08,SR1709.ZCE,SR,6685.0,6715.0,6623.0,6636.0,6658.0,429502.0,687264.0,tushare_contract
SR.ZCE,2017-05-09,SR1709.ZCE,SR,6628.0,6669.0,6613.0,6646.0,6647.0,293050.0,679286.0,tushare_contract
SR.ZCE,2017-05-10,SR1709.ZCE,SR,6663.0,6670.0,6609.0,6627.0,6633.0,433602.0,689728.0,tushare_contract
SR.ZCE,2017-05-11,SR1709.ZCE,SR,6641.0,6698.0,6628.0,6667.0,6668.0,504604.0,659766.0,tushare_contract
SR.ZCE,2017-05-12,SR1709.ZCE,SR,6654.0,6666.0,6625.0,6653.0,6645.0,276786.0,653512.0,tushare_contract
SR.ZCE,2017-05-15,SR1709.ZCE,SR,6648.0,6707.0,6648.0,6687.0,6678.0,347440.0,653664.0,tushare_contract
SR.ZCE,2017-05-16,SR1709.ZCE,SR,6722.0,6730.0,6670.0,6692.0,6694.0,301516.0,652424.0,tushare_contract
SR.ZCE,2017-05-17,SR1709.ZCE,SR,6708.0,6751.0,6693.0,6746.0,6721.0,453988.0,636826.0,tushare_contract
SR.ZCE,2017-05-18,SR1709.ZCE,SR,6755.0,6763.0,6701.0,6717.0,6736.0,496998.0,626608.0,tushare_contract
SR.ZCE,2017-05-19,SR1709.ZCE,SR,6681.0,6744.0,6675.0,6734.0,6721.0,333888.0,615130.0,tushare_contract
SR.ZCE,2017-05-22,SR1709.ZCE,SR,6750.0,6779.0,6653.0,6680.0,6722.0,857466.0,598922.0,tushare_contract
SR.ZCE,2017-05-23,SR1709.ZCE,SR,6690.0,6716.0,6673.0,6703.0,6694.0,261688.0,589650.0,tushare_contract
SR.ZCE,2017-05-24,SR1709.ZCE,SR,6700.0,6703.0,6655.0,6662.0,6674.0,330696.0,588680.0,tushare_contract
SR.ZCE,2017-05-25,SR1709.ZCE,SR,6649.0,6685.0,6637.0,6661.0,6665.0,279716.0,569134.0,tushare_contract
SR.ZCE,2017-05-26,SR1709.ZCE,SR,6660.0,6664.0,6630.0,6645.0,6647.0,239930.0,548678.0,tushare_contract
SR.ZCE,2017-05-31,SR1709.ZCE,SR,6614.0,6628.0,6551.0,6552.0,6585.0,372230.0,604714.0,tushare_contract
SR.ZCE,2017-06-01,SR1709.ZCE,SR,6555.0,6599.0,6521.0,6586.0,6563.0,315478.0,618380.0,tushare_contract
SR.ZCE,2017-06-02,SR1709.ZCE,SR,6578.0,6590.0,6553.0,6585.0,6571.0,276920.0,613810.0,tushare_contract
SR.ZCE,2017-06-05,SR1709.ZCE,SR,6588.0,6630.0,6547.0,6562.0,6581.0,368826.0,617128.0,tushare_contract
SR.ZCE,2017-06-06,SR1709.ZCE,SR,6573.0,6587.0,6536.0,6574.0,6562.0,356714.0,631232.0,tushare_contract
SR.ZCE,2017-06-07,SR1709.ZCE,SR,6568.0,6616.0,6556.0,6611.0,6594.0,287286.0,619270.0,tushare_contract
SR.ZCE,2017-06-08,SR1709.ZCE,SR,6610.0,6640.0,6591.0,6626.0,6613.0,288590.0,601592.0,tushare_contract
SR.ZCE,2017-06-09,SR1709.ZCE,SR,6619.0,6683.0,6618.0,6679.0,6660.0,368430.0,582764.0,tushare_contract
SR.ZCE,2017-06-12,SR1709.ZCE,SR,6661.0,6672.0,6642.0,6647.0,6661.0,203510.0,559106.0,tushare_contract
SR.ZCE,2017-06-13,SR1709.ZCE,SR,6651.0,6656.0,6585.0,6605.0,6614.0,299528.0,567398.0,tushare_contract
SR.ZCE,2017-06-14,SR1709.ZCE,SR,6606.0,6616.0,6581.0,6611.0,6598.0,213734.0,564110.0,tushare_contract
SR.ZCE,2017-06-15,SR1709.ZCE,SR,6598.0,6636.0,6592.0,6598.0,6612.0,293852.0,563600.0,tushare_contract
SR.ZCE,2017-06-16,SR1709.ZCE,SR,6600.0,6605.0,6549.0,6574.0,6575.0,401568.0,585952.0,tushare_contract
SR.ZCE,2017-06-19,SR1709.ZCE,SR,6571.0,6585.0,6500.0,6532.0,6534.0,476554.0,613724.0,tushare_contract
SR.ZCE,2017-06-20,SR1709.ZCE,SR,6531.0,6565.0,6518.0,6537.0,6542.0,287254.0,602816.0,tushare_contract
SR.ZCE,2017-06-21,SR1709.ZCE,SR,6530.0,6560.0,6526.0,6545.0,6547.0,206026.0,596672.0,tushare_contract
SR.ZCE,2017-06-22,SR1709.ZCE,SR,6538.0,6555.0,6450.0,6470.0,6487.0,488774.0,613338.0,tushare_contract
SR.ZCE,2017-06-23,SR1709.ZCE,SR,6467.0,6533.0,6454.0,6532.0,6494.0,366336.0,584938.0,tushare_contract
SR.ZCE,2017-06-26,SR1709.ZCE,SR,6527.0,6549.0,6522.0,6537.0,6535.0,195536.0,568246.0,tushare_contract
SR.ZCE,2017-06-27,SR1709.ZCE,SR,6520.0,6520.0,6456.0,6464.0,6485.0,401326.0,551530.0,tushare_contract
SR.ZCE,2017-06-28,SR1709.ZCE,SR,6473.0,6477.0,6360.0,6387.0,6414.0,647774.0,584816.0,tushare_contract
SR.ZCE,2017-06-29,SR1709.ZCE,SR,6388.0,6395.0,6358.0,6370.0,6379.0,316812.0,583924.0,tushare_contract
SR.ZCE,2017-06-30,SR1709.ZCE,SR,6370.0,6448.0,6362.0,6378.0,6405.0,445252.0,588752.0,tushare_contract
SR.ZCE,2017-07-03,SR1709.ZCE,SR,6365.0,6401.0,6303.0,6372.0,6375.0,414698.0,583520.0,tushare_contract
SR.ZCE,2017-07-04,SR1709.ZCE,SR,6359.0,6381.0,6246.0,6257.0,6301.0,491356.0,604166.0,tushare_contract
SR.ZCE,2017-07-05,SR1709.ZCE,SR,6256.0,6259.0,6150.0,6174.0,6190.0,621388.0,581736.0,tushare_contract
SR.ZCE,2017-07-06,SR1709.ZCE,SR,6167.0,6187.0,6123.0,6170.0,6163.0,503376.0,579988.0,tushare_contract
SR.ZCE,2017-07-07,SR1709.ZCE,SR,6186.0,6235.0,6128.0,6137.0,6165.0,408230.0,595286.0,tushare_contract
SR.ZCE,2017-07-10,SR1709.ZCE,SR,6150.0,6232.0,6133.0,6202.0,6183.0,452612.0,550862.0,tushare_contract
SR.ZCE,2017-07-11,SR1709.ZCE,SR,6192.0,6229.0,6158.0,6202.0,6191.0,381408.0,541430.0,tushare_contract
SR.ZCE,2017-07-12,SR1709.ZCE,SR,6192.0,6245.0,6177.0,6206.0,6221.0,417678.0,542764.0,tushare_contract
SR.ZCE,2017-07-13,SR1709.ZCE,SR,6206.0,6224.0,6186.0,6218.0,6209.0,239066.0,539198.0,tushare_contract
SR.ZCE,2017-07-14,SR1709.ZCE,SR,6246.0,6295.0,6231.0,6272.0,6259.0,436182.0,494814.0,tushare_contract
SR.ZCE,2017-07-17,SR1801.ZCE,SR,6290.0,6296.0,6185.0,6187.0,6244.0,282156.0,532278.0,tushare_contract
SR.ZCE,2017-07-18,SR1801.ZCE,SR,6180.0,6270.0,6166.0,6231.0,6219.0,271156.0,529640.0,tushare_contract
SR.ZCE,2017-07-19,SR1801.ZCE,SR,6228.0,6240.0,6195.0,6237.0,6217.0,198468.0,539802.0,tushare_contract
SR.ZCE,2017-07-20,SR1801.ZCE,SR,6249.0,6306.0,6236.0,6274.0,6278.0,288850.0,535582.0,tushare_contract
SR.ZCE,2017-07-21,SR1801.ZCE,SR,6268.0,6287.0,6259.0,6271.0,6274.0,162484.0,542642.0,tushare_contract
SR.ZCE,2017-07-24,SR1801.ZCE,SR,6272.0,6273.0,6189.0,6211.0,6225.0,223638.0,555930.0,tushare_contract
SR.ZCE,2017-07-25,SR1801.ZCE,SR,6216.0,6235.0,6198.0,6210.0,6215.0,215056.0,581390.0,tushare_contract
SR.ZCE,2017-07-26,SR1801.ZCE,SR,6200.0,6214.0,6100.0,6106.0,6142.0,486102.0,616620.0,tushare_contract
SR.ZCE,2017-07-27,SR1801.ZCE,SR,6102.0,6142.0,6090.0,6119.0,6117.0,280954.0,622888.0,tushare_contract
SR.ZCE,2017-07-28,SR1801.ZCE,SR,6150.0,6160.0,6040.0,6046.0,6092.0,409852.0,650776.0,tushare_contract
SR.ZCE,2017-07-31,SR1801.ZCE,SR,6045.0,6055.0,5992.0,6030.0,6026.0,433814.0,671126.0,tushare_contract
SR.ZCE,2017-08-01,SR1801.ZCE,SR,6065.0,6144.0,6055.0,6128.0,6110.0,498088.0,655436.0,tushare_contract
SR.ZCE,2017-08-02,SR1801.ZCE,SR,6136.0,6160.0,6080.0,6153.0,6121.0,493738.0,657610.0,tushare_contract
SR.ZCE,2017-08-03,SR1801.ZCE,SR,6157.0,6207.0,6136.0,6157.0,6165.0,438194.0,653690.0,tushare_contract
SR.ZCE,2017-08-04,SR1801.ZCE,SR,6160.0,6198.0,6139.0,6188.0,6170.0,367082.0,657578.0,tushare_contract
SR.ZCE,2017-08-07,SR1801.ZCE,SR,6187.0,6293.0,6180.0,6249.0,6233.0,609158.0,657148.0,tushare_contract
SR.ZCE,2017-08-08,SR1801.ZCE,SR,6232.0,6247.0,6208.0,6232.0,6228.0,303018.0,664432.0,tushare_contract
SR.ZCE,2017-08-09,SR1801.ZCE,SR,6235.0,6250.0,6156.0,6209.0,6203.0,582794.0,694208.0,tushare_contract
SR.ZCE,2017-08-10,SR1801.ZCE,SR,6205.0,6266.0,6198.0,6233.0,6233.0,491082.0,692358.0,tushare_contract
SR.ZCE,2017-08-11,SR1801.ZCE,SR,6225.0,6256.0,6194.0,6238.0,6231.0,548012.0,690078.0,tushare_contract
SR.ZCE,2017-08-14,SR1801.ZCE,SR,6236.0,6270.0,6226.0,6247.0,6245.0,522900.0,712082.0,tushare_contract
SR.ZCE,2017-08-15,SR1801.ZCE,SR,6231.0,6323.0,6208.0,6300.0,6285.0,831712.0,734628.0,tushare_contract
SR.ZCE,2017-08-16,SR1801.ZCE,SR,6285.0,6304.0,6261.0,6300.0,6286.0,395640.0,734606.0,tushare_contract
SR.ZCE,2017-08-17,SR1801.ZCE,SR,6302.0,6335.0,6271.0,6319.0,6302.0,609640.0,737466.0,tushare_contract
SR.ZCE,2017-08-18,SR1801.ZCE,SR,6330.0,6362.0,6311.0,6355.0,6341.0,531184.0,734990.0,tushare_contract
SR.ZCE,2017-08-21,SR1801.ZCE,SR,6359.0,6364.0,6312.0,6355.0,6341.0,437524.0,726316.0,tushare_contract
SR.ZCE,2017-08-22,SR1801.ZCE,SR,6361.0,6378.0,6327.0,6372.0,6357.0,351784.0,734766.0,tushare_contract
SR.ZCE,2017-08-23,SR1801.ZCE,SR,6360.0,6368.0,6285.0,6315.0,6328.0,471854.0,740758.0,tushare_contract
SR.ZCE,2017-08-24,SR1801.ZCE,SR,6326.0,6343.0,6310.0,6332.0,6329.0,262452.0,732864.0,tushare_contract
SR.ZCE,2017-08-25,SR1801.ZCE,SR,6342.0,6446.0,6338.0,6427.0,6399.0,649980.0,753306.0,tushare_contract
SR.ZCE,2017-08-28,SR1801.ZCE,SR,6429.0,6490.0,6403.0,6489.0,6454.0,507274.0,753240.0,tushare_contract
SR.ZCE,2017-08-29,SR1801.ZCE,SR,6485.0,6494.0,6444.0,6467.0,6469.0,379912.0,754686.0,tushare_contract
SR.ZCE,2017-08-30,SR1801.ZCE,SR,6440.0,6442.0,6371.0,6379.0,6414.0,455160.0,723670.0,tushare_contract
SR.ZCE,2017-08-31,SR1801.ZCE,SR,6380.0,6430.0,6380.0,6396.0,6410.0,352798.0,730844.0,tushare_contract
SR.ZCE,2017-09-01,SR1801.ZCE,SR,6416.0,6440.0,6402.0,6413.0,6418.0,265528.0,732826.0,tushare_contract
SR.ZCE,2017-09-04,SR1801.ZCE,SR,6415.0,6417.0,6335.0,6362.0,6359.0,479788.0,739040.0,tushare_contract
SR.ZCE,2017-09-05,SR1801.ZCE,SR,6366.0,6390.0,6348.0,6363.0,6369.0,307566.0,742216.0,tushare_contract
SR.ZCE,2017-09-06,SR1801.ZCE,SR,6375.0,6386.0,6281.0,6283.0,6348.0,613590.0,738056.0,tushare_contract
SR.ZCE,2017-09-07,SR1801.ZCE,SR,6289.0,6307.0,6217.0,6221.0,6264.0,532792.0,716842.0,tushare_contract
SR.ZCE,2017-09-08,SR1801.ZCE,SR,6200.0,6217.0,6140.0,6148.0,6179.0,653584.0,697822.0,tushare_contract
SR.ZCE,2017-09-11,SR1801.ZCE,SR,6154.0,6185.0,6124.0,6152.0,6164.0,433538.0,702994.0,tushare_contract
SR.ZCE,2017-09-12,SR1801.ZCE,SR,6148.0,6193.0,6146.0,6161.0,6170.0,315344.0,712908.0,tushare_contract
SR.ZCE,2017-09-13,SR1801.ZCE,SR,6168.0,6186.0,6108.0,6140.0,6149.0,547950.0,704174.0,tushare_contract
SR.ZCE,2017-09-14,SR1801.ZCE,SR,6162.0,6227.0,6153.0,6192.0,6199.0,525118.0,692246.0,tushare_contract
SR.ZCE,2017-09-15,SR1801.ZCE,SR,6202.0,6216.0,6156.0,6184.0,6192.0,379308.0,676014.0,tushare_contract
SR.ZCE,2017-09-18,SR1801.ZCE,SR,6196.0,6252.0,6181.0,6181.0,6217.0,501236.0,689862.0,tushare_contract
SR.ZCE,2017-09-19,SR1801.ZCE,SR,6179.0,6188.0,6115.0,6143.0,6140.0,572188.0,704872.0,tushare_contract
SR.ZCE,2017-09-20,SR1801.ZCE,SR,6152.0,6188.0,6145.0,6160.0,6161.0,324560.0,675868.0,tushare_contract
SR.ZCE,2017-09-21,SR1801.ZCE,SR,6173.0,6178.0,6085.0,6135.0,6132.0,479692.0,693166.0,tushare_contract
SR.ZCE,2017-09-22,SR1801.ZCE,SR,6143.0,6175.0,6131.0,6155.0,6150.0,264906.0,674786.0,tushare_contract
SR.ZCE,2017-09-25,SR1801.ZCE,SR,6155.0,6205.0,6138.0,6148.0,6173.0,344648.0,673888.0,tushare_contract
SR.ZCE,2017-09-26,SR1801.ZCE,SR,6138.0,6151.0,6101.0,6142.0,6129.0,364484.0,682528.0,tushare_contract
SR.ZCE,2017-09-27,SR1801.ZCE,SR,6115.0,6132.0,6062.0,6121.0,6097.0,537626.0,694076.0,tushare_contract
SR.ZCE,2017-09-28,SR1801.ZCE,SR,6110.0,6160.0,6070.0,6086.0,6114.0,382380.0,674528.0,tushare_contract
SR.ZCE,2017-09-29,SR1801.ZCE,SR,6085.0,6139.0,6072.0,6117.0,6110.0,245188.0,650844.0,tushare_contract
SR.ZCE,2017-10-09,SR1801.ZCE,SR,6105.0,6148.0,6029.0,6034.0,6063.0,284060.0,672350.0,tushare_contract
SR.ZCE,2017-10-10,SR1801.ZCE,SR,6038.0,6127.0,6030.0,6126.0,6072.0,352792.0,683728.0,tushare_contract
SR.ZCE,2017-10-11,SR1801.ZCE,SR,6125.0,6195.0,6121.0,6185.0,6167.0,468560.0,680968.0,tushare_contract
SR.ZCE,2017-10-12,SR1801.ZCE,SR,6194.0,6230.0,6152.0,6221.0,6193.0,417402.0,692118.0,tushare_contract
SR.ZCE,2017-10-13,SR1801.ZCE,SR,6210.0,6282.0,6200.0,6265.0,6243.0,480420.0,700318.0,tushare_contract
SR.ZCE,2017-10-16,SR1801.ZCE,SR,6262.0,6272.0,6210.0,6271.0,6247.0,283496.0,690412.0,tushare_contract
SR.ZCE,2017-10-17,SR1801.ZCE,SR,6254.0,6282.0,6221.0,6267.0,6251.0,339822.0,696060.0,tushare_contract
SR.ZCE,2017-10-18,SR1801.ZCE,SR,6255.0,6289.0,6243.0,6269.0,6265.0,337016.0,707158.0,tushare_contract
SR.ZCE,2017-10-19,SR1801.ZCE,SR,6269.0,6272.0,6201.0,6220.0,6233.0,360844.0,710814.0,tushare_contract
SR.ZCE,2017-10-20,SR1801.ZCE,SR,6233.0,6250.0,6190.0,6197.0,6221.0,332170.0,710512.0,tushare_contract
SR.ZCE,2017-10-23,SR1801.ZCE,SR,6195.0,6240.0,6165.0,6238.0,6208.0,360566.0,713940.0,tushare_contract
SR.ZCE,2017-10-24,SR1801.ZCE,SR,6234.0,6256.0,6215.0,6252.0,6235.0,233652.0,712998.0,tushare_contract
SR.ZCE,2017-10-25,SR1801.ZCE,SR,6260.0,6384.0,6253.0,6375.0,6332.0,662944.0,749842.0,tushare_contract
SR.ZCE,2017-10-26,SR1801.ZCE,SR,6371.0,6397.0,6355.0,6387.0,6374.0,360380.0,733516.0,tushare_contract
SR.ZCE,2017-10-27,SR1801.ZCE,SR,6374.0,6420.0,6364.0,6399.0,6391.0,379156.0,738304.0,tushare_contract
SR.ZCE,2017-10-30,SR1801.ZCE,SR,6393.0,6439.0,6362.0,6375.0,6393.0,388580.0,736330.0,tushare_contract
SR.ZCE,2017-10-31,SR1801.ZCE,SR,6375.0,6394.0,6340.0,6362.0,6369.0,300304.0,716556.0,tushare_contract
SR.ZCE,2017-11-01,SR1801.ZCE,SR,6371.0,6379.0,6315.0,6328.0,6346.0,337678.0,697410.0,tushare_contract
SR.ZCE,2017-11-02,SR1801.ZCE,SR,6330.0,6402.0,6323.0,6365.0,6367.0,310522.0,693530.0,tushare_contract
SR.ZCE,2017-11-03,SR1801.ZCE,SR,6350.0,6386.0,6321.0,6386.0,6350.0,289334.0,691024.0,tushare_contract
SR.ZCE,2017-11-06,SR1801.ZCE,SR,6383.0,6465.0,6377.0,6418.0,6427.0,503164.0,703266.0,tushare_contract
SR.ZCE,2017-11-07,SR1801.ZCE,SR,6418.0,6452.0,6401.0,6440.0,6428.0,309354.0,705398.0,tushare_contract
SR.ZCE,2017-11-08,SR1801.ZCE,SR,6436.0,6470.0,6432.0,6449.0,6451.0,366300.0,720362.0,tushare_contract
SR.ZCE,2017-11-09,SR1801.ZCE,SR,6454.0,6538.0,6444.0,6507.0,6505.0,513596.0,760010.0,tushare_contract
SR.ZCE,2017-11-10,SR1801.ZCE,SR,6501.0,6516.0,6415.0,6435.0,6467.0,480450.0,745124.0,tushare_contract
SR.ZCE,2017-11-13,SR1801.ZCE,SR,6435.0,6520.0,6435.0,6492.0,6494.0,432564.0,758180.0,tushare_contract
SR.ZCE,2017-11-14,SR1801.ZCE,SR,6460.0,6519.0,6460.0,6494.0,6497.0,281534.0,753994.0,tushare_contract
SR.ZCE,2017-11-15,SR1801.ZCE,SR,6495.0,6506.0,6452.0,6479.0,6482.0,297702.0,745112.0,tushare_contract
SR.ZCE,2017-11-16,SR1801.ZCE,SR,6474.0,6493.0,6396.0,6414.0,6450.0,429252.0,726854.0,tushare_contract
SR.ZCE,2017-11-17,SR1801.ZCE,SR,6416.0,6442.0,6354.0,6363.0,6398.0,406876.0,720254.0,tushare_contract
SR.ZCE,2017-11-20,SR1801.ZCE,SR,6389.0,6399.0,6341.0,6397.0,6371.0,288066.0,702326.0,tushare_contract
SR.ZCE,2017-11-21,SR1801.ZCE,SR,6386.0,6440.0,6353.0,6387.0,6392.0,336620.0,693432.0,tushare_contract
SR.ZCE,2017-11-22,SR1801.ZCE,SR,6395.0,6406.0,6332.0,6355.0,6370.0,308194.0,687038.0,tushare_contract
SR.ZCE,2017-11-23,SR1801.ZCE,SR,6365.0,6393.0,6347.0,6388.0,6373.0,264330.0,660982.0,tushare_contract
SR.ZCE,2017-11-24,SR1801.ZCE,SR,6390.0,6419.0,6376.0,6409.0,6400.0,204842.0,659756.0,tushare_contract
SR.ZCE,2017-11-27,SR1801.ZCE,SR,6402.0,6510.0,6391.0,6487.0,6466.0,383736.0,643204.0,tushare_contract
SR.ZCE,2017-11-28,SR1801.ZCE,SR,6488.0,6513.0,6471.0,6504.0,6489.0,241062.0,640002.0,tushare_contract
SR.ZCE,2017-11-29,SR1801.ZCE,SR,6498.0,6622.0,6450.0,6470.0,6513.0,436562.0,601768.0,tushare_contract
SR.ZCE,2017-11-30,SR1801.ZCE,SR,6453.0,6484.0,6364.0,6386.0,6421.0,287958.0,547050.0,tushare_contract
SR.ZCE,2017-12-01,SR1801.ZCE,SR,6392.0,6450.0,6387.0,6413.0,6417.0,184406.0,547228.0,tushare_contract
SR.ZCE,2017-12-04,SR1801.ZCE,SR,6410.0,6453.0,6385.0,6430.0,6422.0,163982.0,541502.0,tushare_contract
SR.ZCE,2017-12-05,SR1801.ZCE,SR,6417.0,6514.0,6417.0,6494.0,6475.0,154936.0,524510.0,tushare_contract
SR.ZCE,2017-12-06,SR1801.ZCE,SR,6495.0,6522.0,6479.0,6506.0,6500.0,101762.0,510974.0,tushare_contract
SR.ZCE,2017-12-07,SR1801.ZCE,SR,6506.0,6530.0,6481.0,6517.0,6503.0,92776.0,504918.0,tushare_contract
SR.ZCE,2017-12-08,SR1801.ZCE,SR,6510.0,6538.0,6498.0,6536.0,6511.0,83016.0,499054.0,tushare_contract
SR.ZCE,2017-12-11,SR1801.ZCE,SR,6550.0,6560.0,6507.0,6530.0,6529.0,122060.0,481226.0,tushare_contract
SR.ZCE,2017-12-12,SR1801.ZCE,SR,6529.0,6535.0,6487.0,6498.0,6511.0,93572.0,465190.0,tushare_contract
SR.ZCE,2017-12-13,SR1801.ZCE,SR,6497.0,6499.0,6333.0,6342.0,6413.0,227692.0,380792.0,tushare_contract
SR.ZCE,2017-12-14,SR1805.ZCE,SR,6031.0,6037.0,5952.0,5959.0,5987.0,378916.0,472344.0,tushare_contract
SR.ZCE,2017-12-15,SR1805.ZCE,SR,5967.0,5990.0,5960.0,5961.0,5975.0,196022.0,475290.0,tushare_contract
SR.ZCE,2017-12-18,SR1805.ZCE,SR,5974.0,6023.0,5965.0,5994.0,5989.0,272612.0,459570.0,tushare_contract
SR.ZCE,2017-12-19,SR1805.ZCE,SR,6000.0,6005.0,5950.0,5968.0,5979.0,255056.0,458632.0,tushare_contract
SR.ZCE,2017-12-20,SR1805.ZCE,SR,5974.0,6025.0,5964.0,5970.0,5994.0,291240.0,442268.0,tushare_contract
SR.ZCE,2017-12-21,SR1805.ZCE,SR,5975.0,5988.0,5932.0,5977.0,5959.0,361168.0,442268.0,tushare_contract
SR.ZCE,2017-12-22,SR1805.ZCE,SR,5987.0,5990.0,5946.0,5961.0,5964.0,254790.0,445942.0,tushare_contract
SR.ZCE,2017-12-25,SR1805.ZCE,SR,5955.0,6000.0,5917.0,5980.0,5961.0,298452.0,435758.0,tushare_contract
SR.ZCE,2017-12-26,SR1805.ZCE,SR,5977.0,5997.0,5954.0,5967.0,5973.0,204144.0,431828.0,tushare_contract
SR.ZCE,2017-12-27,SR1805.ZCE,SR,5975.0,5980.0,5920.0,5924.0,5947.0,316872.0,463756.0,tushare_contract
SR.ZCE,2017-12-28,SR1805.ZCE,SR,5921.0,5957.0,5909.0,5938.0,5939.0,256536.0,455678.0,tushare_contract
SR.ZCE,2017-12-29,SR1805.ZCE,SR,5936.0,5950.0,5921.0,5937.0,5938.0,159692.0,453844.0,tushare_contract
SR.ZCE,2018-01-02,SR1805.ZCE,SR,5923.0,5965.0,5885.0,5897.0,5921.0,328678.0,476462.0,tushare_contract
SR.ZCE,2018-01-03,SR1805.ZCE,SR,5893.0,5917.0,5891.0,5905.0,5903.0,231028.0,480132.0,tushare_contract
SR.ZCE,2018-01-04,SR1805.ZCE,SR,5898.0,5898.0,5829.0,5858.0,5857.0,496558.0,492682.0,tushare_contract
SR.ZCE,2018-01-05,SR1805.ZCE,SR,5843.0,5873.0,5835.0,5867.0,5852.0,313370.0,492040.0,tushare_contract
SR.ZCE,2018-01-08,SR1805.ZCE,SR,5864.0,5885.0,5850.0,5874.0,5869.0,225162.0,490912.0,tushare_contract
SR.ZCE,2018-01-09,SR1805.ZCE,SR,5868.0,5888.0,5848.0,5864.0,5866.0,311858.0,503782.0,tushare_contract
SR.ZCE,2018-01-10,SR1805.ZCE,SR,5864.0,5885.0,5859.0,5877.0,5873.0,221964.0,491724.0,tushare_contract
SR.ZCE,2018-01-11,SR1805.ZCE,SR,5882.0,5890.0,5853.0,5872.0,5873.0,223696.0,496638.0,tushare_contract
SR.ZCE,2018-01-12,SR1805.ZCE,SR,5851.0,5869.0,5846.0,5862.0,5860.0,186336.0,501540.0,tushare_contract
SR.ZCE,2018-01-15,SR1805.ZCE,SR,5870.0,5876.0,5805.0,5815.0,5833.0,400942.0,548302.0,tushare_contract
SR.ZCE,2018-01-16,SR1805.ZCE,SR,5812.0,5825.0,5808.0,5815.0,5818.0,167616.0,547052.0,tushare_contract
SR.ZCE,2018-01-17,SR1805.ZCE,SR,5810.0,5830.0,5779.0,5785.0,5801.0,364134.0,540430.0,tushare_contract
SR.ZCE,2018-01-18,SR1805.ZCE,SR,5785.0,5800.0,5765.0,5768.0,5785.0,265608.0,559110.0,tushare_contract
SR.ZCE,2018-01-19,SR1805.ZCE,SR,5772.0,5774.0,5721.0,5759.0,5749.0,407074.0,557168.0,tushare_contract
SR.ZCE,2018-01-22,SR1805.ZCE,SR,5750.0,5771.0,5736.0,5769.0,5754.0,324332.0,578640.0,tushare_contract
SR.ZCE,2018-01-23,SR1805.ZCE,SR,5762.0,5777.0,5751.0,5757.0,5763.0,228914.0,573386.0,tushare_contract
SR.ZCE,2018-01-24,SR1805.ZCE,SR,5778.0,5828.0,5776.0,5792.0,5802.0,437816.0,551284.0,tushare_contract
SR.ZCE,2018-01-25,SR1805.ZCE,SR,5793.0,5820.0,5784.0,5796.0,5803.0,216010.0,537330.0,tushare_contract
SR.ZCE,2018-01-26,SR1805.ZCE,SR,5805.0,5824.0,5780.0,5787.0,5803.0,244478.0,557852.0,tushare_contract
SR.ZCE,2018-01-29,SR1805.ZCE,SR,5791.0,5805.0,5745.0,5764.0,5771.0,264664.0,572088.0,tushare_contract
SR.ZCE,2018-01-30,SR1805.ZCE,SR,5768.0,5781.0,5755.0,5757.0,5769.0,187240.0,567820.0,tushare_contract
SR.ZCE,2018-01-31,SR1805.ZCE,SR,5762.0,5856.0,5760.0,5807.0,5812.0,498220.0,535804.0,tushare_contract
SR.ZCE,2018-02-01,SR1805.ZCE,SR,5807.0,5812.0,5755.0,5784.0,5778.0,340518.0,525706.0,tushare_contract
SR.ZCE,2018-02-02,SR1805.ZCE,SR,5788.0,5808.0,5770.0,5778.0,5790.0,241922.0,518066.0,tushare_contract
SR.ZCE,2018-02-05,SR1805.ZCE,SR,5775.0,5796.0,5770.0,5784.0,5784.0,186458.0,517224.0,tushare_contract
SR.ZCE,2018-02-06,SR1805.ZCE,SR,5779.0,5799.0,5763.0,5782.0,5785.0,264336.0,509196.0,tushare_contract
SR.ZCE,2018-02-07,SR1805.ZCE,SR,5781.0,5784.0,5755.0,5760.0,5769.0,239740.0,507686.0,tushare_contract
SR.ZCE,2018-02-08,SR1805.ZCE,SR,5758.0,5797.0,5755.0,5788.0,5783.0,246772.0,492872.0,tushare_contract
SR.ZCE,2018-02-09,SR1805.ZCE,SR,5785.0,5802.0,5738.0,5738.0,5772.0,293932.0,502692.0,tushare_contract
SR.ZCE,2018-02-12,SR1805.ZCE,SR,5738.0,5798.0,5734.0,5798.0,5772.0,216434.0,477832.0,tushare_contract
SR.ZCE,2018-02-13,SR1805.ZCE,SR,5798.0,5816.0,5783.0,5788.0,5797.0,163732.0,445698.0,tushare_contract
SR.ZCE,2018-02-14,SR1805.ZCE,SR,5791.0,5791.0,5753.0,5759.0,5768.0,133582.0,434788.0,tushare_contract
SR.ZCE,2018-02-22,SR1805.ZCE,SR,5776.0,5776.0,5710.0,5749.0,5738.0,120258.0,441660.0,tushare_contract
SR.ZCE,2018-02-23,SR1805.ZCE,SR,5744.0,5803.0,5743.0,5802.0,5779.0,196386.0,443832.0,tushare_contract
SR.ZCE,2018-02-26,SR1805.ZCE,SR,5806.0,5814.0,5784.0,5808.0,5799.0,200084.0,454492.0,tushare_contract
SR.ZCE,2018-02-27,SR1805.ZCE,SR,5810.0,5825.0,5785.0,5786.0,5799.0,200270.0,460114.0,tushare_contract
SR.ZCE,2018-02-28,SR1805.ZCE,SR,5789.0,5796.0,5737.0,5772.0,5761.0,269374.0,445866.0,tushare_contract
SR.ZCE,2018-03-01,SR1805.ZCE,SR,5775.0,5796.0,5759.0,5767.0,5777.0,226280.0,447648.0,tushare_contract
SR.ZCE,2018-03-02,SR1805.ZCE,SR,5768.0,5782.0,5750.0,5759.0,5771.0,229256.0,439166.0,tushare_contract
SR.ZCE,2018-03-05,SR1805.ZCE,SR,5757.0,5780.0,5721.0,5722.0,5752.0,282312.0,449180.0,tushare_contract
SR.ZCE,2018-03-06,SR1805.ZCE,SR,5722.0,5740.0,5668.0,5669.0,5702.0,413924.0,483320.0,tushare_contract
SR.ZCE,2018-03-07,SR1805.ZCE,SR,5674.0,5682.0,5635.0,5669.0,5661.0,430856.0,485126.0,tushare_contract
SR.ZCE,2018-03-08,SR1805.ZCE,SR,5663.0,5678.0,5643.0,5656.0,5661.0,236538.0,479046.0,tushare_contract
SR.ZCE,2018-03-09,SR1805.ZCE,SR,5670.0,5673.0,5604.0,5622.0,5637.0,255282.0,477772.0,tushare_contract
SR.ZCE,2018-03-12,SR1805.ZCE,SR,5627.0,5687.0,5623.0,5665.0,5662.0,276864.0,450264.0,tushare_contract
SR.ZCE,2018-03-13,SR1805.ZCE,SR,5672.0,5684.0,5660.0,5680.0,5674.0,180854.0,442762.0,tushare_contract
SR.ZCE,2018-03-14,SR1805.ZCE,SR,5676.0,5740.0,5666.0,5689.0,5689.0,229182.0,426208.0,tushare_contract
SR.ZCE,2018-03-15,SR1805.ZCE,SR,5685.0,5715.0,5679.0,5708.0,5700.0,220934.0,405664.0,tushare_contract
SR.ZCE,2018-03-16,SR1805.ZCE,SR,5702.0,5718.0,5681.0,5685.0,5700.0,187088.0,397364.0,tushare_contract
SR.ZCE,2018-03-19,SR1805.ZCE,SR,5690.0,5746.0,5685.0,5721.0,5721.0,249206.0,371052.0,tushare_contract
SR.ZCE,2018-03-20,SR1805.ZCE,SR,5720.0,5727.0,5688.0,5704.0,5708.0,200216.0,361246.0,tushare_contract
SR.ZCE,2018-03-21,SR1805.ZCE,SR,5700.0,5713.0,5641.0,5664.0,5671.0,312412.0,355800.0,tushare_contract
SR.ZCE,2018-03-22,SR1805.ZCE,SR,5675.0,5683.0,5654.0,5678.0,5669.0,158658.0,348964.0,tushare_contract
SR.ZCE,2018-03-23,SR1805.ZCE,SR,5669.0,5688.0,5632.0,5666.0,5665.0,275196.0,327728.0,tushare_contract
SR.ZCE,2018-03-26,SR1805.ZCE,SR,5660.0,5670.0,5625.0,5662.0,5648.0,261678.0,333466.0,tushare_contract
SR.ZCE,2018-03-27,SR1805.ZCE,SR,5646.0,5679.0,5641.0,5657.0,5662.0,205496.0,316234.0,tushare_contract
SR.ZCE,2018-03-28,SR1805.ZCE,SR,5657.0,5677.0,5636.0,5640.0,5659.0,167604.0,307192.0,tushare_contract
SR.ZCE,2018-03-29,SR1805.ZCE,SR,5635.0,5653.0,5566.0,5597.0,5618.0,264696.0,296964.0,tushare_contract
SR.ZCE,2018-03-30,SR1809.ZCE,SR,5529.0,5566.0,5511.0,5551.0,5540.0,197154.0,360480.0,tushare_contract
SR.ZCE,2018-04-02,SR1809.ZCE,SR,5560.0,5610.0,5550.0,5568.0,5572.0,167626.0,363038.0,tushare_contract
SR.ZCE,2018-04-03,SR1809.ZCE,SR,5572.0,5576.0,5533.0,5538.0,5555.0,152980.0,380182.0,tushare_contract
SR.ZCE,2018-04-04,SR1809.ZCE,SR,5550.0,5550.0,5527.0,5550.0,5537.0,147760.0,374258.0,tushare_contract
SR.ZCE,2018-04-09,SR1809.ZCE,SR,5560.0,5564.0,5456.0,5551.0,5535.0,160976.0,382254.0,tushare_contract
SR.ZCE,2018-04-10,SR1809.ZCE,SR,5552.0,5583.0,5551.0,5577.0,5571.0,210834.0,407370.0,tushare_contract
SR.ZCE,2018-04-11,SR1809.ZCE,SR,5554.0,5584.0,5543.0,5566.0,5568.0,225522.0,423600.0,tushare_contract
SR.ZCE,2018-04-12,SR1809.ZCE,SR,5563.0,5568.0,5520.0,5520.0,5540.0,263942.0,440096.0,tushare_contract
SR.ZCE,2018-04-13,SR1809.ZCE,SR,5524.0,5540.0,5505.0,5527.0,5525.0,248472.0,449416.0,tushare_contract
SR.ZCE,2018-04-16,SR1809.ZCE,SR,5538.0,5550.0,5466.0,5476.0,5503.0,353892.0,478504.0,tushare_contract
SR.ZCE,2018-04-17,SR1809.ZCE,SR,5482.0,5493.0,5426.0,5431.0,5456.0,295566.0,496638.0,tushare_contract
SR.ZCE,2018-04-18,SR1809.ZCE,SR,5425.0,5464.0,5408.0,5432.0,5437.0,301440.0,517518.0,tushare_contract
SR.ZCE,2018-04-19,SR1809.ZCE,SR,5435.0,5495.0,5427.0,5475.0,5466.0,290674.0,517332.0,tushare_contract
SR.ZCE,2018-04-20,SR1809.ZCE,SR,5482.0,5504.0,5472.0,5500.0,5489.0,292134.0,530818.0,tushare_contract
SR.ZCE,2018-04-23,SR1809.ZCE,SR,5489.0,5496.0,5466.0,5479.0,5481.0,197092.0,534246.0,tushare_contract
SR.ZCE,2018-04-24,SR1809.ZCE,SR,5471.0,5475.0,5424.0,5448.0,5446.0,289598.0,538428.0,tushare_contract
SR.ZCE,2018-04-25,SR1809.ZCE,SR,5449.0,5517.0,5441.0,5499.0,5488.0,503700.0,577678.0,tushare_contract
SR.ZCE,2018-04-26,SR1809.ZCE,SR,5480.0,5509.0,5461.0,5492.0,5487.0,317230.0,578256.0,tushare_contract
SR.ZCE,2018-04-27,SR1809.ZCE,SR,5492.0,5503.0,5431.0,5437.0,5464.0,351754.0,576804.0,tushare_contract
SR.ZCE,2018-05-02,SR1809.ZCE,SR,5450.0,5457.0,5378.0,5403.0,5420.0,242838.0,583448.0,tushare_contract
SR.ZCE,2018-05-03,SR1809.ZCE,SR,5392.0,5427.0,5392.0,5408.0,5412.0,246938.0,595744.0,tushare_contract
SR.ZCE,2018-05-04,SR1809.ZCE,SR,5406.0,5419.0,5398.0,5410.0,5411.0,220012.0,595448.0,tushare_contract
SR.ZCE,2018-05-07,SR1809.ZCE,SR,5405.0,5434.0,5401.0,5424.0,5418.0,278350.0,601680.0,tushare_contract
SR.ZCE,2018-05-08,SR1809.ZCE,SR,5425.0,5435.0,5407.0,5417.0,5418.0,192738.0,601706.0,tushare_contract
SR.ZCE,2018-05-09,SR1809.ZCE,SR,5419.0,5439.0,5412.0,5415.0,5425.0,255586.0,595208.0,tushare_contract
SR.ZCE,2018-05-10,SR1809.ZCE,SR,5414.0,5425.0,5410.0,5412.0,5417.0,198890.0,595062.0,tushare_contract
SR.ZCE,2018-05-11,SR1809.ZCE,SR,5411.0,5449.0,5382.0,5435.0,5427.0,312972.0,592462.0,tushare_contract
SR.ZCE,2018-05-14,SR1809.ZCE,SR,5435.0,5537.0,5427.0,5485.0,5478.0,469384.0,571904.0,tushare_contract
SR.ZCE,2018-05-15,SR1809.ZCE,SR,5490.0,5494.0,5461.0,5476.0,5475.0,283470.0,576824.0,tushare_contract
SR.ZCE,2018-05-16,SR1809.ZCE,SR,5476.0,5510.0,5473.0,5493.0,5494.0,409576.0,585594.0,tushare_contract
SR.ZCE,2018-05-17,SR1809.ZCE,SR,5495.0,5534.0,5490.0,5511.0,5512.0,398248.0,598842.0,tushare_contract
SR.ZCE,2018-05-18,SR1809.ZCE,SR,5525.0,5545.0,5486.0,5498.0,5514.0,399246.0,589056.0,tushare_contract
SR.ZCE,2018-05-21,SR1809.ZCE,SR,5506.0,5535.0,5488.0,5523.0,5518.0,310826.0,596160.0,tushare_contract
SR.ZCE,2018-05-22,SR1809.ZCE,SR,5541.0,5569.0,5511.0,5519.0,5544.0,491596.0,613404.0,tushare_contract
SR.ZCE,2018-05-23,SR1809.ZCE,SR,5523.0,5540.0,5492.0,5512.0,5518.0,369250.0,606248.0,tushare_contract
SR.ZCE,2018-05-24,SR1809.ZCE,SR,5521.0,5555.0,5520.0,5538.0,5539.0,414186.0,601640.0,tushare_contract
SR.ZCE,2018-05-25,SR1809.ZCE,SR,5548.0,5555.0,5506.0,5524.0,5528.0,283046.0,600628.0,tushare_contract
SR.ZCE,2018-05-28,SR1809.ZCE,SR,5521.0,5541.0,5446.0,5451.0,5489.0,526366.0,607946.0,tushare_contract
SR.ZCE,2018-05-29,SR1809.ZCE,SR,5452.0,5479.0,5437.0,5458.0,5461.0,298584.0,592260.0,tushare_contract
SR.ZCE,2018-05-30,SR1809.ZCE,SR,5458.0,5477.0,5445.0,5463.0,5463.0,287506.0,592096.0,tushare_contract
SR.ZCE,2018-05-31,SR1809.ZCE,SR,5465.0,5482.0,5450.0,5455.0,5464.0,291788.0,596660.0,tushare_contract
SR.ZCE,2018-06-01,SR1809.ZCE,SR,5464.0,5533.0,5407.0,5482.0,5486.0,605152.0,592474.0,tushare_contract
SR.ZCE,2018-06-04,SR1809.ZCE,SR,5493.0,5507.0,5475.0,5498.0,5495.0,298856.0,591842.0,tushare_contract
SR.ZCE,2018-06-05,SR1809.ZCE,SR,5500.0,5513.0,5435.0,5453.0,5465.0,352530.0,586648.0,tushare_contract
SR.ZCE,2018-06-06,SR1809.ZCE,SR,5460.0,5466.0,5402.0,5404.0,5433.0,372340.0,608222.0,tushare_contract
SR.ZCE,2018-06-07,SR1809.ZCE,SR,5405.0,5421.0,5391.0,5410.0,5409.0,312412.0,613764.0,tushare_contract
SR.ZCE,2018-06-08,SR1809.ZCE,SR,5388.0,5390.0,5238.0,5248.0,5305.0,877314.0,631098.0,tushare_contract
SR.ZCE,2018-06-11,SR1809.ZCE,SR,5257.0,5297.0,5254.0,5277.0,5275.0,358850.0,602748.0,tushare_contract
SR.ZCE,2018-06-12,SR1809.ZCE,SR,5289.0,5309.0,5274.0,5282.0,5287.0,262030.0,585002.0,tushare_contract
SR.ZCE,2018-06-13,SR1809.ZCE,SR,5283.0,5287.0,5195.0,5224.0,5230.0,465242.0,591960.0,tushare_contract
SR.ZCE,2018-06-14,SR1809.ZCE,SR,5235.0,5257.0,5211.0,5223.0,5234.0,331678.0,582192.0,tushare_contract
SR.ZCE,2018-06-15,SR1809.ZCE,SR,5220.0,5248.0,5200.0,5220.0,5228.0,265178.0,571068.0,tushare_contract
SR.ZCE,2018-06-19,SR1809.ZCE,SR,5215.0,5224.0,5090.0,5106.0,5142.0,405808.0,574658.0,tushare_contract
SR.ZCE,2018-06-20,SR1809.ZCE,SR,5110.0,5149.0,5107.0,5127.0,5132.0,301594.0,562886.0,tushare_contract
SR.ZCE,2018-06-21,SR1809.ZCE,SR,5133.0,5145.0,5112.0,5131.0,5127.0,233766.0,566964.0,tushare_contract
SR.ZCE,2018-06-22,SR1809.ZCE,SR,5131.0,5145.0,5095.0,5144.0,5115.0,391662.0,553972.0,tushare_contract
SR.ZCE,2018-06-25,SR1809.ZCE,SR,5150.0,5176.0,5142.0,5154.0,5161.0,286544.0,542516.0,tushare_contract
SR.ZCE,2018-06-26,SR1809.ZCE,SR,5153.0,5167.0,5127.0,5160.0,5153.0,247422.0,540274.0,tushare_contract
SR.ZCE,2018-06-27,SR1809.ZCE,SR,5161.0,5180.0,5152.0,5166.0,5164.0,214914.0,535982.0,tushare_contract
SR.ZCE,2018-06-28,SR1809.ZCE,SR,5145.0,5150.0,5098.0,5115.0,5124.0,436670.0,560156.0,tushare_contract
SR.ZCE,2018-06-29,SR1809.ZCE,SR,5128.0,5137.0,5110.0,5122.0,5126.0,246964.0,549554.0,tushare_contract
SR.ZCE,2018-07-02,SR1809.ZCE,SR,5111.0,5112.0,5052.0,5069.0,5072.0,484348.0,579558.0,tushare_contract
SR.ZCE,2018-07-03,SR1809.ZCE,SR,5050.0,5059.0,5006.0,5049.0,5037.0,419704.0,575152.0,tushare_contract
SR.ZCE,2018-07-04,SR1809.ZCE,SR,5050.0,5064.0,5016.0,5019.0,5046.0,307030.0,565204.0,tushare_contract
SR.ZCE,2018-07-05,SR1809.ZCE,SR,5005.0,5040.0,4939.0,4949.0,4997.0,637916.0,579302.0,tushare_contract
SR.ZCE,2018-07-06,SR1809.ZCE,SR,4942.0,4975.0,4869.0,4952.0,4923.0,829848.0,551230.0,tushare_contract
SR.ZCE,2018-07-09,SR1809.ZCE,SR,4950.0,4955.0,4902.0,4905.0,4932.0,377044.0,556386.0,tushare_contract
SR.ZCE,2018-07-10,SR1809.ZCE,SR,4912.0,4920.0,4850.0,4862.0,4895.0,452542.0,553032.0,tushare_contract
SR.ZCE,2018-07-11,SR1809.ZCE,SR,4865.0,4879.0,4790.0,4793.0,4830.0,651478.0,572570.0,tushare_contract
SR.ZCE,2018-07-12,SR1809.ZCE,SR,4793.0,4824.0,4772.0,4799.0,4797.0,649552.0,556306.0,tushare_contract
SR.ZCE,2018-07-13,SR1809.ZCE,SR,4789.0,4870.0,4752.0,4849.0,4835.0,863672.0,502050.0,tushare_contract
SR.ZCE,2018-07-16,SR1809.ZCE,SR,4844.0,4861.0,4823.0,4841.0,4841.0,392876.0,484116.0,tushare_contract
SR.ZCE,2018-07-17,SR1809.ZCE,SR,4880.0,4948.0,4871.0,4928.0,4922.0,801754.0,445682.0,tushare_contract
SR.ZCE,2018-07-18,SR1809.ZCE,SR,4928.0,4945.0,4912.0,4944.0,4928.0,372504.0,419770.0,tushare_contract
SR.ZCE,2018-07-19,SR1809.ZCE,SR,4949.0,4949.0,4910.0,4930.0,4927.0,445276.0,399008.0,tushare_contract
SR.ZCE,2018-07-20,SR1809.ZCE,SR,4920.0,4939.0,4833.0,4845.0,4898.0,572468.0,420936.0,tushare_contract
SR.ZCE,2018-07-23,SR1809.ZCE,SR,4869.0,4872.0,4828.0,4833.0,4849.0,466642.0,418058.0,tushare_contract
SR.ZCE,2018-07-24,SR1809.ZCE,SR,4833.0,4851.0,4803.0,4842.0,4831.0,422240.0,413122.0,tushare_contract
SR.ZCE,2018-07-25,SR1809.ZCE,SR,4850.0,4892.0,4844.0,4879.0,4871.0,537338.0,385066.0,tushare_contract
SR.ZCE,2018-07-26,SR1809.ZCE,SR,4880.0,4896.0,4862.0,4882.0,4878.0,289294.0,368534.0,tushare_contract
SR.ZCE,2018-07-27,SR1809.ZCE,SR,4870.0,4921.0,4839.0,4913.0,4883.0,426314.0,333172.0,tushare_contract
SR.ZCE,2018-07-30,SR1901.ZCE,SR,5095.0,5164.0,5090.0,5157.0,5133.0,372270.0,356670.0,tushare_contract
SR.ZCE,2018-07-31,SR1901.ZCE,SR,5165.0,5170.0,5111.0,5120.0,5131.0,339342.0,362566.0,tushare_contract
SR.ZCE,2018-08-01,SR1901.ZCE,SR,5110.0,5157.0,5039.0,5043.0,5087.0,704578.0,380476.0,tushare_contract
SR.ZCE,2018-08-02,SR1901.ZCE,SR,5038.0,5085.0,4962.0,5019.0,5031.0,739676.0,393064.0,tushare_contract
SR.ZCE,2018-08-03,SR1901.ZCE,SR,5020.0,5122.0,5012.0,5100.0,5082.0,813600.0,393876.0,tushare_contract
SR.ZCE,2018-08-06,SR1901.ZCE,SR,5119.0,5197.0,5082.0,5164.0,5145.0,827554.0,394690.0,tushare_contract
SR.ZCE,2018-08-07,SR1901.ZCE,SR,5167.0,5177.0,5116.0,5138.0,5148.0,599918.0,384176.0,tushare_contract
SR.ZCE,2018-08-08,SR1901.ZCE,SR,5142.0,5172.0,5117.0,5160.0,5146.0,577394.0,380484.0,tushare_contract
SR.ZCE,2018-08-09,SR1901.ZCE,SR,5155.0,5191.0,5131.0,5147.0,5162.0,578700.0,388020.0,tushare_contract
SR.ZCE,2018-08-10,SR1901.ZCE,SR,5152.0,5176.0,5119.0,5130.0,5148.0,535916.0,391866.0,tushare_contract
SR.ZCE,2018-08-13,SR1901.ZCE,SR,5114.0,5167.0,5100.0,5153.0,5147.0,557020.0,375134.0,tushare_contract
SR.ZCE,2018-08-14,SR1901.ZCE,SR,5145.0,5150.0,5054.0,5061.0,5113.0,606928.0,374312.0,tushare_contract
SR.ZCE,2018-08-15,SR1901.ZCE,SR,5073.0,5088.0,4952.0,4959.0,5035.0,809678.0,409446.0,tushare_contract
SR.ZCE,2018-08-16,SR1901.ZCE,SR,4959.0,4996.0,4851.0,4972.0,4930.0,1132540.0,377128.0,tushare_contract
SR.ZCE,2018-08-17,SR1901.ZCE,SR,4981.0,5007.0,4913.0,4916.0,4966.0,710240.0,373308.0,tushare_contract
SR.ZCE,2018-08-20,SR1901.ZCE,SR,4921.0,5040.0,4919.0,4990.0,4972.0,753362.0,366974.0,tushare_contract
SR.ZCE,2018-08-21,SR1901.ZCE,SR,4973.0,5006.0,4942.0,4997.0,4977.0,582684.0,374998.0,tushare_contract
SR.ZCE,2018-08-22,SR1901.ZCE,SR,4999.0,5025.0,4969.0,5003.0,5003.0,738544.0,379536.0,tushare_contract
SR.ZCE,2018-08-23,SR1901.ZCE,SR,4996.0,5035.0,4978.0,5002.0,5005.0,685148.0,375424.0,tushare_contract
SR.ZCE,2018-08-24,SR1901.ZCE,SR,5000.0,5107.0,4992.0,5090.0,5062.0,1252538.0,402540.0,tushare_contract
SR.ZCE,2018-08-27,SR1901.ZCE,SR,5095.0,5123.0,5066.0,5101.0,5092.0,598556.0,387092.0,tushare_contract
SR.ZCE,2018-08-28,SR1901.ZCE,SR,5105.0,5117.0,5041.0,5056.0,5078.0,557064.0,385504.0,tushare_contract
SR.ZCE,2018-08-29,SR1901.ZCE,SR,5048.0,5056.0,4981.0,4990.0,5015.0,799924.0,397384.0,tushare_contract
SR.ZCE,2018-08-30,SR1901.ZCE,SR,4998.0,5013.0,4963.0,4998.0,4993.0,505734.0,401880.0,tushare_contract
SR.ZCE,2018-08-31,SR1901.ZCE,SR,5000.0,5018.0,4983.0,5003.0,5002.0,496472.0,401682.0,tushare_contract
SR.ZCE,2018-09-03,SR1901.ZCE,SR,5008.0,5027.0,4931.0,4954.0,4972.0,568468.0,405044.0,tushare_contract
SR.ZCE,2018-09-04,SR1901.ZCE,SR,4954.0,4975.0,4914.0,4960.0,4947.0,666772.0,407164.0,tushare_contract
SR.ZCE,2018-09-05,SR1901.ZCE,SR,4965.0,4973.0,4945.0,4962.0,4957.0,336920.0,400744.0,tushare_contract
SR.ZCE,2018-09-06,SR1901.ZCE,SR,4965.0,5015.0,4956.0,4975.0,4985.0,568090.0,403120.0,tushare_contract
SR.ZCE,2018-09-07,SR1901.ZCE,SR,4970.0,4991.0,4922.0,4927.0,4957.0,532968.0,423972.0,tushare_contract
SR.ZCE,2018-09-10,SR1901.ZCE,SR,4939.0,4955.0,4861.0,4865.0,4917.0,671434.0,476980.0,tushare_contract
SR.ZCE,2018-09-11,SR1901.ZCE,SR,4870.0,4913.0,4840.0,4912.0,4885.0,584252.0,471432.0,tushare_contract
SR.ZCE,2018-09-12,SR1901.ZCE,SR,4905.0,4927.0,4884.0,4919.0,4908.0,558446.0,469898.0,tushare_contract
SR.ZCE,2018-09-13,SR1901.ZCE,SR,4919.0,4997.0,4914.0,4979.0,4964.0,644422.0,444788.0,tushare_contract
SR.ZCE,2018-09-14,SR1901.ZCE,SR,4983.0,5006.0,4951.0,4979.0,4980.0,603002.0,446524.0,tushare_contract
SR.ZCE,2018-09-17,SR1901.ZCE,SR,4956.0,5090.0,4948.0,4975.0,4996.0,1333092.0,486004.0,tushare_contract
SR.ZCE,2018-09-18,SR1901.ZCE,SR,4970.0,4983.0,4913.0,4929.0,4944.0,665564.0,473280.0,tushare_contract
SR.ZCE,2018-09-19,SR1901.ZCE,SR,4935.0,4937.0,4881.0,4919.0,4908.0,681410.0,456008.0,tushare_contract
SR.ZCE,2018-09-20,SR1901.ZCE,SR,4935.0,4959.0,4918.0,4935.0,4936.0,469636.0,437984.0,tushare_contract
SR.ZCE,2018-09-21,SR1901.ZCE,SR,4935.0,4955.0,4928.0,4930.0,4940.0,415072.0,422722.0,tushare_contract
SR.ZCE,2018-09-25,SR1901.ZCE,SR,4902.0,4979.0,4875.0,4969.0,4946.0,452368.0,429054.0,tushare_contract
SR.ZCE,2018-09-26,SR1901.ZCE,SR,4973.0,5041.0,4960.0,5039.0,4999.0,695374.0,452700.0,tushare_contract
SR.ZCE,2018-09-27,SR1901.ZCE,SR,5034.0,5037.0,4979.0,4996.0,5006.0,553522.0,411752.0,tushare_contract
SR.ZCE,2018-09-28,SR1901.ZCE,SR,4994.0,5020.0,4966.0,5001.0,4994.0,447014.0,387900.0,tushare_contract
SR.ZCE,2018-10-08,SR1901.ZCE,SR,5151.0,5167.0,5105.0,5137.0,5136.0,447976.0,369222.0,tushare_contract
SR.ZCE,2018-10-09,SR1901.ZCE,SR,5169.0,5249.0,5162.0,5183.0,5207.0,1067470.0,412178.0,tushare_contract
SR.ZCE,2018-10-10,SR1901.ZCE,SR,5186.0,5222.0,5127.0,5134.0,5174.0,825250.0,425508.0,tushare_contract
SR.ZCE,2018-10-11,SR1901.ZCE,SR,5132.0,5159.0,5051.0,5068.0,5097.0,822696.0,415014.0,tushare_contract
SR.ZCE,2018-10-12,SR1901.ZCE,SR,5080.0,5118.0,5068.0,5117.0,5097.0,529916.0,430732.0,tushare_contract
SR.ZCE,2018-10-15,SR1901.ZCE,SR,5133.0,5159.0,5103.0,5116.0,5133.0,611880.0,426706.0,tushare_contract
SR.ZCE,2018-10-16,SR1901.ZCE,SR,5150.0,5188.0,5118.0,5131.0,5157.0,729028.0,416326.0,tushare_contract
SR.ZCE,2018-10-17,SR1901.ZCE,SR,5135.0,5154.0,5090.0,5151.0,5122.0,581096.0,415064.0,tushare_contract
SR.ZCE,2018-10-18,SR1901.ZCE,SR,5152.0,5198.0,5135.0,5168.0,5170.0,836970.0,409254.0,tushare_contract
SR.ZCE,2018-10-19,SR1901.ZCE,SR,5151.0,5245.0,5140.0,5206.0,5210.0,991592.0,417922.0,tushare_contract
SR.ZCE,2018-10-22,SR1901.ZCE,SR,5205.0,5247.0,5175.0,5193.0,5211.0,811436.0,409162.0,tushare_contract
SR.ZCE,2018-10-23,SR1901.ZCE,SR,5196.0,5203.0,5147.0,5166.0,5171.0,726946.0,403250.0,tushare_contract
SR.ZCE,2018-10-24,SR1901.ZCE,SR,5170.0,5182.0,5120.0,5121.0,5148.0,593218.0,390792.0,tushare_contract
SR.ZCE,2018-10-25,SR1901.ZCE,SR,5140.0,5179.0,5135.0,5176.0,5158.0,683698.0,369598.0,tushare_contract
SR.ZCE,2018-10-26,SR1901.ZCE,SR,5185.0,5207.0,5114.0,5122.0,5158.0,663328.0,360070.0,tushare_contract
SR.ZCE,2018-10-29,SR1901.ZCE,SR,5130.0,5150.0,5064.0,5072.0,5105.0,590630.0,335624.0,tushare_contract
SR.ZCE,2018-10-30,SR1901.ZCE,SR,5091.0,5111.0,5061.0,5085.0,5088.0,529234.0,346736.0,tushare_contract
SR.ZCE,2018-10-31,SR1901.ZCE,SR,5075.0,5122.0,5061.0,5093.0,5094.0,512054.0,342092.0,tushare_contract
SR.ZCE,2018-11-01,SR1901.ZCE,SR,5080.0,5131.0,5046.0,5046.0,5090.0,669382.0,312298.0,tushare_contract
SR.ZCE,2018-11-02,SR1901.ZCE,SR,5045.0,5085.0,4996.0,5017.0,5041.0,675020.0,303430.0,tushare_contract
SR.ZCE,2018-11-05,SR1901.ZCE,SR,5028.0,5072.0,5006.0,5072.0,5045.0,477258.0,299790.0,tushare_contract
SR.ZCE,2018-11-06,SR1901.ZCE,SR,5063.0,5095.0,5041.0,5059.0,5066.0,486012.0,292542.0,tushare_contract
SR.ZCE,2018-11-07,SR1901.ZCE,SR,5064.0,5082.0,5033.0,5043.0,5057.0,469140.0,292202.0,tushare_contract
SR.ZCE,2018-11-08,SR1901.ZCE,SR,5051.0,5100.0,5025.0,5098.0,5057.0,455478.0,278616.0,tushare_contract
SR.ZCE,2018-11-09,SR1901.ZCE,SR,5098.0,5109.0,5072.0,5084.0,5092.0,456830.0,271118.0,tushare_contract
SR.ZCE,2018-11-12,SR1905.ZCE,SR,5035.0,5045.0,4998.0,5002.0,5017.0,182606.0,292570.0,tushare_contract
SR.ZCE,2018-11-13,SR1905.ZCE,SR,5034.0,5036.0,4950.0,4953.0,4984.0,211998.0,313216.0,tushare_contract
SR.ZCE,2018-11-14,SR1905.ZCE,SR,4952.0,4974.0,4938.0,4964.0,4958.0,149496.0,310392.0,tushare_contract
SR.ZCE,2018-11-15,SR1905.ZCE,SR,4966.0,4991.0,4952.0,4987.0,4975.0,112660.0,312720.0,tushare_contract
SR.ZCE,2018-11-16,SR1905.ZCE,SR,4982.0,5016.0,4980.0,4995.0,4999.0,146588.0,313618.0,tushare_contract
SR.ZCE,2018-11-19,SR1905.ZCE,SR,5003.0,5009.0,4920.0,4956.0,4957.0,231702.0,309370.0,tushare_contract
SR.ZCE,2018-11-20,SR1905.ZCE,SR,4960.0,4961.0,4920.0,4947.0,4940.0,167250.0,299760.0,tushare_contract
SR.ZCE,2018-11-21,SR1905.ZCE,SR,4950.0,4957.0,4884.0,4947.0,4927.0,249224.0,296946.0,tushare_contract
SR.ZCE,2018-11-22,SR1905.ZCE,SR,4952.0,4953.0,4922.0,4942.0,4937.0,134056.0,302496.0,tushare_contract
SR.ZCE,2018-11-23,SR1905.ZCE,SR,4949.0,4974.0,4900.0,4915.0,4925.0,164276.0,312396.0,tushare_contract
SR.ZCE,2018-11-26,SR1905.ZCE,SR,4900.0,4925.0,4852.0,4874.0,4891.0,243656.0,308398.0,tushare_contract
SR.ZCE,2018-11-27,SR1905.ZCE,SR,4879.0,4918.0,4873.0,4900.0,4899.0,177912.0,311898.0,tushare_contract
SR.ZCE,2018-11-28,SR1905.ZCE,SR,4896.0,4915.0,4875.0,4912.0,4892.0,142224.0,316232.0,tushare_contract
SR.ZCE,2018-11-29,SR1905.ZCE,SR,4919.0,4968.0,4913.0,4929.0,4937.0,261896.0,319764.0,tushare_contract
SR.ZCE,2018-11-30,SR1905.ZCE,SR,4950.0,4963.0,4902.0,4908.0,4937.0,247184.0,333948.0,tushare_contract
SR.ZCE,2018-12-03,SR1905.ZCE,SR,4917.0,4949.0,4897.0,4936.0,4924.0,292056.0,339838.0,tushare_contract
SR.ZCE,2018-12-04,SR1905.ZCE,SR,4939.0,4939.0,4846.0,4881.0,4881.0,571786.0,377264.0,tushare_contract
SR.ZCE,2018-12-05,SR1905.ZCE,SR,4889.0,4898.0,4861.0,4884.0,4880.0,353086.0,384610.0,tushare_contract
SR.ZCE,2018-12-06,SR1905.ZCE,SR,4890.0,4915.0,4877.0,4906.0,4900.0,342990.0,381282.0,tushare_contract
SR.ZCE,2018-12-07,SR1905.ZCE,SR,4896.0,4960.0,4889.0,4958.0,4925.0,391500.0,379086.0,tushare_contract
SR.ZCE,2018-12-10,SR1905.ZCE,SR,4958.0,4966.0,4935.0,4947.0,4946.0,295802.0,380044.0,tushare_contract
SR.ZCE,2018-12-11,SR1905.ZCE,SR,4940.0,4940.0,4895.0,4907.0,4913.0,313636.0,371842.0,tushare_contract
SR.ZCE,2018-12-12,SR1905.ZCE,SR,4915.0,4921.0,4902.0,4918.0,4913.0,218692.0,368780.0,tushare_contract
SR.ZCE,2018-12-13,SR1905.ZCE,SR,4922.0,4936.0,4899.0,4926.0,4917.0,303150.0,369898.0,tushare_contract
SR.ZCE,2018-12-14,SR1905.ZCE,SR,4920.0,4993.0,4920.0,4967.0,4955.0,537630.0,385908.0,tushare_contract
SR.ZCE,2018-12-17,SR1905.ZCE,SR,4971.0,5020.0,4949.0,5020.0,4979.0,390168.0,432244.0,tushare_contract
SR.ZCE,2018-12-18,SR1905.ZCE,SR,5014.0,5025.0,4983.0,5013.0,5006.0,465508.0,441408.0,tushare_contract
SR.ZCE,2018-12-19,SR1905.ZCE,SR,5010.0,5013.0,4964.0,4979.0,4986.0,402052.0,423712.0,tushare_contract
SR.ZCE,2018-12-20,SR1905.ZCE,SR,4979.0,5005.0,4971.0,4974.0,4986.0,318844.0,422474.0,tushare_contract
SR.ZCE,2018-12-21,SR1905.ZCE,SR,4971.0,4972.0,4855.0,4885.0,4920.0,510692.0,406332.0,tushare_contract
SR.ZCE,2018-12-24,SR1905.ZCE,SR,4886.0,4893.0,4828.0,4834.0,4854.0,414024.0,428992.0,tushare_contract
SR.ZCE,2018-12-25,SR1905.ZCE,SR,4835.0,4855.0,4795.0,4806.0,4821.0,376268.0,443448.0,tushare_contract
SR.ZCE,2018-12-26,SR1905.ZCE,SR,4808.0,4841.0,4807.0,4822.0,4828.0,268962.0,444078.0,tushare_contract
SR.ZCE,2018-12-27,SR1905.ZCE,SR,4826.0,4860.0,4728.0,4733.0,4790.0,777106.0,510290.0,tushare_contract
SR.ZCE,2018-12-28,SR1905.ZCE,SR,4729.0,4745.0,4664.0,4700.0,4703.0,727004.0,482064.0,tushare_contract
SR.ZCE,2019-01-02,SR1905.ZCE,SR,4680.0,4720.0,4674.0,4688.0,4697.0,242850.0,492142.0,tushare_contract
SR.ZCE,2019-01-03,SR1905.ZCE,SR,4686.0,4699.0,4668.0,4670.0,4685.0,411954.0,510478.0,tushare_contract
SR.ZCE,2019-01-04,SR1905.ZCE,SR,4690.0,4714.0,4675.0,4713.0,4696.0,536596.0,508012.0,tushare_contract
SR.ZCE,2019-01-07,SR1905.ZCE,SR,4724.0,4758.0,4707.0,4740.0,4732.0,521432.0,487114.0,tushare_contract
SR.ZCE,2019-01-08,SR1905.ZCE,SR,4749.0,4784.0,4736.0,4779.0,4764.0,477600.0,467588.0,tushare_contract
SR.ZCE,2019-01-09,SR1905.ZCE,SR,4776.0,4798.0,4768.0,4782.0,4782.0,410840.0,470758.0,tushare_contract
SR.ZCE,2019-01-10,SR1905.ZCE,SR,4782.0,4808.0,4751.0,4754.0,4780.0,516794.0,474800.0,tushare_contract
SR.ZCE,2019-01-11,SR1905.ZCE,SR,4750.0,4769.0,4744.0,4769.0,4759.0,287744.0,463122.0,tushare_contract
SR.ZCE,2019-01-14,SR1905.ZCE,SR,4768.0,4796.0,4756.0,4766.0,4776.0,384624.0,451108.0,tushare_contract
SR.ZCE,2019-01-15,SR1905.ZCE,SR,4763.0,4802.0,4761.0,4792.0,4789.0,383094.0,454588.0,tushare_contract
SR.ZCE,2019-01-16,SR1905.ZCE,SR,4805.0,4934.0,4796.0,4918.0,4873.0,1041680.0,471802.0,tushare_contract
SR.ZCE,2019-01-17,SR1905.ZCE,SR,4916.0,4919.0,4887.0,4892.0,4901.0,450560.0,457546.0,tushare_contract
SR.ZCE,2019-01-18,SR1905.ZCE,SR,4887.0,4966.0,4872.0,4961.0,4910.0,675238.0,468220.0,tushare_contract
SR.ZCE,2019-01-21,SR1905.ZCE,SR,4961.0,5107.0,4956.0,5107.0,5049.0,1063338.0,469632.0,tushare_contract
SR.ZCE,2019-01-22,SR1905.ZCE,SR,5106.0,5133.0,5013.0,5024.0,5078.0,884640.0,431792.0,tushare_contract
SR.ZCE,2019-01-23,SR1905.ZCE,SR,5009.0,5069.0,4983.0,5047.0,5032.0,832844.0,455782.0,tushare_contract
SR.ZCE,2019-01-24,SR1905.ZCE,SR,5041.0,5068.0,5008.0,5030.0,5032.0,595834.0,446032.0,tushare_contract
SR.ZCE,2019-01-25,SR1905.ZCE,SR,5032.0,5093.0,5011.0,5033.0,5049.0,670896.0,428576.0,tushare_contract
SR.ZCE,2019-01-28,SR1905.ZCE,SR,5014.0,5039.0,4990.0,5005.0,5017.0,519078.0,425698.0,tushare_contract
SR.ZCE,2019-01-29,SR1905.ZCE,SR,5007.0,5068.0,5007.0,5040.0,5041.0,749136.0,439550.0,tushare_contract
SR.ZCE,2019-01-30,SR1905.ZCE,SR,5035.0,5052.0,5011.0,5021.0,5031.0,521858.0,415462.0,tushare_contract
SR.ZCE,2019-01-31,SR1905.ZCE,SR,5025.0,5052.0,4992.0,5043.0,5020.0,464204.0,381322.0,tushare_contract
SR.ZCE,2019-02-01,SR1905.ZCE,SR,5042.0,5093.0,5038.0,5052.0,5062.0,390634.0,349998.0,tushare_contract
SR.ZCE,2019-02-11,SR1905.ZCE,SR,5072.0,5245.0,5052.0,5178.0,5167.0,532510.0,388494.0,tushare_contract
SR.ZCE,2019-02-12,SR1905.ZCE,SR,5170.0,5189.0,5153.0,5185.0,5176.0,400302.0,417188.0,tushare_contract
SR.ZCE,2019-02-13,SR1905.ZCE,SR,5195.0,5201.0,5075.0,5120.0,5137.0,505802.0,388930.0,tushare_contract
SR.ZCE,2019-02-14,SR1905.ZCE,SR,5125.0,5125.0,5011.0,5020.0,5065.0,601994.0,371494.0,tushare_contract
SR.ZCE,2019-02-15,SR1905.ZCE,SR,5016.0,5051.0,4972.0,4977.0,5017.0,541176.0,365068.0,tushare_contract
SR.ZCE,2019-02-18,SR1905.ZCE,SR,4994.0,5135.0,4987.0,5067.0,5058.0,618498.0,370634.0,tushare_contract
SR.ZCE,2019-02-19,SR1905.ZCE,SR,5069.0,5083.0,5041.0,5078.0,5063.0,339214.0,375900.0,tushare_contract
SR.ZCE,2019-02-20,SR1905.ZCE,SR,5075.0,5124.0,5067.0,5111.0,5102.0,553614.0,393442.0,tushare_contract
SR.ZCE,2019-02-21,SR1905.ZCE,SR,5100.0,5174.0,5091.0,5139.0,5135.0,527266.0,384092.0,tushare_contract
SR.ZCE,2019-02-22,SR1905.ZCE,SR,5137.0,5205.0,5132.0,5203.0,5171.0,685522.0,418800.0,tushare_contract
SR.ZCE,2019-02-25,SR1905.ZCE,SR,5212.0,5220.0,5158.0,5174.0,5185.0,526366.0,390544.0,tushare_contract
SR.ZCE,2019-02-26,SR1905.ZCE,SR,5173.0,5278.0,5150.0,5214.0,5222.0,1125510.0,405952.0,tushare_contract
SR.ZCE,2019-02-27,SR1905.ZCE,SR,5212.0,5241.0,5142.0,5159.0,5193.0,726202.0,388456.0,tushare_contract
SR.ZCE,2019-02-28,SR1905.ZCE,SR,5156.0,5187.0,5131.0,5162.0,5162.0,496982.0,392216.0,tushare_contract
SR.ZCE,2019-03-01,SR1905.ZCE,SR,5155.0,5192.0,5142.0,5191.0,5166.0,461998.0,375562.0,tushare_contract
SR.ZCE,2019-03-04,SR1905.ZCE,SR,5187.0,5215.0,5113.0,5130.0,5153.0,672810.0,369228.0,tushare_contract
SR.ZCE,2019-03-05,SR1905.ZCE,SR,5134.0,5178.0,5091.0,5129.0,5137.0,580068.0,360550.0,tushare_contract
SR.ZCE,2019-03-06,SR1905.ZCE,SR,5130.0,5149.0,5105.0,5107.0,5127.0,492190.0,354144.0,tushare_contract
SR.ZCE,2019-03-07,SR1905.ZCE,SR,5107.0,5123.0,5064.0,5084.0,5090.0,447772.0,346266.0,tushare_contract
SR.ZCE,2019-03-08,SR1905.ZCE,SR,5083.0,5095.0,5044.0,5074.0,5064.0,410180.0,342126.0,tushare_contract
SR.ZCE,2019-03-11,SR1905.ZCE,SR,5064.0,5129.0,5058.0,5120.0,5104.0,569056.0,355642.0,tushare_contract
SR.ZCE,2019-03-12,SR1905.ZCE,SR,5120.0,5139.0,5069.0,5074.0,5112.0,529480.0,342644.0,tushare_contract
SR.ZCE,2019-03-13,SR1905.ZCE,SR,5075.0,5115.0,5075.0,5103.0,5097.0,381402.0,348374.0,tushare_contract
SR.ZCE,2019-03-14,SR1905.ZCE,SR,5103.0,5161.0,5098.0,5122.0,5131.0,638912.0,369490.0,tushare_contract
SR.ZCE,2019-03-15,SR1905.ZCE,SR,5143.0,5154.0,5090.0,5114.0,5119.0,437260.0,346744.0,tushare_contract
SR.ZCE,2019-03-18,SR1909.ZCE,SR,5082.0,5142.0,5080.0,5126.0,5116.0,212510.0,371080.0,tushare_contract
SR.ZCE,2019-03-19,SR1909.ZCE,SR,5139.0,5148.0,5120.0,5135.0,5135.0,146326.0,376520.0,tushare_contract
SR.ZCE,2019-03-20,SR1909.ZCE,SR,5141.0,5142.0,5081.0,5110.0,5104.0,224026.0,384624.0,tushare_contract
SR.ZCE,2019-03-21,SR1909.ZCE,SR,5108.0,5116.0,5091.0,5100.0,5103.0,113830.0,389976.0,tushare_contract
SR.ZCE,2019-03-22,SR1909.ZCE,SR,5085.0,5085.0,5038.0,5059.0,5057.0,295060.0,398492.0,tushare_contract
SR.ZCE,2019-03-25,SR1909.ZCE,SR,5060.0,5071.0,5010.0,5022.0,5036.0,211104.0,415196.0,tushare_contract
SR.ZCE,2019-03-26,SR1909.ZCE,SR,5011.0,5044.0,5006.0,5044.0,5025.0,178728.0,427624.0,tushare_contract
SR.ZCE,2019-03-27,SR1909.ZCE,SR,5040.0,5050.0,5018.0,5022.0,5036.0,166670.0,431118.0,tushare_contract
SR.ZCE,2019-03-28,SR1909.ZCE,SR,5030.0,5038.0,4991.0,5001.0,5008.0,296854.0,451638.0,tushare_contract
SR.ZCE,2019-03-29,SR1909.ZCE,SR,5000.0,5049.0,4979.0,5047.0,5018.0,315126.0,465268.0,tushare_contract
SR.ZCE,2019-04-01,SR1909.ZCE,SR,5043.0,5075.0,5027.0,5059.0,5053.0,316866.0,474206.0,tushare_contract
SR.ZCE,2019-04-02,SR1909.ZCE,SR,5042.0,5092.0,5036.0,5080.0,5073.0,427422.0,503422.0,tushare_contract
SR.ZCE,2019-04-03,SR1909.ZCE,SR,5086.0,5091.0,5053.0,5083.0,5072.0,348112.0,511734.0,tushare_contract
SR.ZCE,2019-04-04,SR1909.ZCE,SR,5078.0,5096.0,5056.0,5071.0,5075.0,433844.0,505710.0,tushare_contract
SR.ZCE,2019-04-08,SR1909.ZCE,SR,5093.0,5120.0,5082.0,5107.0,5102.0,322572.0,505594.0,tushare_contract
SR.ZCE,2019-04-09,SR1909.ZCE,SR,5097.0,5106.0,5064.0,5078.0,5086.0,368326.0,505830.0,tushare_contract
SR.ZCE,2019-04-10,SR1909.ZCE,SR,5090.0,5244.0,5085.0,5212.0,5177.0,1483316.0,621798.0,tushare_contract
SR.ZCE,2019-04-11,SR1909.ZCE,SR,5208.0,5284.0,5189.0,5220.0,5242.0,1597966.0,648930.0,tushare_contract
SR.ZCE,2019-04-12,SR1909.ZCE,SR,5221.0,5269.0,5206.0,5258.0,5238.0,1073566.0,703072.0,tushare_contract
SR.ZCE,2019-04-15,SR1909.ZCE,SR,5252.0,5439.0,5246.0,5420.0,5371.0,2111416.0,797140.0,tushare_contract
SR.ZCE,2019-04-16,SR1909.ZCE,SR,5419.0,5425.0,5355.0,5378.0,5392.0,1711366.0,811516.0,tushare_contract
SR.ZCE,2019-04-17,SR1909.ZCE,SR,5375.0,5404.0,5337.0,5364.0,5366.0,1307372.0,789616.0,tushare_contract
SR.ZCE,2019-04-18,SR1909.ZCE,SR,5367.0,5386.0,5264.0,5285.0,5326.0,1484110.0,746778.0,tushare_contract
SR.ZCE,2019-04-19,SR1909.ZCE,SR,5300.0,5426.0,5300.0,5340.0,5364.0,2491212.0,749680.0,tushare_contract
SR.ZCE,2019-04-22,SR1909.ZCE,SR,5350.0,5396.0,5324.0,5360.0,5354.0,1452356.0,736700.0,tushare_contract
SR.ZCE,2019-04-23,SR1909.ZCE,SR,5370.0,5387.0,5325.0,5343.0,5355.0,1193814.0,736444.0,tushare_contract
SR.ZCE,2019-04-24,SR1909.ZCE,SR,5355.0,5370.0,5287.0,5339.0,5325.0,1432106.0,726060.0,tushare_contract
SR.ZCE,2019-04-25,SR1909.ZCE,SR,5333.0,5334.0,5276.0,5284.0,5312.0,1228476.0,694656.0,tushare_contract
SR.ZCE,2019-04-26,SR1909.ZCE,SR,5288.0,5298.0,5196.0,5214.0,5252.0,1480268.0,667374.0,tushare_contract
SR.ZCE,2019-04-29,SR1909.ZCE,SR,5202.0,5230.0,5190.0,5211.0,5211.0,928356.0,645458.0,tushare_contract
SR.ZCE,2019-04-30,SR1909.ZCE,SR,5203.0,5211.0,5110.0,5122.0,5154.0,1248280.0,586536.0,tushare_contract
SR.ZCE,2019-05-06,SR1909.ZCE,SR,5084.0,5109.0,5060.0,5092.0,5088.0,452686.0,587724.0,tushare_contract
SR.ZCE,2019-05-07,SR1909.ZCE,SR,5092.0,5140.0,5088.0,5138.0,5123.0,725702.0,587382.0,tushare_contract
SR.ZCE,2019-05-08,SR1909.ZCE,SR,5130.0,5145.0,5103.0,5115.0,5126.0,669792.0,590146.0,tushare_contract
SR.ZCE,2019-05-09,SR1909.ZCE,SR,5106.0,5155.0,5101.0,5134.0,5126.0,922908.0,592554.0,tushare_contract
SR.ZCE,2019-05-10,SR1909.ZCE,SR,5142.0,5172.0,5130.0,5168.0,5152.0,830298.0,573050.0,tushare_contract
SR.ZCE,2019-05-13,SR1909.ZCE,SR,5174.0,5192.0,5142.0,5170.0,5168.0,827700.0,574666.0,tushare_contract
SR.ZCE,2019-05-14,SR1909.ZCE,SR,5170.0,5188.0,5026.0,5088.0,5122.0,1198542.0,561792.0,tushare_contract
SR.ZCE,2019-05-15,SR1909.ZCE,SR,5102.0,5127.0,5090.0,5118.0,5110.0,503410.0,556684.0,tushare_contract
SR.ZCE,2019-05-16,SR1909.ZCE,SR,5115.0,5177.0,5108.0,5163.0,5143.0,806080.0,548110.0,tushare_contract
SR.ZCE,2019-05-17,SR1909.ZCE,SR,5158.0,5184.0,5102.0,5109.0,5151.0,972360.0,562086.0,tushare_contract
SR.ZCE,2019-05-20,SR1909.ZCE,SR,5107.0,5134.0,5063.0,5079.0,5099.0,855012.0,588784.0,tushare_contract
SR.ZCE,2019-05-21,SR1909.ZCE,SR,5088.0,5164.0,5083.0,5150.0,5125.0,822308.0,586096.0,tushare_contract
SR.ZCE,2019-05-22,SR1909.ZCE,SR,5140.0,5150.0,4920.0,4938.0,5021.0,2310010.0,601362.0,tushare_contract
SR.ZCE,2019-05-23,SR1909.ZCE,SR,4939.0,4998.0,4874.0,4931.0,4946.0,1554114.0,586938.0,tushare_contract
SR.ZCE,2019-05-24,SR1909.ZCE,SR,4928.0,4983.0,4926.0,4963.0,4959.0,688908.0,573318.0,tushare_contract
SR.ZCE,2019-05-27,SR1909.ZCE,SR,4967.0,5036.0,4912.0,4949.0,4969.0,1259384.0,577144.0,tushare_contract
SR.ZCE,2019-05-28,SR1909.ZCE,SR,4945.0,4969.0,4935.0,4950.0,4953.0,576904.0,586752.0,tushare_contract
SR.ZCE,2019-05-29,SR1909.ZCE,SR,4957.0,4994.0,4932.0,4974.0,4963.0,746422.0,598062.0,tushare_contract
SR.ZCE,2019-05-30,SR1909.ZCE,SR,4968.0,4988.0,4936.0,4946.0,4963.0,638304.0,604088.0,tushare_contract
SR.ZCE,2019-05-31,SR1909.ZCE,SR,4950.0,4974.0,4925.0,4943.0,4951.0,592912.0,586874.0,tushare_contract
SR.ZCE,2019-06-03,SR1909.ZCE,SR,4943.0,4987.0,4910.0,4960.0,4956.0,789554.0,565156.0,tushare_contract
SR.ZCE,2019-06-04,SR1909.ZCE,SR,4967.0,5056.0,4904.0,5025.0,4974.0,1352176.0,579048.0,tushare_contract
SR.ZCE,2019-06-05,SR1909.ZCE,SR,5019.0,5083.0,5009.0,5029.0,5045.0,992312.0,568578.0,tushare_contract
SR.ZCE,2019-06-06,SR1909.ZCE,SR,5038.0,5063.0,4953.0,4979.0,5002.0,1012018.0,543414.0,tushare_contract
SR.ZCE,2019-06-10,SR1909.ZCE,SR,5005.0,5052.0,5000.0,5030.0,5030.0,394618.0,546228.0,tushare_contract
SR.ZCE,2019-06-11,SR1909.ZCE,SR,5021.0,5065.0,5009.0,5037.0,5037.0,681606.0,546858.0,tushare_contract
SR.ZCE,2019-06-12,SR1909.ZCE,SR,5037.0,5069.0,5019.0,5061.0,5044.0,768156.0,551916.0,tushare_contract
SR.ZCE,2019-06-13,SR1909.ZCE,SR,5071.0,5160.0,5045.0,5156.0,5105.0,1092394.0,557540.0,tushare_contract
SR.ZCE,2019-06-14,SR1909.ZCE,SR,5159.0,5162.0,5120.0,5137.0,5139.0,586410.0,544364.0,tushare_contract
SR.ZCE,2019-06-17,SR1909.ZCE,SR,5132.0,5153.0,5074.0,5095.0,5106.0,681754.0,535694.0,tushare_contract
SR.ZCE,2019-06-18,SR1909.ZCE,SR,5095.0,5118.0,5084.0,5095.0,5102.0,533790.0,533356.0,tushare_contract
SR.ZCE,2019-06-19,SR1909.ZCE,SR,5088.0,5138.0,5078.0,5121.0,5115.0,743186.0,549560.0,tushare_contract
SR.ZCE,2019-06-20,SR1909.ZCE,SR,5110.0,5129.0,5093.0,5128.0,5109.0,490294.0,550504.0,tushare_contract
SR.ZCE,2019-06-21,SR1909.ZCE,SR,5126.0,5151.0,5036.0,5057.0,5081.0,734730.0,499738.0,tushare_contract
SR.ZCE,2019-06-24,SR1909.ZCE,SR,5067.0,5075.0,5006.0,5011.0,5036.0,450486.0,498746.0,tushare_contract
SR.ZCE,2019-06-25,SR1909.ZCE,SR,5016.0,5034.0,5003.0,5020.0,5018.0,357936.0,502376.0,tushare_contract
SR.ZCE,2019-06-26,SR1909.ZCE,SR,5025.0,5043.0,4981.0,4997.0,5011.0,504798.0,515322.0,tushare_contract
SR.ZCE,2019-06-27,SR1909.ZCE,SR,5000.0,5010.0,4960.0,4975.0,4983.0,399288.0,514286.0,tushare_contract
SR.ZCE,2019-06-28,SR1909.ZCE,SR,4983.0,5049.0,4976.0,5010.0,5018.0,627108.0,497070.0,tushare_contract
SR.ZCE,2019-07-01,SR1909.ZCE,SR,5010.0,5046.0,4990.0,5030.0,5022.0,457442.0,496772.0,tushare_contract
SR.ZCE,2019-07-02,SR1909.ZCE,SR,5031.0,5130.0,5016.0,5066.0,5077.0,905982.0,492676.0,tushare_contract
SR.ZCE,2019-07-03,SR1909.ZCE,SR,5058.0,5074.0,4980.0,5055.0,5038.0,632742.0,466520.0,tushare_contract
SR.ZCE,2019-07-04,SR1909.ZCE,SR,5065.0,5148.0,5065.0,5111.0,5109.0,990824.0,482842.0,tushare_contract
SR.ZCE,2019-07-05,SR1909.ZCE,SR,5109.0,5314.0,5108.0,5295.0,5221.0,2173740.0,564858.0,tushare_contract
SR.ZCE,2019-07-08,SR1909.ZCE,SR,5290.0,5318.0,5230.0,5239.0,5274.0,1471320.0,549048.0,tushare_contract
SR.ZCE,2019-07-09,SR1909.ZCE,SR,5241.0,5254.0,5108.0,5133.0,5194.0,1111698.0,474942.0,tushare_contract
SR.ZCE,2019-07-10,SR1909.ZCE,SR,5127.0,5221.0,5114.0,5185.0,5172.0,998070.0,496028.0,tushare_contract
SR.ZCE,2019-07-11,SR1909.ZCE,SR,5195.0,5225.0,5163.0,5205.0,5195.0,800282.0,491434.0,tushare_contract
SR.ZCE,2019-07-12,SR1909.ZCE,SR,5206.0,5241.0,5166.0,5187.0,5204.0,877306.0,478036.0,tushare_contract
SR.ZCE,2019-07-15,SR1909.ZCE,SR,5194.0,5250.0,5170.0,5237.0,5210.0,835772.0,501688.0,tushare_contract
SR.ZCE,2019-07-16,SR1909.ZCE,SR,5208.0,5218.0,5178.0,5208.0,5198.0,679216.0,482168.0,tushare_contract
SR.ZCE,2019-07-17,SR1909.ZCE,SR,5217.0,5223.0,5161.0,5189.0,5186.0,577732.0,468056.0,tushare_contract
SR.ZCE,2019-07-18,SR1909.ZCE,SR,5200.0,5207.0,5155.0,5189.0,5177.0,498254.0,444648.0,tushare_contract
SR.ZCE,2019-07-19,SR1909.ZCE,SR,5181.0,5187.0,5123.0,5145.0,5150.0,581946.0,430984.0,tushare_contract
SR.ZCE,2019-07-22,SR1909.ZCE,SR,5146.0,5158.0,5124.0,5150.0,5145.0,378332.0,426838.0,tushare_contract
SR.ZCE,2019-07-23,SR1909.ZCE,SR,5150.0,5234.0,5140.0,5202.0,5201.0,898172.0,444198.0,tushare_contract
SR.ZCE,2019-07-24,SR1909.ZCE,SR,5202.0,5330.0,5195.0,5299.0,5276.0,1299266.0,464034.0,tushare_contract
SR.ZCE,2019-07-25,SR1909.ZCE,SR,5320.0,5327.0,5256.0,5266.0,5280.0,798988.0,417388.0,tushare_contract
SR.ZCE,2019-07-26,SR2001.ZCE,SR,5230.0,5335.0,5196.0,5328.0,5283.0,503626.0,490714.0,tushare_contract
SR.ZCE,2019-07-29,SR2001.ZCE,SR,5329.0,5396.0,5308.0,5389.0,5346.0,562744.0,533704.0,tushare_contract
SR.ZCE,2019-07-30,SR2001.ZCE,SR,5395.0,5426.0,5296.0,5301.0,5369.0,645052.0,533782.0,tushare_contract
SR.ZCE,2019-07-31,SR2001.ZCE,SR,5311.0,5380.0,5311.0,5366.0,5351.0,477984.0,547032.0,tushare_contract
SR.ZCE,2019-08-01,SR2001.ZCE,SR,5373.0,5398.0,5342.0,5349.0,5375.0,736920.0,580594.0,tushare_contract
SR.ZCE,2019-08-02,SR2001.ZCE,SR,5345.0,5367.0,5280.0,5338.0,5332.0,821356.0,574170.0,tushare_contract
SR.ZCE,2019-08-05,SR2001.ZCE,SR,5325.0,5420.0,5313.0,5395.0,5369.0,996744.0,618956.0,tushare_contract
SR.ZCE,2019-08-06,SR2001.ZCE,SR,5374.0,5447.0,5328.0,5349.0,5385.0,1358688.0,592930.0,tushare_contract
SR.ZCE,2019-08-07,SR2001.ZCE,SR,5362.0,5408.0,5338.0,5402.0,5376.0,856012.0,615282.0,tushare_contract
SR.ZCE,2019-08-08,SR2001.ZCE,SR,5388.0,5400.0,5342.0,5386.0,5376.0,892252.0,593724.0,tushare_contract
SR.ZCE,2019-08-09,SR2001.ZCE,SR,5391.0,5495.0,5379.0,5494.0,5427.0,1573020.0,681180.0,tushare_contract
SR.ZCE,2019-08-12,SR2001.ZCE,SR,5496.0,5607.0,5475.0,5564.0,5556.0,1790920.0,754286.0,tushare_contract
SR.ZCE,2019-08-13,SR2001.ZCE,SR,5566.0,5597.0,5527.0,5585.0,5570.0,1077600.0,766936.0,tushare_contract
SR.ZCE,2019-08-14,SR2001.ZCE,SR,5598.0,5641.0,5511.0,5536.0,5555.0,1190154.0,733824.0,tushare_contract
SR.ZCE,2019-08-15,SR2001.ZCE,SR,5539.0,5553.0,5462.0,5490.0,5503.0,975158.0,718266.0,tushare_contract
SR.ZCE,2019-08-16,SR2001.ZCE,SR,5490.0,5542.0,5427.0,5439.0,5490.0,1038408.0,682156.0,tushare_contract
SR.ZCE,2019-08-19,SR2001.ZCE,SR,5443.0,5464.0,5422.0,5460.0,5447.0,644364.0,695192.0,tushare_contract
SR.ZCE,2019-08-20,SR2001.ZCE,SR,5448.0,5478.0,5427.0,5463.0,5455.0,822018.0,703180.0,tushare_contract
SR.ZCE,2019-08-21,SR2001.ZCE,SR,5469.0,5477.0,5409.0,5436.0,5440.0,820766.0,697498.0,tushare_contract
SR.ZCE,2019-08-22,SR2001.ZCE,SR,5448.0,5522.0,5431.0,5521.0,5475.0,1038300.0,741772.0,tushare_contract
SR.ZCE,2019-08-23,SR2001.ZCE,SR,5518.0,5527.0,5481.0,5502.0,5501.0,758326.0,720850.0,tushare_contract
SR.ZCE,2019-08-26,SR2001.ZCE,SR,5490.0,5499.0,5410.0,5457.0,5452.0,722828.0,683096.0,tushare_contract
SR.ZCE,2019-08-27,SR2001.ZCE,SR,5467.0,5475.0,5320.0,5353.0,5397.0,1128490.0,652974.0,tushare_contract
SR.ZCE,2019-08-28,SR2001.ZCE,SR,5356.0,5394.0,5340.0,5387.0,5368.0,755750.0,652342.0,tushare_contract
SR.ZCE,2019-08-29,SR2001.ZCE,SR,5391.0,5391.0,5354.0,5363.0,5371.0,511504.0,654894.0,tushare_contract
SR.ZCE,2019-08-30,SR2001.ZCE,SR,5366.0,5379.0,5343.0,5368.0,5364.0,517388.0,643320.0,tushare_contract
SR.ZCE,2019-09-02,SR2001.ZCE,SR,5366.0,5409.0,5357.0,5376.0,5382.0,608794.0,644256.0,tushare_contract
SR.ZCE,2019-09-03,SR2001.ZCE,SR,5380.0,5451.0,5325.0,5446.0,5380.0,932504.0,684528.0,tushare_contract
SR.ZCE,2019-09-04,SR2001.ZCE,SR,5440.0,5504.0,5427.0,5473.0,5470.0,994744.0,694986.0,tushare_contract
SR.ZCE,2019-09-05,SR2001.ZCE,SR,5480.0,5563.0,5457.0,5483.0,5505.0,1076922.0,706742.0,tushare_contract
SR.ZCE,2019-09-06,SR2001.ZCE,SR,5489.0,5525.0,5466.0,5486.0,5494.0,819748.0,708756.0,tushare_contract
SR.ZCE,2019-09-09,SR2001.ZCE,SR,5495.0,5557.0,5484.0,5549.0,5519.0,907686.0,754476.0,tushare_contract
SR.ZCE,2019-09-10,SR2001.ZCE,SR,5549.0,5553.0,5467.0,5477.0,5505.0,774894.0,727586.0,tushare_contract
SR.ZCE,2019-09-11,SR2001.ZCE,SR,5483.0,5532.0,5461.0,5524.0,5501.0,667840.0,733556.0,tushare_contract
SR.ZCE,2019-09-12,SR2001.ZCE,SR,5516.0,5519.0,5476.0,5490.0,5493.0,544198.0,704952.0,tushare_contract
SR.ZCE,2019-09-16,SR2001.ZCE,SR,5531.0,5560.0,5486.0,5548.0,5529.0,566778.0,743332.0,tushare_contract
SR.ZCE,2019-09-17,SR2001.ZCE,SR,5565.0,5580.0,5469.0,5479.0,5518.0,816132.0,724066.0,tushare_contract
SR.ZCE,2019-09-18,SR2001.ZCE,SR,5476.0,5483.0,5413.0,5424.0,5435.0,773102.0,708950.0,tushare_contract
SR.ZCE,2019-09-19,SR2001.ZCE,SR,5428.0,5450.0,5406.0,5437.0,5434.0,501720.0,695856.0,tushare_contract
SR.ZCE,2019-09-20,SR2001.ZCE,SR,5440.0,5441.0,5392.0,5411.0,5416.0,642530.0,679994.0,tushare_contract
SR.ZCE,2019-09-23,SR2001.ZCE,SR,5413.0,5416.0,5370.0,5404.0,5393.0,668322.0,655196.0,tushare_contract
SR.ZCE,2019-09-24,SR2001.ZCE,SR,5410.0,5465.0,5406.0,5410.0,5436.0,830398.0,601318.0,tushare_contract
SR.ZCE,2019-09-25,SR2001.ZCE,SR,5418.0,5475.0,5412.0,5471.0,5444.0,601560.0,607690.0,tushare_contract
SR.ZCE,2019-09-26,SR2001.ZCE,SR,5472.0,5533.0,5472.0,5524.0,5508.0,935814.0,618986.0,tushare_contract
SR.ZCE,2019-09-27,SR2001.ZCE,SR,5519.0,5549.0,5480.0,5532.0,5518.0,668722.0,579876.0,tushare_contract
SR.ZCE,2019-09-30,SR2001.ZCE,SR,5536.0,5542.0,5494.0,5507.0,5515.0,395242.0,541306.0,tushare_contract
SR.ZCE,2019-10-08,SR2001.ZCE,SR,5500.0,5585.0,5450.0,5561.0,5541.0,459828.0,566978.0,tushare_contract
SR.ZCE,2019-10-09,SR2001.ZCE,SR,5557.0,5634.0,5557.0,5575.0,5598.0,1299060.0,673950.0,tushare_contract
SR.ZCE,2019-10-10,SR2001.ZCE,SR,5580.0,5595.0,5567.0,5593.0,5583.0,540250.0,680294.0,tushare_contract
SR.ZCE,2019-10-11,SR2001.ZCE,SR,5601.0,5617.0,5516.0,5529.0,5556.0,851764.0,625162.0,tushare_contract
SR.ZCE,2019-10-14,SR2001.ZCE,SR,5532.0,5560.0,5508.0,5539.0,5537.0,522010.0,619820.0,tushare_contract
SR.ZCE,2019-10-15,SR2001.ZCE,SR,5535.0,5580.0,5517.0,5549.0,5546.0,748528.0,619334.0,tushare_contract
SR.ZCE,2019-10-16,SR2001.ZCE,SR,5546.0,5558.0,5492.0,5496.0,5528.0,832688.0,589574.0,tushare_contract
SR.ZCE,2019-10-17,SR2001.ZCE,SR,5496.0,5523.0,5473.0,5517.0,5494.0,665986.0,578718.0,tushare_contract
SR.ZCE,2019-10-18,SR2001.ZCE,SR,5522.0,5544.0,5497.0,5535.0,5523.0,653002.0,586692.0,tushare_contract
SR.ZCE,2019-10-21,SR2001.ZCE,SR,5535.0,5599.0,5510.0,5598.0,5552.0,839296.0,621320.0,tushare_contract
SR.ZCE,2019-10-22,SR2001.ZCE,SR,5592.0,5623.0,5505.0,5507.0,5568.0,1217828.0,603604.0,tushare_contract
SR.ZCE,2019-10-23,SR2001.ZCE,SR,5501.0,5532.0,5488.0,5502.0,5510.0,823456.0,596660.0,tushare_contract
SR.ZCE,2019-10-24,SR2001.ZCE,SR,5506.0,5522.0,5481.0,5508.0,5505.0,683868.0,594052.0,tushare_contract
SR.ZCE,2019-10-25,SR2001.ZCE,SR,5511.0,5570.0,5511.0,5523.0,5541.0,704402.0,570166.0,tushare_contract
SR.ZCE,2019-10-28,SR2001.ZCE,SR,5520.0,5543.0,5494.0,5539.0,5512.0,658414.0,573532.0,tushare_contract
SR.ZCE,2019-10-29,SR2001.ZCE,SR,5543.0,5630.0,5537.0,5625.0,5582.0,1437898.0,689842.0,tushare_contract
SR.ZCE,2019-10-30,SR2001.ZCE,SR,5623.0,5640.0,5556.0,5604.0,5601.0,986354.0,671362.0,tushare_contract
SR.ZCE,2019-10-31,SR2001.ZCE,SR,5608.0,5741.0,5604.0,5718.0,5697.0,2118952.0,853608.0,tushare_contract
SR.ZCE,2019-11-01,SR2001.ZCE,SR,5714.0,5722.0,5656.0,5706.0,5691.0,1366628.0,791530.0,tushare_contract
SR.ZCE,2019-11-04,SR2001.ZCE,SR,5718.0,5747.0,5669.0,5723.0,5697.0,1107606.0,774878.0,tushare_contract
SR.ZCE,2019-11-05,SR2001.ZCE,SR,5730.0,5795.0,5718.0,5754.0,5763.0,1486060.0,758078.0,tushare_contract
SR.ZCE,2019-11-06,SR2001.ZCE,SR,5758.0,5783.0,5736.0,5754.0,5762.0,891064.0,736686.0,tushare_contract
SR.ZCE,2019-11-07,SR2001.ZCE,SR,5750.0,5800.0,5580.0,5587.0,5684.0,1886884.0,591870.0,tushare_contract
SR.ZCE,2019-11-08,SR2001.ZCE,SR,5599.0,5614.0,5566.0,5593.0,5597.0,950968.0,569658.0,tushare_contract
SR.ZCE,2019-11-11,SR2001.ZCE,SR,5596.0,5626.0,5560.0,5585.0,5589.0,757588.0,549828.0,tushare_contract
SR.ZCE,2019-11-12,SR2001.ZCE,SR,5580.0,5618.0,5524.0,5614.0,5584.0,945564.0,544492.0,tushare_contract
SR.ZCE,2019-11-13,SR2001.ZCE,SR,5623.0,5644.0,5570.0,5612.0,5603.0,803152.0,539132.0,tushare_contract
SR.ZCE,2019-11-14,SR2001.ZCE,SR,5616.0,5648.0,5603.0,5633.0,5630.0,784476.0,531658.0,tushare_contract
SR.ZCE,2019-11-15,SR2001.ZCE,SR,5642.0,5646.0,5586.0,5594.0,5612.0,618106.0,521040.0,tushare_contract
SR.ZCE,2019-11-18,SR2001.ZCE,SR,5594.0,5618.0,5573.0,5589.0,5598.0,449224.0,507538.0,tushare_contract
SR.ZCE,2019-11-19,SR2001.ZCE,SR,5584.0,5617.0,5544.0,5615.0,5572.0,728758.0,487360.0,tushare_contract
SR.ZCE,2019-11-20,SR2001.ZCE,SR,5610.0,5676.0,5596.0,5651.0,5640.0,811346.0,480364.0,tushare_contract
SR.ZCE,2019-11-21,SR2001.ZCE,SR,5641.0,5661.0,5566.0,5577.0,5618.0,703212.0,470170.0,tushare_contract
SR.ZCE,2019-11-22,SR2001.ZCE,SR,5575.0,5604.0,5563.0,5576.0,5586.0,588034.0,457928.0,tushare_contract
SR.ZCE,2019-11-25,SR2001.ZCE,SR,5580.0,5614.0,5569.0,5582.0,5591.0,546458.0,440042.0,tushare_contract
SR.ZCE,2019-11-26,SR2001.ZCE,SR,5580.0,5607.0,5545.0,5584.0,5579.0,667934.0,443102.0,tushare_contract
SR.ZCE,2019-11-27,SR2001.ZCE,SR,5580.0,5584.0,5512.0,5530.0,5553.0,803426.0,421826.0,tushare_contract
SR.ZCE,2019-11-28,SR2001.ZCE,SR,5531.0,5566.0,5520.0,5563.0,5545.0,468200.0,407386.0,tushare_contract
SR.ZCE,2019-11-29,SR2001.ZCE,SR,5564.0,5578.0,5535.0,5553.0,5551.0,358194.0,381082.0,tushare_contract
SR.ZCE,2019-12-02,SR2001.ZCE,SR,5563.0,5584.0,5545.0,5551.0,5561.0,432000.0,358458.0,tushare_contract
SR.ZCE,2019-12-03,SR2005.ZCE,SR,5416.0,5436.0,5375.0,5431.0,5408.0,274628.0,392860.0,tushare_contract
SR.ZCE,2019-12-04,SR2005.ZCE,SR,5428.0,5430.0,5403.0,5407.0,5415.0,170364.0,399506.0,tushare_contract
SR.ZCE,2019-12-05,SR2005.ZCE,SR,5438.0,5454.0,5398.0,5431.0,5425.0,266968.0,423650.0,tushare_contract
SR.ZCE,2019-12-06,SR2005.ZCE,SR,5432.0,5438.0,5393.0,5402.0,5418.0,261868.0,441306.0,tushare_contract
SR.ZCE,2019-12-09,SR2005.ZCE,SR,5405.0,5479.0,5397.0,5471.0,5444.0,482364.0,471956.0,tushare_contract
SR.ZCE,2019-12-10,SR2005.ZCE,SR,5472.0,5517.0,5456.0,5465.0,5486.0,624308.0,487302.0,tushare_contract
SR.ZCE,2019-12-11,SR2005.ZCE,SR,5465.0,5498.0,5464.0,5485.0,5483.0,335726.0,496044.0,tushare_contract
SR.ZCE,2019-12-12,SR2005.ZCE,SR,5489.0,5499.0,5465.0,5474.0,5480.0,298346.0,513348.0,tushare_contract
SR.ZCE,2019-12-13,SR2005.ZCE,SR,5469.0,5495.0,5451.0,5471.0,5475.0,391942.0,513840.0,tushare_contract
SR.ZCE,2019-12-16,SR2005.ZCE,SR,5472.0,5480.0,5390.0,5408.0,5424.0,582890.0,535256.0,tushare_contract
SR.ZCE,2019-12-17,SR2005.ZCE,SR,5410.0,5425.0,5396.0,5409.0,5408.0,386936.0,512460.0,tushare_contract
SR.ZCE,2019-12-18,SR2005.ZCE,SR,5409.0,5434.0,5408.0,5418.0,5420.0,366838.0,511408.0,tushare_contract
SR.ZCE,2019-12-19,SR2005.ZCE,SR,5423.0,5429.0,5408.0,5414.0,5418.0,326094.0,507752.0,tushare_contract
SR.ZCE,2019-12-20,SR2005.ZCE,SR,5416.0,5467.0,5416.0,5464.0,5445.0,478496.0,518398.0,tushare_contract
SR.ZCE,2019-12-23,SR2005.ZCE,SR,5452.0,5458.0,5408.0,5417.0,5423.0,472216.0,497498.0,tushare_contract
SR.ZCE,2019-12-24,SR2005.ZCE,SR,5406.0,5430.0,5406.0,5429.0,5420.0,254400.0,484348.0,tushare_contract
SR.ZCE,2019-12-25,SR2005.ZCE,SR,5425.0,5447.0,5417.0,5442.0,5436.0,317314.0,472068.0,tushare_contract
SR.ZCE,2019-12-26,SR2005.ZCE,SR,5413.0,5436.0,5413.0,5434.0,5425.0,219706.0,462454.0,tushare_contract
SR.ZCE,2019-12-27,SR2005.ZCE,SR,5430.0,5504.0,5427.0,5498.0,5472.0,615070.0,521656.0,tushare_contract
SR.ZCE,2019-12-30,SR2005.ZCE,SR,5501.0,5608.0,5497.0,5600.0,5562.0,668160.0,567020.0,tushare_contract
SR.ZCE,2019-12-31,SR2005.ZCE,SR,5600.0,5604.0,5565.0,5581.0,5582.0,406674.0,559462.0,tushare_contract
SR.ZCE,2020-01-02,SR2005.ZCE,SR,5584.0,5642.0,5555.0,5576.0,5588.0,218012.0,279712.0,tushare_contract
SR.ZCE,2020-01-03,SR2005.ZCE,SR,5586.0,5599.0,5543.0,5572.0,5573.0,195211.0,275723.0,tushare_contract
SR.ZCE,2020-01-06,SR2005.ZCE,SR,5585.0,5605.0,5565.0,5569.0,5583.0,207980.0,274808.0,tushare_contract
SR.ZCE,2020-01-07,SR2005.ZCE,SR,5580.0,5728.0,5573.0,5720.0,5664.0,559282.0,316400.0,tushare_contract
SR.ZCE,2020-01-08,SR2005.ZCE,SR,5722.0,5736.0,5696.0,5725.0,5718.0,279419.0,311950.0,tushare_contract
SR.ZCE,2020-01-09,SR2005.ZCE,SR,5729.0,5748.0,5683.0,5709.0,5715.0,324090.0,307984.0,tushare_contract
SR.ZCE,2020-01-10,SR2005.ZCE,SR,5711.0,5797.0,5709.0,5789.0,5761.0,398502.0,333944.0,tushare_contract
SR.ZCE,2020-01-13,SR2005.ZCE,SR,5796.0,5921.0,5796.0,5840.0,5855.0,541005.0,350515.0,tushare_contract
SR.ZCE,2020-01-14,SR2005.ZCE,SR,5858.0,5886.0,5837.0,5862.0,5866.0,354661.0,350535.0,tushare_contract
SR.ZCE,2020-01-15,SR2005.ZCE,SR,5889.0,5898.0,5793.0,5839.0,5849.0,409125.0,342791.0,tushare_contract
SR.ZCE,2020-01-16,SR2005.ZCE,SR,5836.0,5908.0,5826.0,5860.0,5864.0,445191.0,347483.0,tushare_contract
SR.ZCE,2020-01-17,SR2005.ZCE,SR,5859.0,5867.0,5828.0,5847.0,5847.0,340402.0,340698.0,tushare_contract
SR.ZCE,2020-01-20,SR2005.ZCE,SR,5852.0,5859.0,5705.0,5724.0,5766.0,565253.0,305166.0,tushare_contract
SR.ZCE,2020-01-21,SR2005.ZCE,SR,5713.0,5727.0,5675.0,5679.0,5701.0,284494.0,277238.0,tushare_contract
SR.ZCE,2020-01-22,SR2005.ZCE,SR,5681.0,5716.0,5597.0,5670.0,5680.0,335694.0,248263.0,tushare_contract
SR.ZCE,2020-01-23,SR2005.ZCE,SR,5692.0,5712.0,5619.0,5622.0,5664.0,212567.0,234778.0,tushare_contract
SR.ZCE,2020-02-03,SR2005.ZCE,SR,5488.0,5527.0,5300.0,5481.0,5461.0,323182.0,220478.0,tushare_contract
SR.ZCE,2020-02-04,SR2005.ZCE,SR,5510.0,5680.0,5510.0,5680.0,5635.0,341021.0,262573.0,tushare_contract
SR.ZCE,2020-02-05,SR2005.ZCE,SR,5668.0,5685.0,5630.0,5662.0,5658.0,258119.0,242601.0,tushare_contract
SR.ZCE,2020-02-06,SR2005.ZCE,SR,5679.0,5771.0,5666.0,5765.0,5735.0,358707.0,267145.0,tushare_contract
SR.ZCE,2020-02-07,SR2005.ZCE,SR,5756.0,5782.0,5724.0,5773.0,5754.0,259002.0,270103.0,tushare_contract
SR.ZCE,2020-02-10,SR2005.ZCE,SR,5777.0,5820.0,5737.0,5751.0,5779.0,491927.0,266486.0,tushare_contract
SR.ZCE,2020-02-11,SR2005.ZCE,SR,5758.0,5769.0,5705.0,5729.0,5732.0,323326.0,254377.0,tushare_contract
SR.ZCE,2020-02-12,SR2005.ZCE,SR,5765.0,5811.0,5716.0,5771.0,5764.0,499142.0,253770.0,tushare_contract
SR.ZCE,2020-02-13,SR2005.ZCE,SR,5790.0,5801.0,5736.0,5757.0,5766.0,354494.0,250112.0,tushare_contract
SR.ZCE,2020-02-14,SR2005.ZCE,SR,5708.0,5730.0,5651.0,5669.0,5678.0,435802.0,243528.0,tushare_contract
SR.ZCE,2020-02-17,SR2005.ZCE,SR,5669.0,5806.0,5669.0,5789.0,5761.0,611849.0,265514.0,tushare_contract
SR.ZCE,2020-02-18,SR2005.ZCE,SR,5755.0,5766.0,5724.0,5748.0,5746.0,357745.0,250648.0,tushare_contract
SR.ZCE,2020-02-19,SR2005.ZCE,SR,5770.0,5795.0,5746.0,5751.0,5765.0,342602.0,252095.0,tushare_contract
SR.ZCE,2020-02-20,SR2005.ZCE,SR,5760.0,5778.0,5737.0,5776.0,5759.0,317099.0,244793.0,tushare_contract
SR.ZCE,2020-02-21,SR2005.ZCE,SR,5762.0,5855.0,5747.0,5774.0,5801.0,615279.0,250069.0,tushare_contract
SR.ZCE,2020-02-24,SR2005.ZCE,SR,5783.0,5833.0,5775.0,5822.0,5812.0,444869.0,266168.0,tushare_contract
SR.ZCE,2020-02-25,SR2005.ZCE,SR,5770.0,5822.0,5750.0,5806.0,5796.0,339967.0,256874.0,tushare_contract
SR.ZCE,2020-02-26,SR2005.ZCE,SR,5796.0,5831.0,5726.0,5734.0,5776.0,431716.0,255594.0,tushare_contract
SR.ZCE,2020-02-27,SR2005.ZCE,SR,5705.0,5764.0,5704.0,5735.0,5739.0,321016.0,238690.0,tushare_contract
SR.ZCE,2020-02-28,SR2005.ZCE,SR,5691.0,5726.0,5634.0,5664.0,5672.0,499610.0,225343.0,tushare_contract
SR.ZCE,2020-03-02,SR2005.ZCE,SR,5690.0,5757.0,5686.0,5750.0,5725.0,324949.0,223594.0,tushare_contract
SR.ZCE,2020-03-03,SR2005.ZCE,SR,5736.0,5744.0,5670.0,5691.0,5699.0,367157.0,224261.0,tushare_contract
SR.ZCE,2020-03-04,SR2005.ZCE,SR,5693.0,5705.0,5664.0,5679.0,5684.0,208922.0,221943.0,tushare_contract
SR.ZCE,2020-03-05,SR2005.ZCE,SR,5660.0,5728.0,5648.0,5728.0,5692.0,313653.0,229633.0,tushare_contract
SR.ZCE,2020-03-06,SR2005.ZCE,SR,5715.0,5740.0,5702.0,5721.0,5719.0,320466.0,228661.0,tushare_contract
SR.ZCE,2020-03-09,SR2005.ZCE,SR,5624.0,5673.0,5510.0,5574.0,5580.0,782209.0,217329.0,tushare_contract
SR.ZCE,2020-03-10,SR2005.ZCE,SR,5593.0,5668.0,5593.0,5657.0,5635.0,322188.0,199198.0,tushare_contract
SR.ZCE,2020-03-11,SR2005.ZCE,SR,5647.0,5689.0,5625.0,5632.0,5643.0,244211.0,198034.0,tushare_contract
SR.ZCE,2020-03-12,SR2005.ZCE,SR,5597.0,5597.0,5534.0,5548.0,5563.0,369018.0,188801.0,tushare_contract
SR.ZCE,2020-03-13,SR2005.ZCE,SR,5476.0,5567.0,5404.0,5553.0,5474.0,435920.0,176157.0,tushare_contract
SR.ZCE,2020-03-16,SR2009.ZCE,SR,5488.0,5499.0,5444.0,5461.0,5468.0,84365.0,182582.0,tushare_contract
SR.ZCE,2020-03-17,SR2009.ZCE,SR,5390.0,5478.0,5367.0,5466.0,5435.0,105314.0,187723.0,tushare_contract
SR.ZCE,2020-03-18,SR2009.ZCE,SR,5450.0,5493.0,5435.0,5447.0,5463.0,105131.0,191259.0,tushare_contract
SR.ZCE,2020-03-19,SR2009.ZCE,SR,5437.0,5474.0,5365.0,5439.0,5422.0,176694.0,188856.0,tushare_contract
SR.ZCE,2020-03-20,SR2009.ZCE,SR,5455.0,5482.0,5440.0,5466.0,5465.0,93244.0,192231.0,tushare_contract
SR.ZCE,2020-03-23,SR2009.ZCE,SR,5440.0,5513.0,5399.0,5487.0,5467.0,175627.0,204723.0,tushare_contract
SR.ZCE,2020-03-24,SR2009.ZCE,SR,5512.0,5531.0,5474.0,5496.0,5506.0,122188.0,206317.0,tushare_contract
SR.ZCE,2020-03-25,SR2009.ZCE,SR,5531.0,5537.0,5466.0,5480.0,5504.0,115154.0,215446.0,tushare_contract
SR.ZCE,2020-03-26,SR2009.ZCE,SR,5486.0,5486.0,5436.0,5444.0,5457.0,129513.0,225125.0,tushare_contract
SR.ZCE,2020-03-27,SR2009.ZCE,SR,5451.0,5483.0,5431.0,5453.0,5465.0,154400.0,224270.0,tushare_contract
SR.ZCE,2020-03-30,SR2009.ZCE,SR,5450.0,5517.0,5437.0,5502.0,5495.0,212596.0,228411.0,tushare_contract
SR.ZCE,2020-03-31,SR2009.ZCE,SR,5480.0,5510.0,5462.0,5503.0,5486.0,189371.0,230075.0,tushare_contract
SR.ZCE,2020-04-01,SR2009.ZCE,SR,5492.0,5495.0,5350.0,5353.0,5430.0,352098.0,270846.0,tushare_contract
SR.ZCE,2020-04-02,SR2009.ZCE,SR,5310.0,5359.0,5247.0,5339.0,5302.0,407774.0,264930.0,tushare_contract
SR.ZCE,2020-04-03,SR2009.ZCE,SR,5345.0,5345.0,5257.0,5290.0,5289.0,359286.0,275816.0,tushare_contract
SR.ZCE,2020-04-07,SR2009.ZCE,SR,5310.0,5352.0,5290.0,5344.0,5332.0,214818.0,281902.0,tushare_contract
SR.ZCE,2020-04-08,SR2009.ZCE,SR,5316.0,5381.0,5302.0,5376.0,5349.0,219651.0,292196.0,tushare_contract
SR.ZCE,2020-04-09,SR2009.ZCE,SR,5381.0,5387.0,5340.0,5358.0,5361.0,205925.0,296372.0,tushare_contract
SR.ZCE,2020-04-10,SR2009.ZCE,SR,5357.0,5374.0,5328.0,5347.0,5351.0,215312.0,295004.0,tushare_contract
SR.ZCE,2020-04-13,SR2009.ZCE,SR,5343.0,5376.0,5308.0,5329.0,5351.0,240906.0,307761.0,tushare_contract
SR.ZCE,2020-04-14,SR2009.ZCE,SR,5308.0,5320.0,5230.0,5291.0,5272.0,311852.0,312188.0,tushare_contract
SR.ZCE,2020-04-15,SR2009.ZCE,SR,5285.0,5308.0,5267.0,5281.0,5295.0,191540.0,319380.0,tushare_contract
SR.ZCE,2020-04-16,SR2009.ZCE,SR,5281.0,5318.0,5253.0,5273.0,5279.0,214623.0,324706.0,tushare_contract
SR.ZCE,2020-04-17,SR2009.ZCE,SR,5281.0,5302.0,5257.0,5276.0,5282.0,201304.0,323582.0,tushare_contract
SR.ZCE,2020-04-20,SR2009.ZCE,SR,5290.0,5304.0,5253.0,5265.0,5280.0,331206.0,336424.0,tushare_contract
SR.ZCE,2020-04-21,SR2009.ZCE,SR,5227.0,5243.0,5151.0,5159.0,5187.0,325170.0,340760.0,tushare_contract
SR.ZCE,2020-04-22,SR2009.ZCE,SR,5147.0,5168.0,5094.0,5134.0,5134.0,262320.0,340633.0,tushare_contract
SR.ZCE,2020-04-23,SR2009.ZCE,SR,5150.0,5175.0,5138.0,5163.0,5159.0,196073.0,348917.0,tushare_contract
SR.ZCE,2020-04-24,SR2009.ZCE,SR,5159.0,5159.0,5086.0,5092.0,5116.0,334500.0,362916.0,tushare_contract
SR.ZCE,2020-04-27,SR2009.ZCE,SR,5036.0,5037.0,4915.0,4931.0,4961.0,468471.0,372731.0,tushare_contract
SR.ZCE,2020-04-28,SR2009.ZCE,SR,4889.0,4889.0,4762.0,4833.0,4805.0,753270.0,376418.0,tushare_contract
SR.ZCE,2020-04-29,SR2009.ZCE,SR,4873.0,4944.0,4854.0,4932.0,4902.0,401322.0,352956.0,tushare_contract
SR.ZCE,2020-04-30,SR2009.ZCE,SR,4998.0,5027.0,4970.0,5015.0,5005.0,300365.0,337513.0,tushare_contract
SR.ZCE,2020-05-06,SR2009.ZCE,SR,5089.0,5093.0,5021.0,5027.0,5047.0,170693.0,343440.0,tushare_contract
SR.ZCE,2020-05-07,SR2009.ZCE,SR,5003.0,5128.0,4988.0,5123.0,5071.0,421082.0,354401.0,tushare_contract
SR.ZCE,2020-05-08,SR2009.ZCE,SR,5126.0,5137.0,5084.0,5115.0,5115.0,358576.0,352595.0,tushare_contract
SR.ZCE,2020-05-11,SR2009.ZCE,SR,5101.0,5142.0,5093.0,5124.0,5119.0,295038.0,350330.0,tushare_contract
SR.ZCE,2020-05-12,SR2009.ZCE,SR,5122.0,5131.0,5035.0,5045.0,5078.0,355939.0,359146.0,tushare_contract
SR.ZCE,2020-05-13,SR2009.ZCE,SR,5068.0,5088.0,5015.0,5026.0,5052.0,367363.0,355689.0,tushare_contract
SR.ZCE,2020-05-14,SR2009.ZCE,SR,5027.0,5038.0,4861.0,4924.0,4931.0,923176.0,376681.0,tushare_contract
SR.ZCE,2020-05-15,SR2009.ZCE,SR,4945.0,4952.0,4892.0,4921.0,4926.0,547211.0,386763.0,tushare_contract
SR.ZCE,2020-05-18,SR2009.ZCE,SR,4927.0,4930.0,4866.0,4918.0,4904.0,466710.0,391007.0,tushare_contract
SR.ZCE,2020-05-19,SR2009.ZCE,SR,4920.0,4995.0,4895.0,4991.0,4956.0,550408.0,395455.0,tushare_contract
SR.ZCE,2020-05-20,SR2009.ZCE,SR,4992.0,5029.0,4974.0,5006.0,5005.0,467371.0,391630.0,tushare_contract
SR.ZCE,2020-05-21,SR2009.ZCE,SR,5035.0,5115.0,5027.0,5085.0,5082.0,637568.0,389647.0,tushare_contract
SR.ZCE,2020-05-22,SR2009.ZCE,SR,5085.0,5094.0,4962.0,4976.0,5019.0,687383.0,393787.0,tushare_contract
SR.ZCE,2020-05-25,SR2009.ZCE,SR,4942.0,5046.0,4937.0,5037.0,5005.0,609927.0,397166.0,tushare_contract
SR.ZCE,2020-05-26,SR2009.ZCE,SR,5033.0,5058.0,4984.0,5041.0,5018.0,556263.0,389227.0,tushare_contract
SR.ZCE,2020-05-27,SR2009.ZCE,SR,5049.0,5051.0,5005.0,5009.0,5029.0,434008.0,395035.0,tushare_contract
SR.ZCE,2020-05-28,SR2009.ZCE,SR,5004.0,5042.0,4964.0,5036.0,5011.0,524457.0,398547.0,tushare_contract
SR.ZCE,2020-05-29,SR2009.ZCE,SR,5025.0,5055.0,4936.0,4937.0,5000.0,670736.0,428539.0,tushare_contract
SR.ZCE,2020-06-01,SR2009.ZCE,SR,4930.0,4975.0,4910.0,4968.0,4948.0,533424.0,428349.0,tushare_contract
SR.ZCE,2020-06-02,SR2009.ZCE,SR,4953.0,4966.0,4929.0,4944.0,4947.0,401155.0,432104.0,tushare_contract
SR.ZCE,2020-06-03,SR2009.ZCE,SR,4950.0,5079.0,4948.0,5072.0,5018.0,650276.0,422379.0,tushare_contract
SR.ZCE,2020-06-04,SR2009.ZCE,SR,5069.0,5134.0,5032.0,5051.0,5080.0,747763.0,411961.0,tushare_contract
SR.ZCE,2020-06-05,SR2009.ZCE,SR,5040.0,5124.0,5039.0,5090.0,5090.0,556113.0,406916.0,tushare_contract
SR.ZCE,2020-06-08,SR2009.ZCE,SR,5120.0,5184.0,5086.0,5166.0,5140.0,676855.0,412138.0,tushare_contract
SR.ZCE,2020-06-09,SR2009.ZCE,SR,5167.0,5169.0,5050.0,5139.0,5134.0,532629.0,412827.0,tushare_contract
SR.ZCE,2020-06-10,SR2009.ZCE,SR,5140.0,5161.0,5060.0,5088.0,5110.0,569065.0,436483.0,tushare_contract
SR.ZCE,2020-06-11,SR2009.ZCE,SR,5100.0,5132.0,5011.0,5042.0,5087.0,708988.0,439773.0,tushare_contract
SR.ZCE,2020-06-12,SR2009.ZCE,SR,5016.0,5085.0,4983.0,5076.0,5039.0,565078.0,420898.0,tushare_contract
SR.ZCE,2020-06-15,SR2009.ZCE,SR,5080.0,5109.0,5024.0,5028.0,5069.0,521081.0,413268.0,tushare_contract
SR.ZCE,2020-06-16,SR2009.ZCE,SR,5020.0,5100.0,5019.0,5096.0,5064.0,415525.0,419339.0,tushare_contract
SR.ZCE,2020-06-17,SR2009.ZCE,SR,5112.0,5116.0,5049.0,5087.0,5082.0,457258.0,417785.0,tushare_contract
SR.ZCE,2020-06-18,SR2009.ZCE,SR,5087.0,5109.0,5071.0,5100.0,5091.0,400174.0,415846.0,tushare_contract
SR.ZCE,2020-06-19,SR2009.ZCE,SR,5090.0,5124.0,5074.0,5084.0,5093.0,441604.0,424064.0,tushare_contract
SR.ZCE,2020-06-22,SR2009.ZCE,SR,5094.0,5148.0,5082.0,5104.0,5109.0,483991.0,423629.0,tushare_contract
SR.ZCE,2020-06-23,SR2009.ZCE,SR,5107.0,5134.0,5090.0,5125.0,5115.0,375741.0,423476.0,tushare_contract
SR.ZCE,2020-06-24,SR2009.ZCE,SR,5120.0,5182.0,5100.0,5104.0,5142.0,653509.0,428681.0,tushare_contract
SR.ZCE,2020-06-29,SR2009.ZCE,SR,5084.0,5097.0,4968.0,4982.0,5019.0,538542.0,457213.0,tushare_contract
SR.ZCE,2020-06-30,SR2009.ZCE,SR,5000.0,5046.0,4989.0,5011.0,5015.0,566885.0,443920.0,tushare_contract
SR.ZCE,2020-07-01,SR2009.ZCE,SR,5021.0,5032.0,4997.0,5019.0,5013.0,358304.0,437381.0,tushare_contract
SR.ZCE,2020-07-02,SR2009.ZCE,SR,5028.0,5055.0,5022.0,5048.0,5038.0,385210.0,421938.0,tushare_contract
SR.ZCE,2020-07-03,SR2009.ZCE,SR,5043.0,5125.0,5033.0,5118.0,5077.0,546147.0,404680.0,tushare_contract
SR.ZCE,2020-07-06,SR2009.ZCE,SR,5128.0,5172.0,5119.0,5146.0,5144.0,493980.0,392153.0,tushare_contract
SR.ZCE,2020-07-07,SR2009.ZCE,SR,5143.0,5173.0,5119.0,5142.0,5144.0,378997.0,382911.0,tushare_contract
SR.ZCE,2020-07-08,SR2009.ZCE,SR,5144.0,5268.0,5131.0,5252.0,5220.0,682871.0,392240.0,tushare_contract
SR.ZCE,2020-07-09,SR2009.ZCE,SR,5250.0,5277.0,5214.0,5244.0,5244.0,486992.0,385500.0,tushare_contract
SR.ZCE,2020-07-10,SR2009.ZCE,SR,5244.0,5255.0,5181.0,5211.0,5217.0,488764.0,377345.0,tushare_contract
SR.ZCE,2020-07-13,SR2009.ZCE,SR,5218.0,5281.0,5188.0,5199.0,5238.0,496383.0,387872.0,tushare_contract
SR.ZCE,2020-07-14,SR2009.ZCE,SR,5191.0,5246.0,5191.0,5237.0,5224.0,395577.0,385078.0,tushare_contract
SR.ZCE,2020-07-15,SR2009.ZCE,SR,5225.0,5255.0,5195.0,5213.0,5218.0,446333.0,389749.0,tushare_contract
SR.ZCE,2020-07-16,SR2009.ZCE,SR,5230.0,5236.0,5161.0,5188.0,5198.0,561113.0,379541.0,tushare_contract
SR.ZCE,2020-07-17,SR2009.ZCE,SR,5188.0,5193.0,5095.0,5115.0,5143.0,501122.0,378966.0,tushare_contract
SR.ZCE,2020-07-20,SR2009.ZCE,SR,5121.0,5166.0,5096.0,5153.0,5134.0,381518.0,369579.0,tushare_contract
SR.ZCE,2020-07-21,SR2009.ZCE,SR,5149.0,5174.0,5134.0,5173.0,5156.0,309951.0,370291.0,tushare_contract
SR.ZCE,2020-07-22,SR2009.ZCE,SR,5183.0,5190.0,5106.0,5126.0,5147.0,468853.0,374883.0,tushare_contract
SR.ZCE,2020-07-23,SR2009.ZCE,SR,5130.0,5153.0,5100.0,5114.0,5126.0,365203.0,378891.0,tushare_contract
SR.ZCE,2020-07-24,SR2009.ZCE,SR,5102.0,5152.0,5052.0,5075.0,5101.0,548820.0,362160.0,tushare_contract
SR.ZCE,2020-07-27,SR2009.ZCE,SR,5074.0,5092.0,5004.0,5013.0,5045.0,468223.0,366334.0,tushare_contract
SR.ZCE,2020-07-28,SR2009.ZCE,SR,5050.0,5053.0,4990.0,5023.0,5025.0,496254.0,378372.0,tushare_contract
SR.ZCE,2020-07-29,SR2009.ZCE,SR,5024.0,5045.0,4993.0,5030.0,5017.0,388960.0,376828.0,tushare_contract
SR.ZCE,2020-07-30,SR2009.ZCE,SR,5030.0,5044.0,4999.0,5010.0,5020.0,298186.0,387221.0,tushare_contract
SR.ZCE,2020-07-31,SR2009.ZCE,SR,5011.0,5048.0,4949.0,5036.0,5006.0,557684.0,349050.0,tushare_contract
SR.ZCE,2020-08-03,SR2009.ZCE,SR,5048.0,5117.0,5035.0,5049.0,5062.0,453292.0,329842.0,tushare_contract
SR.ZCE,2020-08-04,SR2009.ZCE,SR,5039.0,5093.0,5036.0,5085.0,5066.0,280897.0,303058.0,tushare_contract
SR.ZCE,2020-08-05,SR2009.ZCE,SR,5080.0,5093.0,5043.0,5082.0,5070.0,288920.0,289026.0,tushare_contract
SR.ZCE,2020-08-06,SR2009.ZCE,SR,5081.0,5115.0,5023.0,5049.0,5067.0,356791.0,273678.0,tushare_contract
SR.ZCE,2020-08-07,SR2009.ZCE,SR,5053.0,5143.0,5041.0,5132.0,5104.0,376334.0,238374.0,tushare_contract
SR.ZCE,2020-08-10,SR2101.ZCE,SR,5099.0,5110.0,5042.0,5093.0,5079.0,514755.0,465594.0,tushare_contract
SR.ZCE,2020-08-11,SR2101.ZCE,SR,5094.0,5180.0,5025.0,5041.0,5098.0,730433.0,467977.0,tushare_contract
SR.ZCE,2020-08-12,SR2101.ZCE,SR,5051.0,5093.0,5008.0,5065.0,5059.0,495395.0,467265.0,tushare_contract
SR.ZCE,2020-08-13,SR2101.ZCE,SR,5079.0,5088.0,5034.0,5046.0,5058.0,369025.0,484929.0,tushare_contract
SR.ZCE,2020-08-14,SR2101.ZCE,SR,5060.0,5129.0,5050.0,5102.0,5092.0,651162.0,503347.0,tushare_contract
SR.ZCE,2020-08-17,SR2101.ZCE,SR,5110.0,5112.0,5028.0,5058.0,5064.0,463452.0,515184.0,tushare_contract
SR.ZCE,2020-08-18,SR2101.ZCE,SR,5083.0,5083.0,5041.0,5056.0,5061.0,317111.0,520459.0,tushare_contract
SR.ZCE,2020-08-19,SR2101.ZCE,SR,5050.0,5080.0,5035.0,5039.0,5058.0,460772.0,528544.0,tushare_contract
SR.ZCE,2020-08-20,SR2101.ZCE,SR,5047.0,5089.0,5039.0,5056.0,5062.0,494919.0,503179.0,tushare_contract
SR.ZCE,2020-08-21,SR2101.ZCE,SR,5051.0,5067.0,5009.0,5055.0,5037.0,525416.0,503720.0,tushare_contract
SR.ZCE,2020-08-24,SR2101.ZCE,SR,5052.0,5087.0,5032.0,5073.0,5060.0,437941.0,508915.0,tushare_contract
SR.ZCE,2020-08-25,SR2101.ZCE,SR,5079.0,5104.0,5060.0,5085.0,5079.0,371150.0,506593.0,tushare_contract
SR.ZCE,2020-08-26,SR2101.ZCE,SR,5085.0,5169.0,5073.0,5156.0,5124.0,647100.0,538137.0,tushare_contract
SR.ZCE,2020-08-27,SR2101.ZCE,SR,5150.0,5164.0,5128.0,5156.0,5146.0,390954.0,538404.0,tushare_contract
SR.ZCE,2020-08-28,SR2101.ZCE,SR,5157.0,5195.0,5120.0,5194.0,5156.0,536222.0,542928.0,tushare_contract
SR.ZCE,2020-08-31,SR2101.ZCE,SR,5188.0,5210.0,5173.0,5189.0,5190.0,410909.0,533204.0,tushare_contract
SR.ZCE,2020-09-01,SR2101.ZCE,SR,5192.0,5198.0,5138.0,5163.0,5166.0,400625.0,518907.0,tushare_contract
SR.ZCE,2020-09-02,SR2101.ZCE,SR,5170.0,5196.0,5143.0,5188.0,5171.0,381577.0,524378.0,tushare_contract
SR.ZCE,2020-09-03,SR2101.ZCE,SR,5185.0,5225.0,5144.0,5159.0,5174.0,545129.0,520557.0,tushare_contract
SR.ZCE,2020-09-04,SR2101.ZCE,SR,5138.0,5183.0,5085.0,5180.0,5129.0,568901.0,483033.0,tushare_contract
SR.ZCE,2020-09-07,SR2101.ZCE,SR,5181.0,5196.0,5161.0,5171.0,5177.0,364386.0,484512.0,tushare_contract
SR.ZCE,2020-09-08,SR2101.ZCE,SR,5173.0,5278.0,5173.0,5254.0,5233.0,628494.0,517322.0,tushare_contract
SR.ZCE,2020-09-09,SR2101.ZCE,SR,5248.0,5248.0,5144.0,5156.0,5190.0,681090.0,474443.0,tushare_contract
SR.ZCE,2020-09-10,SR2101.ZCE,SR,5166.0,5186.0,5141.0,5159.0,5169.0,283130.0,465660.0,tushare_contract
SR.ZCE,2020-09-11,SR2101.ZCE,SR,5158.0,5186.0,5136.0,5174.0,5164.0,397814.0,464106.0,tushare_contract
SR.ZCE,2020-09-14,SR2101.ZCE,SR,5174.0,5236.0,5165.0,5221.0,5200.0,409323.0,468500.0,tushare_contract
SR.ZCE,2020-09-15,SR2101.ZCE,SR,5215.0,5238.0,5192.0,5230.0,5219.0,372258.0,477644.0,tushare_contract
SR.ZCE,2020-09-16,SR2101.ZCE,SR,5235.0,5318.0,5217.0,5253.0,5267.0,803223.0,476022.0,tushare_contract
SR.ZCE,2020-09-17,SR2101.ZCE,SR,5257.0,5336.0,5251.0,5308.0,5298.0,534470.0,491208.0,tushare_contract
SR.ZCE,2020-09-18,SR2101.ZCE,SR,5311.0,5357.0,5288.0,5345.0,5330.0,460153.0,496654.0,tushare_contract
SR.ZCE,2020-09-21,SR2101.ZCE,SR,5338.0,5341.0,5290.0,5327.0,5317.0,425265.0,487600.0,tushare_contract
SR.ZCE,2020-09-22,SR2101.ZCE,SR,5318.0,5322.0,5223.0,5237.0,5264.0,524152.0,460717.0,tushare_contract
SR.ZCE,2020-09-23,SR2101.ZCE,SR,5258.0,5312.0,5231.0,5263.0,5271.0,503905.0,450408.0,tushare_contract
SR.ZCE,2020-09-24,SR2101.ZCE,SR,5260.0,5279.0,5188.0,5235.0,5240.0,520541.0,439674.0,tushare_contract
SR.ZCE,2020-09-25,SR2101.ZCE,SR,5233.0,5250.0,5214.0,5227.0,5233.0,331674.0,433506.0,tushare_contract
SR.ZCE,2020-09-28,SR2101.ZCE,SR,5234.0,5235.0,5160.0,5163.0,5201.0,422823.0,419776.0,tushare_contract
SR.ZCE,2020-09-29,SR2101.ZCE,SR,5172.0,5181.0,5095.0,5113.0,5129.0,410848.0,403492.0,tushare_contract
SR.ZCE,2020-09-30,SR2101.ZCE,SR,5118.0,5135.0,5080.0,5081.0,5111.0,310090.0,381273.0,tushare_contract
SR.ZCE,2020-10-09,SR2101.ZCE,SR,5146.0,5188.0,5141.0,5163.0,5161.0,250074.0,382134.0,tushare_contract
SR.ZCE,2020-10-12,SR2101.ZCE,SR,5165.0,5273.0,5165.0,5258.0,5235.0,445522.0,379549.0,tushare_contract
SR.ZCE,2020-10-13,SR2101.ZCE,SR,5275.0,5290.0,5205.0,5264.0,5254.0,456593.0,385628.0,tushare_contract
SR.ZCE,2020-10-14,SR2101.ZCE,SR,5270.0,5288.0,5246.0,5275.0,5270.0,324455.0,391182.0,tushare_contract
SR.ZCE,2020-10-15,SR2101.ZCE,SR,5280.0,5328.0,5258.0,5281.0,5293.0,488761.0,398165.0,tushare_contract
SR.ZCE,2020-10-16,SR2101.ZCE,SR,5266.0,5308.0,5231.0,5299.0,5280.0,451970.0,400584.0,tushare_contract
SR.ZCE,2020-10-19,SR2101.ZCE,SR,5307.0,5398.0,5261.0,5308.0,5318.0,806865.0,406303.0,tushare_contract
SR.ZCE,2020-10-20,SR2101.ZCE,SR,5313.0,5390.0,5309.0,5380.0,5358.0,539180.0,423826.0,tushare_contract
SR.ZCE,2020-10-21,SR2101.ZCE,SR,5377.0,5377.0,5327.0,5343.0,5351.0,424683.0,411539.0,tushare_contract
SR.ZCE,2020-10-22,SR2101.ZCE,SR,5340.0,5353.0,5281.0,5308.0,5310.0,423140.0,398852.0,tushare_contract
SR.ZCE,2020-10-23,SR2101.ZCE,SR,5330.0,5365.0,5234.0,5246.0,5310.0,662840.0,392212.0,tushare_contract
SR.ZCE,2020-10-26,SR2101.ZCE,SR,5252.0,5270.0,5213.0,5251.0,5246.0,421279.0,387084.0,tushare_contract
SR.ZCE,2020-10-27,SR2101.ZCE,SR,5243.0,5274.0,5218.0,5237.0,5246.0,400671.0,388412.0,tushare_contract
SR.ZCE,2020-10-28,SR2101.ZCE,SR,5245.0,5257.0,5189.0,5250.0,5227.0,462036.0,382912.0,tushare_contract
SR.ZCE,2020-10-29,SR2101.ZCE,SR,5225.0,5278.0,5195.0,5270.0,5245.0,490725.0,378743.0,tushare_contract
SR.ZCE,2020-10-30,SR2101.ZCE,SR,5240.0,5259.0,5192.0,5203.0,5220.0,573536.0,375754.0,tushare_contract
SR.ZCE,2020-11-02,SR2101.ZCE,SR,5184.0,5227.0,5135.0,5142.0,5187.0,525262.0,382545.0,tushare_contract
SR.ZCE,2020-11-03,SR2101.ZCE,SR,5156.0,5242.0,5151.0,5200.0,5203.0,433421.0,366616.0,tushare_contract
SR.ZCE,2020-11-04,SR2101.ZCE,SR,5220.0,5220.0,5131.0,5142.0,5169.0,473010.0,386723.0,tushare_contract
SR.ZCE,2020-11-05,SR2101.ZCE,SR,5145.0,5164.0,5106.0,5117.0,5141.0,380080.0,387095.0,tushare_contract
SR.ZCE,2020-11-06,SR2101.ZCE,SR,5117.0,5139.0,5085.0,5121.0,5115.0,394265.0,379632.0,tushare_contract
SR.ZCE,2020-11-09,SR2101.ZCE,SR,5130.0,5168.0,5092.0,5108.0,5133.0,464813.0,384143.0,tushare_contract
SR.ZCE,2020-11-10,SR2101.ZCE,SR,5133.0,5145.0,5103.0,5127.0,5127.0,384848.0,369096.0,tushare_contract
SR.ZCE,2020-11-11,SR2101.ZCE,SR,5126.0,5150.0,5107.0,5139.0,5126.0,353184.0,369371.0,tushare_contract
SR.ZCE,2020-11-12,SR2101.ZCE,SR,5132.0,5173.0,5128.0,5144.0,5149.0,403730.0,366744.0,tushare_contract
SR.ZCE,2020-11-13,SR2101.ZCE,SR,5150.0,5178.0,5110.0,5123.0,5144.0,465666.0,373729.0,tushare_contract
SR.ZCE,2020-11-16,SR2101.ZCE,SR,5135.0,5138.0,5051.0,5057.0,5084.0,483977.0,381010.0,tushare_contract
SR.ZCE,2020-11-17,SR2101.ZCE,SR,5078.0,5107.0,5075.0,5096.0,5090.0,346467.0,344321.0,tushare_contract
SR.ZCE,2020-11-18,SR2101.ZCE,SR,5094.0,5100.0,5018.0,5040.0,5045.0,411635.0,351293.0,tushare_contract
SR.ZCE,2020-11-19,SR2101.ZCE,SR,5042.0,5066.0,5021.0,5056.0,5042.0,286584.0,335648.0,tushare_contract
SR.ZCE,2020-11-20,SR2101.ZCE,SR,5053.0,5069.0,5031.0,5042.0,5047.0,276431.0,332771.0,tushare_contract
SR.ZCE,2020-11-23,SR2101.ZCE,SR,5042.0,5133.0,5034.0,5130.0,5081.0,498688.0,293456.0,tushare_contract
SR.ZCE,2020-11-24,SR2101.ZCE,SR,5130.0,5155.0,5117.0,5144.0,5138.0,336358.0,267982.0,tushare_contract
SR.ZCE,2020-11-25,SR2101.ZCE,SR,5137.0,5166.0,5129.0,5164.0,5148.0,263833.0,257767.0,tushare_contract
SR.ZCE,2020-11-26,SR2101.ZCE,SR,5164.0,5169.0,5124.0,5133.0,5142.0,230522.0,248368.0,tushare_contract
SR.ZCE,2020-11-27,SR2101.ZCE,SR,5133.0,5154.0,5090.0,5108.0,5121.0,313419.0,227501.0,tushare_contract
SR.ZCE,2020-11-30,SR2101.ZCE,SR,5123.0,5162.0,5101.0,5117.0,5134.0,311698.0,207060.0,tushare_contract
SR.ZCE,2020-12-01,SR2101.ZCE,SR,5155.0,5155.0,5047.0,5066.0,5079.0,281391.0,197206.0,tushare_contract
SR.ZCE,2020-12-02,SR2101.ZCE,SR,5066.0,5086.0,5048.0,5051.0,5066.0,222379.0,187621.0,tushare_contract
SR.ZCE,2020-12-03,SR2101.ZCE,SR,5049.0,5069.0,4984.0,5010.0,5027.0,299279.0,173078.0,tushare_contract
SR.ZCE,2020-12-04,SR2101.ZCE,SR,5022.0,5068.0,5013.0,5057.0,5039.0,172542.0,149840.0,tushare_contract
SR.ZCE,2020-12-07,SR2105.ZCE,SR,4997.0,5020.0,4975.0,5012.0,4997.0,293862.0,400398.0,tushare_contract
SR.ZCE,2020-12-08,SR2105.ZCE,SR,5012.0,5034.0,5002.0,5009.0,5017.0,233335.0,408227.0,tushare_contract
SR.ZCE,2020-12-09,SR2105.ZCE,SR,5005.0,5007.0,4929.0,4935.0,4955.0,393891.0,450662.0,tushare_contract
SR.ZCE,2020-12-10,SR2105.ZCE,SR,4950.0,5028.0,4937.0,5015.0,4982.0,423831.0,416801.0,tushare_contract
SR.ZCE,2020-12-11,SR2105.ZCE,SR,5004.0,5045.0,4990.0,5027.0,5015.0,339659.0,400829.0,tushare_contract
SR.ZCE,2020-12-14,SR2105.ZCE,SR,5010.0,5060.0,5006.0,5039.0,5032.0,310918.0,400267.0,tushare_contract
SR.ZCE,2020-12-15,SR2105.ZCE,SR,5038.0,5075.0,5029.0,5047.0,5051.0,306486.0,400829.0,tushare_contract
SR.ZCE,2020-12-16,SR2105.ZCE,SR,5047.0,5062.0,5031.0,5054.0,5048.0,217237.0,398390.0,tushare_contract
SR.ZCE,2020-12-17,SR2105.ZCE,SR,5056.0,5197.0,5056.0,5185.0,5129.0,616122.0,409938.0,tushare_contract
SR.ZCE,2020-12-18,SR2105.ZCE,SR,5185.0,5222.0,5164.0,5205.0,5193.0,384333.0,399999.0,tushare_contract
SR.ZCE,2020-12-21,SR2105.ZCE,SR,5201.0,5208.0,5154.0,5186.0,5183.0,388643.0,397577.0,tushare_contract
SR.ZCE,2020-12-22,SR2105.ZCE,SR,5180.0,5268.0,5156.0,5202.0,5217.0,680685.0,396298.0,tushare_contract
SR.ZCE,2020-12-23,SR2105.ZCE,SR,5212.0,5262.0,5170.0,5245.0,5232.0,709862.0,396121.0,tushare_contract
SR.ZCE,2020-12-24,SR2105.ZCE,SR,5280.0,5292.0,5208.0,5222.0,5237.0,603802.0,408916.0,tushare_contract
SR.ZCE,2020-12-25,SR2105.ZCE,SR,5222.0,5235.0,5178.0,5218.0,5206.0,423791.0,411782.0,tushare_contract
SR.ZCE,2020-12-28,SR2105.ZCE,SR,5218.0,5262.0,5178.0,5210.0,5230.0,497913.0,408247.0,tushare_contract
SR.ZCE,2020-12-29,SR2105.ZCE,SR,5227.0,5296.0,5211.0,5244.0,5250.0,655802.0,407961.0,tushare_contract
SR.ZCE,2020-12-30,SR2105.ZCE,SR,5240.0,5295.0,5194.0,5281.0,5249.0,546588.0,425945.0,tushare_contract
SR.ZCE,2020-12-31,SR2105.ZCE,SR,5295.0,5302.0,5203.0,5215.0,5251.0,602325.0,438538.0,tushare_contract
SR.ZCE,2021-01-04,SR2105.ZCE,SR,5230.0,5331.0,5220.0,5330.0,5287.0,490715.0,467893.0,tushare_contract
SR.ZCE,2021-01-05,SR2105.ZCE,SR,5335.0,5364.0,5310.0,5340.0,5341.0,480371.0,467109.0,tushare_contract
SR.ZCE,2021-01-06,SR2105.ZCE,SR,5340.0,5374.0,5315.0,5355.0,5341.0,487336.0,477576.0,tushare_contract
SR.ZCE,2021-01-07,SR2105.ZCE,SR,5351.0,5363.0,5278.0,5337.0,5331.0,512167.0,478806.0,tushare_contract
SR.ZCE,2021-01-08,SR2105.ZCE,SR,5320.0,5330.0,5224.0,5266.0,5276.0,617814.0,470725.0,tushare_contract
SR.ZCE,2021-01-11,SR2105.ZCE,SR,5268.0,5281.0,5160.0,5179.0,5214.0,547105.0,439829.0,tushare_contract
SR.ZCE,2021-01-12,SR2105.ZCE,SR,5180.0,5225.0,5180.0,5209.0,5206.0,371776.0,442865.0,tushare_contract
SR.ZCE,2021-01-13,SR2105.ZCE,SR,5220.0,5237.0,5170.0,5225.0,5211.0,467543.0,448147.0,tushare_contract
SR.ZCE,2021-01-14,SR2105.ZCE,SR,5230.0,5288.0,5229.0,5273.0,5263.0,415275.0,444920.0,tushare_contract
SR.ZCE,2021-01-15,SR2105.ZCE,SR,5291.0,5467.0,5263.0,5450.0,5388.0,856882.0,477611.0,tushare_contract
SR.ZCE,2021-01-18,SR2105.ZCE,SR,5435.0,5490.0,5413.0,5448.0,5443.0,472091.0,480281.0,tushare_contract
SR.ZCE,2021-01-19,SR2105.ZCE,SR,5435.0,5463.0,5404.0,5435.0,5435.0,434684.0,475454.0,tushare_contract
SR.ZCE,2021-01-20,SR2105.ZCE,SR,5445.0,5449.0,5313.0,5330.0,5365.0,613407.0,449477.0,tushare_contract
SR.ZCE,2021-01-21,SR2105.ZCE,SR,5336.0,5355.0,5321.0,5332.0,5341.0,355624.0,446682.0,tushare_contract
SR.ZCE,2021-01-22,SR2105.ZCE,SR,5318.0,5329.0,5236.0,5258.0,5279.0,585333.0,436931.0,tushare_contract
SR.ZCE,2021-01-25,SR2105.ZCE,SR,5245.0,5273.0,5223.0,5262.0,5256.0,357607.0,445115.0,tushare_contract
SR.ZCE,2021-01-26,SR2105.ZCE,SR,5259.0,5294.0,5231.0,5268.0,5257.0,417138.0,456663.0,tushare_contract
SR.ZCE,2021-01-27,SR2105.ZCE,SR,5268.0,5299.0,5252.0,5286.0,5277.0,331551.0,463684.0,tushare_contract
SR.ZCE,2021-01-28,SR2105.ZCE,SR,5300.0,5310.0,5211.0,5226.0,5248.0,414433.0,462974.0,tushare_contract
SR.ZCE,2021-01-29,SR2105.ZCE,SR,5230.0,5257.0,5202.0,5215.0,5224.0,323406.0,462388.0,tushare_contract
SR.ZCE,2021-02-01,SR2105.ZCE,SR,5227.0,5274.0,5220.0,5266.0,5248.0,321056.0,451798.0,tushare_contract
SR.ZCE,2021-02-02,SR2105.ZCE,SR,5270.0,5305.0,5248.0,5283.0,5277.0,391150.0,435585.0,tushare_contract
SR.ZCE,2021-02-03,SR2105.ZCE,SR,5283.0,5334.0,5264.0,5328.0,5307.0,466886.0,430762.0,tushare_contract
SR.ZCE,2021-02-04,SR2105.ZCE,SR,5325.0,5326.0,5281.0,5318.0,5307.0,358887.0,418728.0,tushare_contract
SR.ZCE,2021-02-05,SR2105.ZCE,SR,5318.0,5355.0,5291.0,5342.0,5324.0,395912.0,424176.0,tushare_contract
SR.ZCE,2021-02-08,SR2105.ZCE,SR,5345.0,5376.0,5292.0,5305.0,5331.0,419121.0,422257.0,tushare_contract
SR.ZCE,2021-02-09,SR2105.ZCE,SR,5317.0,5317.0,5235.0,5248.0,5267.0,394046.0,423626.0,tushare_contract
SR.ZCE,2021-02-10,SR2105.ZCE,SR,5251.0,5271.0,5225.0,5238.0,5247.0,252766.0,417438.0,tushare_contract
SR.ZCE,2021-02-18,SR2105.ZCE,SR,5288.0,5387.0,5275.0,5383.0,5338.0,336469.0,414810.0,tushare_contract
SR.ZCE,2021-02-19,SR2105.ZCE,SR,5389.0,5440.0,5381.0,5429.0,5412.0,368407.0,424180.0,tushare_contract
SR.ZCE,2021-02-22,SR2105.ZCE,SR,5440.0,5455.0,5414.0,5441.0,5432.0,363227.0,430038.0,tushare_contract
SR.ZCE,2021-02-23,SR2105.ZCE,SR,5440.0,5526.0,5392.0,5472.0,5469.0,563798.0,432351.0,tushare_contract
SR.ZCE,2021-02-24,SR2105.ZCE,SR,5473.0,5485.0,5412.0,5446.0,5444.0,401209.0,424866.0,tushare_contract
SR.ZCE,2021-02-25,SR2105.ZCE,SR,5460.0,5557.0,5447.0,5500.0,5501.0,558502.0,451587.0,tushare_contract
SR.ZCE,2021-02-26,SR2105.ZCE,SR,5503.0,5517.0,5353.0,5390.0,5428.0,513024.0,413458.0,tushare_contract
SR.ZCE,2021-03-01,SR2105.ZCE,SR,5368.0,5454.0,5340.0,5453.0,5410.0,430974.0,400460.0,tushare_contract
SR.ZCE,2021-03-02,SR2105.ZCE,SR,5455.0,5486.0,5373.0,5433.0,5431.0,530874.0,380854.0,tushare_contract
SR.ZCE,2021-03-03,SR2105.ZCE,SR,5420.0,5518.0,5417.0,5517.0,5477.0,505026.0,401469.0,tushare_contract
SR.ZCE,2021-03-04,SR2105.ZCE,SR,5500.0,5522.0,5454.0,5494.0,5485.0,505551.0,390895.0,tushare_contract
SR.ZCE,2021-03-05,SR2105.ZCE,SR,5500.0,5560.0,5406.0,5409.0,5483.0,756177.0,364425.0,tushare_contract
SR.ZCE,2021-03-08,SR2105.ZCE,SR,5402.0,5458.0,5384.0,5434.0,5423.0,440816.0,355676.0,tushare_contract
SR.ZCE,2021-03-09,SR2105.ZCE,SR,5432.0,5435.0,5364.0,5366.0,5393.0,340312.0,345147.0,tushare_contract
SR.ZCE,2021-03-10,SR2105.ZCE,SR,5361.0,5375.0,5310.0,5340.0,5345.0,362098.0,334445.0,tushare_contract
SR.ZCE,2021-03-11,SR2105.ZCE,SR,5345.0,5388.0,5342.0,5384.0,5367.0,284677.0,324325.0,tushare_contract
SR.ZCE,2021-03-12,SR2105.ZCE,SR,5390.0,5454.0,5370.0,5428.0,5412.0,368024.0,306561.0,tushare_contract
SR.ZCE,2021-03-15,SR2105.ZCE,SR,5418.0,5419.0,5335.0,5351.0,5367.0,335660.0,299446.0,tushare_contract
SR.ZCE,2021-03-16,SR2105.ZCE,SR,5345.0,5361.0,5322.0,5336.0,5340.0,242058.0,294202.0,tushare_contract
SR.ZCE,2021-03-17,SR2105.ZCE,SR,5360.0,5390.0,5346.0,5374.0,5369.0,252227.0,273967.0,tushare_contract
SR.ZCE,2021-03-18,SR2105.ZCE,SR,5350.0,5406.0,5342.0,5397.0,5377.0,246637.0,259439.0,tushare_contract
SR.ZCE,2021-03-19,SR2105.ZCE,SR,5386.0,5390.0,5285.0,5289.0,5325.0,352031.0,248023.0,tushare_contract
SR.ZCE,2021-03-22,SR2105.ZCE,SR,5290.0,5320.0,5290.0,5303.0,5306.0,149510.0,237029.0,tushare_contract
SR.ZCE,2021-03-23,SR2105.ZCE,SR,5301.0,5309.0,5276.0,5304.0,5294.0,159391.0,230452.0,tushare_contract
SR.ZCE,2021-03-24,SR2105.ZCE,SR,5270.0,5325.0,5246.0,5318.0,5287.0,219843.0,219749.0,tushare_contract
SR.ZCE,2021-03-25,SR2105.ZCE,SR,5313.0,5349.0,5305.0,5337.0,5332.0,141155.0,204693.0,tushare_contract
SR.ZCE,2021-03-26,SR2105.ZCE,SR,5300.0,5315.0,5260.0,5272.0,5283.0,189714.0,207189.0,tushare_contract
SR.ZCE,2021-03-29,SR2109.ZCE,SR,5360.0,5371.0,5295.0,5313.0,5333.0,293189.0,439785.0,tushare_contract
SR.ZCE,2021-03-30,SR2109.ZCE,SR,5313.0,5347.0,5312.0,5324.0,5329.0,173781.0,440268.0,tushare_contract
SR.ZCE,2021-03-31,SR2109.ZCE,SR,5321.0,5346.0,5260.0,5269.0,5299.0,265596.0,465085.0,tushare_contract
SR.ZCE,2021-04-01,SR2109.ZCE,SR,5271.0,5338.0,5270.0,5330.0,5304.0,238590.0,451849.0,tushare_contract
SR.ZCE,2021-04-02,SR2109.ZCE,SR,5325.0,5336.0,5309.0,5333.0,5323.0,183958.0,453358.0,tushare_contract
SR.ZCE,2021-04-06,SR2109.ZCE,SR,5338.0,5389.0,5331.0,5372.0,5371.0,204133.0,436482.0,tushare_contract
SR.ZCE,2021-04-07,SR2109.ZCE,SR,5379.0,5385.0,5352.0,5377.0,5368.0,185042.0,438707.0,tushare_contract
SR.ZCE,2021-04-08,SR2109.ZCE,SR,5377.0,5384.0,5332.0,5362.0,5365.0,265521.0,443416.0,tushare_contract
SR.ZCE,2021-04-09,SR2109.ZCE,SR,5361.0,5367.0,5315.0,5362.0,5342.0,269421.0,452798.0,tushare_contract
SR.ZCE,2021-04-12,SR2109.ZCE,SR,5375.0,5413.0,5344.0,5348.0,5388.0,432914.0,454949.0,tushare_contract
SR.ZCE,2021-04-13,SR2109.ZCE,SR,5355.0,5365.0,5302.0,5314.0,5329.0,333772.0,475900.0,tushare_contract
SR.ZCE,2021-04-14,SR2109.ZCE,SR,5338.0,5338.0,5271.0,5272.0,5295.0,314486.0,504391.0,tushare_contract
SR.ZCE,2021-04-15,SR2109.ZCE,SR,5298.0,5316.0,5288.0,5309.0,5303.0,243752.0,511681.0,tushare_contract
SR.ZCE,2021-04-16,SR2109.ZCE,SR,5319.0,5420.0,5312.0,5410.0,5378.0,482048.0,467604.0,tushare_contract
SR.ZCE,2021-04-19,SR2109.ZCE,SR,5410.0,5453.0,5386.0,5449.0,5426.0,335505.0,484942.0,tushare_contract
SR.ZCE,2021-04-20,SR2109.ZCE,SR,5449.0,5451.0,5411.0,5443.0,5432.0,223282.0,489723.0,tushare_contract
SR.ZCE,2021-04-21,SR2109.ZCE,SR,5470.0,5495.0,5446.0,5464.0,5469.0,308084.0,493886.0,tushare_contract
SR.ZCE,2021-04-22,SR2109.ZCE,SR,5456.0,5494.0,5431.0,5486.0,5474.0,334383.0,507468.0,tushare_contract
SR.ZCE,2021-04-23,SR2109.ZCE,SR,5494.0,5510.0,5471.0,5482.0,5490.0,287485.0,513323.0,tushare_contract
SR.ZCE,2021-04-26,SR2109.ZCE,SR,5490.0,5528.0,5471.0,5490.0,5493.0,351376.0,510031.0,tushare_contract
SR.ZCE,2021-04-27,SR2109.ZCE,SR,5490.0,5538.0,5464.0,5534.0,5508.0,339575.0,527565.0,tushare_contract
SR.ZCE,2021-04-28,SR2109.ZCE,SR,5534.0,5594.0,5511.0,5542.0,5554.0,382329.0,533623.0,tushare_contract
SR.ZCE,2021-04-29,SR2109.ZCE,SR,5525.0,5555.0,5505.0,5550.0,5523.0,289420.0,531369.0,tushare_contract
SR.ZCE,2021-04-30,SR2109.ZCE,SR,5550.0,5562.0,5460.0,5464.0,5498.0,353289.0,491039.0,tushare_contract
SR.ZCE,2021-05-06,SR2109.ZCE,SR,5520.0,5575.0,5506.0,5571.0,5536.0,282980.0,508825.0,tushare_contract
SR.ZCE,2021-05-07,SR2109.ZCE,SR,5571.0,5612.0,5555.0,5610.0,5585.0,459084.0,533452.0,tushare_contract
SR.ZCE,2021-05-10,SR2109.ZCE,SR,5585.0,5635.0,5579.0,5626.0,5608.0,498625.0,534741.0,tushare_contract
SR.ZCE,2021-05-11,SR2109.ZCE,SR,5635.0,5667.0,5576.0,5627.0,5612.0,463896.0,522618.0,tushare_contract
SR.ZCE,2021-05-12,SR2109.ZCE,SR,5652.0,5822.0,5645.0,5786.0,5767.0,764264.0,563530.0,tushare_contract
SR.ZCE,2021-05-13,SR2109.ZCE,SR,5747.0,5797.0,5688.0,5720.0,5744.0,597725.0,541920.0,tushare_contract
SR.ZCE,2021-05-14,SR2109.ZCE,SR,5690.0,5700.0,5609.0,5665.0,5651.0,589340.0,523242.0,tushare_contract
SR.ZCE,2021-05-17,SR2109.ZCE,SR,5665.0,5684.0,5614.0,5636.0,5647.0,362085.0,525848.0,tushare_contract
SR.ZCE,2021-05-18,SR2109.ZCE,SR,5619.0,5688.0,5603.0,5672.0,5660.0,383560.0,536219.0,tushare_contract
SR.ZCE,2021-05-19,SR2109.ZCE,SR,5674.0,5716.0,5585.0,5598.0,5655.0,606789.0,520772.0,tushare_contract
SR.ZCE,2021-05-20,SR2109.ZCE,SR,5576.0,5616.0,5526.0,5613.0,5563.0,448366.0,495865.0,tushare_contract
SR.ZCE,2021-05-21,SR2109.ZCE,SR,5620.0,5655.0,5583.0,5639.0,5619.0,460504.0,491446.0,tushare_contract
SR.ZCE,2021-05-24,SR2109.ZCE,SR,5610.0,5615.0,5552.0,5597.0,5583.0,363067.0,485159.0,tushare_contract
SR.ZCE,2021-05-25,SR2109.ZCE,SR,5604.0,5633.0,5585.0,5623.0,5611.0,302860.0,487598.0,tushare_contract
SR.ZCE,2021-05-26,SR2109.ZCE,SR,5642.0,5653.0,5567.0,5573.0,5612.0,367579.0,491955.0,tushare_contract
SR.ZCE,2021-05-27,SR2109.ZCE,SR,5560.0,5570.0,5495.0,5516.0,5534.0,391156.0,492642.0,tushare_contract
SR.ZCE,2021-05-28,SR2109.ZCE,SR,5537.0,5555.0,5505.0,5529.0,5532.0,305574.0,490419.0,tushare_contract
SR.ZCE,2021-05-31,SR2109.ZCE,SR,5559.0,5583.0,5535.0,5548.0,5559.0,313427.0,480899.0,tushare_contract
SR.ZCE,2021-06-01,SR2109.ZCE,SR,5551.0,5610.0,5551.0,5609.0,5584.0,296009.0,472744.0,tushare_contract
SR.ZCE,2021-06-02,SR2109.ZCE,SR,5625.0,5648.0,5582.0,5587.0,5622.0,302520.0,454614.0,tushare_contract
SR.ZCE,2021-06-03,SR2109.ZCE,SR,5590.0,5642.0,5588.0,5636.0,5614.0,247931.0,466093.0,tushare_contract
SR.ZCE,2021-06-04,SR2109.ZCE,SR,5615.0,5617.0,5521.0,5532.0,5552.0,371863.0,477180.0,tushare_contract
SR.ZCE,2021-06-07,SR2109.ZCE,SR,5535.0,5574.0,5492.0,5492.0,5546.0,304103.0,487878.0,tushare_contract
SR.ZCE,2021-06-08,SR2109.ZCE,SR,5492.0,5494.0,5438.0,5442.0,5458.0,377580.0,519891.0,tushare_contract
SR.ZCE,2021-06-09,SR2109.ZCE,SR,5455.0,5482.0,5452.0,5469.0,5468.0,217390.0,527013.0,tushare_contract
SR.ZCE,2021-06-10,SR2109.ZCE,SR,5467.0,5545.0,5443.0,5529.0,5496.0,409222.0,507554.0,tushare_contract
SR.ZCE,2021-06-11,SR2109.ZCE,SR,5529.0,5563.0,5516.0,5561.0,5537.0,256640.0,478278.0,tushare_contract
SR.ZCE,2021-06-15,SR2109.ZCE,SR,5520.0,5524.0,5458.0,5479.0,5482.0,248455.0,480576.0,tushare_contract
SR.ZCE,2021-06-16,SR2109.ZCE,SR,5477.0,5484.0,5402.0,5407.0,5434.0,423828.0,530613.0,tushare_contract
SR.ZCE,2021-06-17,SR2109.ZCE,SR,5426.0,5432.0,5380.0,5413.0,5407.0,316043.0,541401.0,tushare_contract
SR.ZCE,2021-06-18,SR2109.ZCE,SR,5375.0,5415.0,5331.0,5406.0,5380.0,439316.0,534956.0,tushare_contract
SR.ZCE,2021-06-21,SR2109.ZCE,SR,5404.0,5418.0,5372.0,5389.0,5398.0,292678.0,534186.0,tushare_contract
SR.ZCE,2021-06-22,SR2109.ZCE,SR,5378.0,5454.0,5373.0,5446.0,5425.0,283460.0,520794.0,tushare_contract
SR.ZCE,2021-06-23,SR2109.ZCE,SR,5431.0,5482.0,5423.0,5475.0,5452.0,258062.0,501698.0,tushare_contract
SR.ZCE,2021-06-24,SR2109.ZCE,SR,5481.0,5542.0,5481.0,5498.0,5512.0,346581.0,466391.0,tushare_contract
SR.ZCE,2021-06-25,SR2109.ZCE,SR,5497.0,5554.0,5472.0,5539.0,5519.0,307651.0,462754.0,tushare_contract
SR.ZCE,2021-06-28,SR2109.ZCE,SR,5537.0,5584.0,5520.0,5545.0,5546.0,327012.0,461272.0,tushare_contract
SR.ZCE,2021-06-29,SR2109.ZCE,SR,5545.0,5595.0,5535.0,5588.0,5573.0,325056.0,460847.0,tushare_contract
SR.ZCE,2021-06-30,SR2109.ZCE,SR,5592.0,5607.0,5562.0,5605.0,5586.0,328187.0,461122.0,tushare_contract
SR.ZCE,2021-07-01,SR2109.ZCE,SR,5605.0,5644.0,5598.0,5616.0,5619.0,372859.0,464730.0,tushare_contract
SR.ZCE,2021-07-02,SR2109.ZCE,SR,5640.0,5712.0,5624.0,5668.0,5667.0,449972.0,458369.0,tushare_contract
SR.ZCE,2021-07-05,SR2109.ZCE,SR,5691.0,5697.0,5630.0,5648.0,5655.0,320588.0,457496.0,tushare_contract
SR.ZCE,2021-07-06,SR2109.ZCE,SR,5650.0,5688.0,5641.0,5672.0,5659.0,272697.0,458552.0,tushare_contract
SR.ZCE,2021-07-07,SR2109.ZCE,SR,5669.0,5670.0,5565.0,5604.0,5600.0,426252.0,444054.0,tushare_contract
SR.ZCE,2021-07-08,SR2109.ZCE,SR,5587.0,5611.0,5553.0,5592.0,5584.0,318225.0,428773.0,tushare_contract
SR.ZCE,2021-07-09,SR2109.ZCE,SR,5580.0,5589.0,5506.0,5517.0,5536.0,391548.0,422705.0,tushare_contract
SR.ZCE,2021-07-12,SR2109.ZCE,SR,5501.0,5581.0,5501.0,5554.0,5551.0,333844.0,414294.0,tushare_contract
SR.ZCE,2021-07-13,SR2109.ZCE,SR,5540.0,5556.0,5466.0,5481.0,5511.0,365806.0,426583.0,tushare_contract
SR.ZCE,2021-07-14,SR2109.ZCE,SR,5467.0,5523.0,5465.0,5510.0,5497.0,302432.0,422308.0,tushare_contract
SR.ZCE,2021-07-15,SR2109.ZCE,SR,5515.0,5541.0,5481.0,5520.0,5513.0,363917.0,419641.0,tushare_contract
SR.ZCE,2021-07-16,SR2109.ZCE,SR,5515.0,5548.0,5473.0,5526.0,5514.0,424463.0,422740.0,tushare_contract
SR.ZCE,2021-07-19,SR2109.ZCE,SR,5539.0,5621.0,5529.0,5609.0,5589.0,445132.0,413074.0,tushare_contract
SR.ZCE,2021-07-20,SR2109.ZCE,SR,5580.0,5605.0,5516.0,5570.0,5561.0,390639.0,385981.0,tushare_contract
SR.ZCE,2021-07-21,SR2109.ZCE,SR,5572.0,5616.0,5563.0,5594.0,5589.0,311821.0,388119.0,tushare_contract
SR.ZCE,2021-07-22,SR2109.ZCE,SR,5595.0,5640.0,5588.0,5625.0,5615.0,354825.0,395146.0,tushare_contract
SR.ZCE,2021-07-23,SR2109.ZCE,SR,5625.0,5635.0,5571.0,5599.0,5599.0,355139.0,375458.0,tushare_contract
SR.ZCE,2021-07-26,SR2109.ZCE,SR,5636.0,5649.0,5540.0,5544.0,5604.0,501281.0,355311.0,tushare_contract
SR.ZCE,2021-07-27,SR2109.ZCE,SR,5574.0,5667.0,5565.0,5654.0,5625.0,447779.0,344643.0,tushare_contract
SR.ZCE,2021-07-28,SR2109.ZCE,SR,5660.0,5677.0,5617.0,5641.0,5650.0,292843.0,341220.0,tushare_contract
SR.ZCE,2021-07-29,SR2109.ZCE,SR,5654.0,5682.0,5629.0,5675.0,5658.0,271882.0,347082.0,tushare_contract
SR.ZCE,2021-07-30,SR2109.ZCE,SR,5663.0,5670.0,5600.0,5621.0,5627.0,345601.0,335740.0,tushare_contract
SR.ZCE,2021-08-02,SR2109.ZCE,SR,5618.0,5619.0,5550.0,5582.0,5585.0,342785.0,312764.0,tushare_contract
SR.ZCE,2021-08-03,SR2109.ZCE,SR,5590.0,5601.0,5550.0,5556.0,5570.0,262679.0,296348.0,tushare_contract
SR.ZCE,2021-08-04,SR2109.ZCE,SR,5556.0,5588.0,5524.0,5576.0,5568.0,273607.0,288207.0,tushare_contract
SR.ZCE,2021-08-05,SR2109.ZCE,SR,5575.0,5584.0,5537.0,5578.0,5561.0,271780.0,279022.0,tushare_contract
SR.ZCE,2021-08-06,SR2109.ZCE,SR,5606.0,5686.0,5589.0,5680.0,5645.0,430408.0,275279.0,tushare_contract
SR.ZCE,2021-08-09,SR2109.ZCE,SR,5696.0,5697.0,5667.0,5690.0,5684.0,274043.0,265078.0,tushare_contract
SR.ZCE,2021-08-10,SR2109.ZCE,SR,5661.0,5670.0,5610.0,5628.0,5632.0,295419.0,228925.0,tushare_contract
SR.ZCE,2021-08-11,SR2109.ZCE,SR,5686.0,5713.0,5648.0,5652.0,5673.0,365781.0,187201.0,tushare_contract
SR.ZCE,2021-08-12,SR2109.ZCE,SR,5636.0,5692.0,5631.0,5654.0,5662.0,194191.0,160971.0,tushare_contract
SR.ZCE,2021-08-13,SR2201.ZCE,SR,5930.0,6015.0,5923.0,6007.0,5970.0,367148.0,394993.0,tushare_contract
SR.ZCE,2021-08-16,SR2201.ZCE,SR,6020.0,6078.0,5999.0,6039.0,6038.0,412606.0,431555.0,tushare_contract
SR.ZCE,2021-08-17,SR2201.ZCE,SR,6030.0,6048.0,6010.0,6034.0,6032.0,270877.0,446085.0,tushare_contract
SR.ZCE,2021-08-18,SR2201.ZCE,SR,6043.0,6045.0,5952.0,5988.0,5998.0,376644.0,430828.0,tushare_contract
SR.ZCE,2021-08-19,SR2201.ZCE,SR,6000.0,6013.0,5923.0,5958.0,5967.0,355249.0,415795.0,tushare_contract
SR.ZCE,2021-08-20,SR2201.ZCE,SR,5937.0,5943.0,5868.0,5892.0,5908.0,417826.0,391648.0,tushare_contract
SR.ZCE,2021-08-23,SR2201.ZCE,SR,5875.0,5907.0,5853.0,5878.0,5879.0,275236.0,394145.0,tushare_contract
SR.ZCE,2021-08-24,SR2201.ZCE,SR,5878.0,5918.0,5860.0,5916.0,5890.0,319409.0,406899.0,tushare_contract
SR.ZCE,2021-08-25,SR2201.ZCE,SR,5922.0,5928.0,5861.0,5862.0,5886.0,275638.0,416287.0,tushare_contract
SR.ZCE,2021-08-26,SR2201.ZCE,SR,5874.0,5903.0,5830.0,5857.0,5865.0,382204.0,409134.0,tushare_contract
SR.ZCE,2021-08-27,SR2201.ZCE,SR,5854.0,5861.0,5816.0,5842.0,5833.0,281100.0,413481.0,tushare_contract
SR.ZCE,2021-08-30,SR2201.ZCE,SR,5860.0,5909.0,5826.0,5881.0,5870.0,361959.0,418911.0,tushare_contract
SR.ZCE,2021-08-31,SR2201.ZCE,SR,5893.0,5912.0,5855.0,5871.0,5878.0,305266.0,422555.0,tushare_contract
SR.ZCE,2021-09-01,SR2201.ZCE,SR,5865.0,5869.0,5810.0,5824.0,5827.0,358702.0,437853.0,tushare_contract
SR.ZCE,2021-09-02,SR2201.ZCE,SR,5829.0,5888.0,5820.0,5884.0,5845.0,287660.0,435110.0,tushare_contract
SR.ZCE,2021-09-03,SR2201.ZCE,SR,5880.0,5926.0,5872.0,5913.0,5897.0,354798.0,428521.0,tushare_contract
SR.ZCE,2021-09-06,SR2201.ZCE,SR,5907.0,5947.0,5878.0,5942.0,5913.0,312559.0,433632.0,tushare_contract
SR.ZCE,2021-09-07,SR2201.ZCE,SR,5945.0,5975.0,5920.0,5961.0,5944.0,262464.0,433776.0,tushare_contract
SR.ZCE,2021-09-08,SR2201.ZCE,SR,5958.0,5968.0,5931.0,5953.0,5949.0,229726.0,424810.0,tushare_contract
SR.ZCE,2021-09-09,SR2201.ZCE,SR,5960.0,5973.0,5905.0,5926.0,5933.0,291506.0,409982.0,tushare_contract
SR.ZCE,2021-09-10,SR2201.ZCE,SR,5894.0,5918.0,5840.0,5863.0,5870.0,435212.0,406953.0,tushare_contract
SR.ZCE,2021-09-13,SR2201.ZCE,SR,5849.0,5862.0,5825.0,5828.0,5843.0,316090.0,420486.0,tushare_contract
SR.ZCE,2021-09-14,SR2201.ZCE,SR,5832.0,5870.0,5819.0,5838.0,5842.0,313456.0,429239.0,tushare_contract
SR.ZCE,2021-09-15,SR2201.ZCE,SR,5826.0,5829.0,5769.0,5779.0,5797.0,425311.0,438945.0,tushare_contract
SR.ZCE,2021-09-16,SR2201.ZCE,SR,5819.0,5888.0,5810.0,5885.0,5868.0,396787.0,404812.0,tushare_contract
SR.ZCE,2021-09-17,SR2201.ZCE,SR,5881.0,5894.0,5820.0,5846.0,5848.0,324020.0,388069.0,tushare_contract
SR.ZCE,2021-09-22,SR2201.ZCE,SR,5801.0,5807.0,5755.0,5758.0,5772.0,299759.0,423011.0,tushare_contract
SR.ZCE,2021-09-23,SR2201.ZCE,SR,5782.0,5795.0,5737.0,5752.0,5765.0,291151.0,428355.0,tushare_contract
SR.ZCE,2021-09-24,SR2201.ZCE,SR,5752.0,5816.0,5751.0,5809.0,5782.0,284604.0,421917.0,tushare_contract
SR.ZCE,2021-09-27,SR2201.ZCE,SR,5789.0,5796.0,5709.0,5793.0,5746.0,450135.0,418810.0,tushare_contract
SR.ZCE,2021-09-28,SR2201.ZCE,SR,5765.0,5801.0,5715.0,5747.0,5757.0,369364.0,418353.0,tushare_contract
SR.ZCE,2021-09-29,SR2201.ZCE,SR,5734.0,5796.0,5734.0,5781.0,5758.0,314878.0,394931.0,tushare_contract
SR.ZCE,2021-09-30,SR2201.ZCE,SR,5787.0,5843.0,5746.0,5812.0,5790.0,343082.0,362755.0,tushare_contract
SR.ZCE,2021-10-08,SR2201.ZCE,SR,5819.0,5900.0,5818.0,5874.0,5863.0,273823.0,360731.0,tushare_contract
SR.ZCE,2021-10-11,SR2201.ZCE,SR,5883.0,5962.0,5850.0,5948.0,5917.0,443851.0,391583.0,tushare_contract
SR.ZCE,2021-10-12,SR2201.ZCE,SR,5948.0,6025.0,5924.0,6020.0,5967.0,505969.0,405902.0,tushare_contract
SR.ZCE,2021-10-13,SR2201.ZCE,SR,6005.0,6014.0,5870.0,5962.0,5968.0,498953.0,390730.0,tushare_contract
SR.ZCE,2021-10-14,SR2201.ZCE,SR,5965.0,5995.0,5931.0,5970.0,5961.0,347603.0,385999.0,tushare_contract
SR.ZCE,2021-10-15,SR2201.ZCE,SR,5945.0,5988.0,5934.0,5958.0,5954.0,375511.0,391768.0,tushare_contract
SR.ZCE,2021-10-18,SR2201.ZCE,SR,5984.0,5999.0,5915.0,5944.0,5955.0,450457.0,371118.0,tushare_contract
SR.ZCE,2021-10-19,SR2201.ZCE,SR,5933.0,5956.0,5874.0,5917.0,5911.0,372408.0,363116.0,tushare_contract
SR.ZCE,2021-10-20,SR2201.ZCE,SR,5910.0,5926.0,5865.0,5901.0,5893.0,372452.0,364235.0,tushare_contract
SR.ZCE,2021-10-21,SR2201.ZCE,SR,5902.0,6072.0,5885.0,5965.0,5979.0,706216.0,395235.0,tushare_contract
SR.ZCE,2021-10-22,SR2201.ZCE,SR,5970.0,6037.0,5842.0,5865.0,5925.0,748324.0,351229.0,tushare_contract
SR.ZCE,2021-10-25,SR2201.ZCE,SR,5871.0,5910.0,5851.0,5890.0,5882.0,346155.0,347325.0,tushare_contract
SR.ZCE,2021-10-26,SR2201.ZCE,SR,5890.0,5943.0,5865.0,5929.0,5912.0,369140.0,351188.0,tushare_contract
SR.ZCE,2021-10-27,SR2201.ZCE,SR,5933.0,6096.0,5922.0,6078.0,6019.0,819426.0,398996.0,tushare_contract
SR.ZCE,2021-10-28,SR2201.ZCE,SR,6079.0,6080.0,5880.0,5953.0,6000.0,661805.0,342167.0,tushare_contract
SR.ZCE,2021-10-29,SR2201.ZCE,SR,5963.0,5998.0,5951.0,5978.0,5971.0,327593.0,344654.0,tushare_contract
SR.ZCE,2021-11-01,SR2201.ZCE,SR,5961.0,5961.0,5896.0,5925.0,5928.0,372932.0,332633.0,tushare_contract
SR.ZCE,2021-11-02,SR2201.ZCE,SR,5950.0,6028.0,5950.0,5984.0,5990.0,514042.0,336137.0,tushare_contract
SR.ZCE,2021-11-03,SR2201.ZCE,SR,5998.0,6008.0,5933.0,5941.0,5963.0,367762.0,335004.0,tushare_contract
SR.ZCE,2021-11-04,SR2201.ZCE,SR,5935.0,5974.0,5912.0,5945.0,5938.0,343557.0,324282.0,tushare_contract
SR.ZCE,2021-11-05,SR2201.ZCE,SR,5990.0,6023.0,5956.0,6002.0,5986.0,481468.0,337049.0,tushare_contract
SR.ZCE,2021-11-08,SR2201.ZCE,SR,6005.0,6117.0,5965.0,6086.0,6056.0,669673.0,388384.0,tushare_contract
SR.ZCE,2021-11-09,SR2201.ZCE,SR,6084.0,6125.0,6036.0,6124.0,6076.0,474451.0,408922.0,tushare_contract
SR.ZCE,2021-11-10,SR2201.ZCE,SR,6125.0,6137.0,6063.0,6132.0,6100.0,504877.0,417830.0,tushare_contract
SR.ZCE,2021-11-11,SR2201.ZCE,SR,6106.0,6112.0,6021.0,6045.0,6060.0,473620.0,382621.0,tushare_contract
SR.ZCE,2021-11-12,SR2201.ZCE,SR,6045.0,6121.0,6033.0,6108.0,6085.0,405582.0,391389.0,tushare_contract
SR.ZCE,2021-11-15,SR2201.ZCE,SR,6090.0,6157.0,6061.0,6075.0,6105.0,505189.0,383274.0,tushare_contract
SR.ZCE,2021-11-16,SR2201.ZCE,SR,6076.0,6115.0,6043.0,6058.0,6078.0,400857.0,355648.0,tushare_contract
SR.ZCE,2021-11-17,SR2201.ZCE,SR,6076.0,6094.0,6035.0,6079.0,6072.0,376964.0,353561.0,tushare_contract
SR.ZCE,2021-11-18,SR2201.ZCE,SR,6102.0,6153.0,6091.0,6141.0,6128.0,447549.0,385714.0,tushare_contract
SR.ZCE,2021-11-19,SR2201.ZCE,SR,6157.0,6167.0,6052.0,6069.0,6089.0,452828.0,362157.0,tushare_contract
SR.ZCE,2021-11-22,SR2201.ZCE,SR,6042.0,6075.0,6022.0,6067.0,6046.0,330651.0,349392.0,tushare_contract
SR.ZCE,2021-11-23,SR2201.ZCE,SR,6041.0,6064.0,6025.0,6037.0,6045.0,308492.0,334432.0,tushare_contract
SR.ZCE,2021-11-24,SR2201.ZCE,SR,6034.0,6034.0,5981.0,5992.0,6003.0,348112.0,314464.0,tushare_contract
SR.ZCE,2021-11-25,SR2201.ZCE,SR,5992.0,5995.0,5968.0,5985.0,5980.0,196132.0,305755.0,tushare_contract
SR.ZCE,2021-11-26,SR2201.ZCE,SR,5980.0,5995.0,5925.0,5931.0,5961.0,302163.0,291111.0,tushare_contract
SR.ZCE,2021-11-29,SR2201.ZCE,SR,5900.0,5942.0,5886.0,5927.0,5916.0,267537.0,274296.0,tushare_contract
SR.ZCE,2021-11-30,SR2201.ZCE,SR,5938.0,5951.0,5873.0,5889.0,5909.0,280462.0,253211.0,tushare_contract
SR.ZCE,2021-12-01,SR2201.ZCE,SR,5880.0,5897.0,5809.0,5856.0,5849.0,324349.0,236328.0,tushare_contract
SR.ZCE,2021-12-02,SR2201.ZCE,SR,5856.0,5869.0,5797.0,5800.0,5831.0,215846.0,227185.0,tushare_contract
SR.ZCE,2021-12-03,SR2201.ZCE,SR,5811.0,5818.0,5786.0,5811.0,5802.0,254849.0,210589.0,tushare_contract
SR.ZCE,2021-12-06,SR2201.ZCE,SR,5821.0,5847.0,5771.0,5822.0,5811.0,265207.0,177314.0,tushare_contract
SR.ZCE,2021-12-07,SR2201.ZCE,SR,5828.0,5848.0,5812.0,5827.0,5831.0,161123.0,164638.0,tushare_contract
SR.ZCE,2021-12-08,SR2205.ZCE,SR,5901.0,5915.0,5866.0,5889.0,5890.0,255650.0,320052.0,tushare_contract
SR.ZCE,2021-12-09,SR2205.ZCE,SR,5897.0,5942.0,5872.0,5920.0,5903.0,369730.0,336076.0,tushare_contract
SR.ZCE,2021-12-10,SR2205.ZCE,SR,5906.0,5906.0,5773.0,5776.0,5826.0,485075.0,384194.0,tushare_contract
SR.ZCE,2021-12-13,SR2205.ZCE,SR,5787.0,5883.0,5787.0,5845.0,5846.0,412647.0,368370.0,tushare_contract
SR.ZCE,2021-12-14,SR2205.ZCE,SR,5841.0,5841.0,5792.0,5802.0,5815.0,276017.0,376849.0,tushare_contract
SR.ZCE,2021-12-15,SR2205.ZCE,SR,5802.0,5821.0,5786.0,5791.0,5800.0,233403.0,393448.0,tushare_contract
SR.ZCE,2021-12-16,SR2205.ZCE,SR,5779.0,5783.0,5736.0,5780.0,5756.0,359011.0,412542.0,tushare_contract
SR.ZCE,2021-12-17,SR2205.ZCE,SR,5788.0,5832.0,5769.0,5812.0,5801.0,327050.0,408582.0,tushare_contract
SR.ZCE,2021-12-20,SR2205.ZCE,SR,5790.0,5810.0,5701.0,5705.0,5756.0,406048.0,444734.0,tushare_contract
SR.ZCE,2021-12-21,SR2205.ZCE,SR,5700.0,5725.0,5673.0,5705.0,5694.0,332199.0,460923.0,tushare_contract
SR.ZCE,2021-12-22,SR2205.ZCE,SR,5706.0,5751.0,5700.0,5727.0,5729.0,251322.0,444741.0,tushare_contract
SR.ZCE,2021-12-23,SR2205.ZCE,SR,5730.0,5767.0,5724.0,5744.0,5749.0,279986.0,435624.0,tushare_contract
SR.ZCE,2021-12-24,SR2205.ZCE,SR,5744.0,5769.0,5736.0,5748.0,5753.0,228278.0,431515.0,tushare_contract
SR.ZCE,2021-12-27,SR2205.ZCE,SR,5741.0,5791.0,5702.0,5758.0,5754.0,410334.0,429324.0,tushare_contract
SR.ZCE,2021-12-28,SR2205.ZCE,SR,5758.0,5797.0,5737.0,5766.0,5773.0,327874.0,434409.0,tushare_contract
SR.ZCE,2021-12-29,SR2205.ZCE,SR,5765.0,5776.0,5731.0,5748.0,5751.0,261162.0,449545.0,tushare_contract
SR.ZCE,2021-12-30,SR2205.ZCE,SR,5747.0,5750.0,5720.0,5748.0,5733.0,282760.0,452453.0,tushare_contract
SR.ZCE,2021-12-31,SR2205.ZCE,SR,5745.0,5783.0,5731.0,5777.0,5759.0,338111.0,435654.0,tushare_contract
SR.ZCE,2022-01-04,SR2205.ZCE,SR,5770.0,5838.0,5752.0,5804.0,5797.0,256302.0,430825.0,tushare_contract
SR.ZCE,2022-01-05,SR2205.ZCE,SR,5804.0,5820.0,5769.0,5783.0,5798.0,286837.0,430316.0,tushare_contract
SR.ZCE,2022-01-06,SR2205.ZCE,SR,5781.0,5796.0,5686.0,5711.0,5741.0,425104.0,463208.0,tushare_contract
SR.ZCE,2022-01-07,SR2205.ZCE,SR,5722.0,5734.0,5686.0,5723.0,5710.0,297177.0,476057.0,tushare_contract
SR.ZCE,2022-01-10,SR2205.ZCE,SR,5723.0,5749.0,5679.0,5745.0,5715.0,348998.0,476870.0,tushare_contract
SR.ZCE,2022-01-11,SR2205.ZCE,SR,5716.0,5752.0,5697.0,5745.0,5729.0,337852.0,461197.0,tushare_contract
SR.ZCE,2022-01-12,SR2205.ZCE,SR,5770.0,5799.0,5753.0,5798.0,5778.0,321304.0,447146.0,tushare_contract
SR.ZCE,2022-01-13,SR2205.ZCE,SR,5804.0,5819.0,5796.0,5805.0,5809.0,247066.0,434566.0,tushare_contract
SR.ZCE,2022-01-14,SR2205.ZCE,SR,5800.0,5830.0,5783.0,5823.0,5815.0,289737.0,436939.0,tushare_contract
SR.ZCE,2022-01-17,SR2205.ZCE,SR,5820.0,5850.0,5807.0,5827.0,5828.0,313740.0,427525.0,tushare_contract
SR.ZCE,2022-01-18,SR2205.ZCE,SR,5827.0,5830.0,5782.0,5828.0,5807.0,270707.0,419210.0,tushare_contract
SR.ZCE,2022-01-19,SR2205.ZCE,SR,5844.0,5859.0,5824.0,5828.0,5837.0,272088.0,421464.0,tushare_contract
SR.ZCE,2022-01-20,SR2205.ZCE,SR,5838.0,5878.0,5833.0,5868.0,5857.0,320692.0,420289.0,tushare_contract
SR.ZCE,2022-01-21,SR2205.ZCE,SR,5862.0,5864.0,5794.0,5807.0,5819.0,343021.0,422014.0,tushare_contract
SR.ZCE,2022-01-24,SR2205.ZCE,SR,5807.0,5822.0,5788.0,5805.0,5807.0,254078.0,419060.0,tushare_contract
SR.ZCE,2022-01-25,SR2205.ZCE,SR,5788.0,5790.0,5750.0,5761.0,5766.0,303441.0,413718.0,tushare_contract
SR.ZCE,2022-01-26,SR2205.ZCE,SR,5761.0,5761.0,5720.0,5722.0,5739.0,259621.0,427425.0,tushare_contract
SR.ZCE,2022-01-27,SR2205.ZCE,SR,5722.0,5729.0,5688.0,5692.0,5709.0,273955.0,440410.0,tushare_contract
SR.ZCE,2022-01-28,SR2205.ZCE,SR,5692.0,5726.0,5655.0,5706.0,5688.0,328013.0,425294.0,tushare_contract
SR.ZCE,2022-02-07,SR2205.ZCE,SR,5706.0,5730.0,5664.0,5666.0,5695.0,227609.0,467323.0,tushare_contract
SR.ZCE,2022-02-08,SR2205.ZCE,SR,5666.0,5734.0,5664.0,5720.0,5703.0,320327.0,481045.0,tushare_contract
SR.ZCE,2022-02-09,SR2205.ZCE,SR,5701.0,5741.0,5685.0,5716.0,5716.0,320653.0,485358.0,tushare_contract
SR.ZCE,2022-02-10,SR2205.ZCE,SR,5740.0,5783.0,5727.0,5779.0,5752.0,333737.0,482326.0,tushare_contract
SR.ZCE,2022-02-11,SR2205.ZCE,SR,5779.0,5792.0,5696.0,5699.0,5747.0,413413.0,470077.0,tushare_contract
SR.ZCE,2022-02-14,SR2205.ZCE,SR,5708.0,5739.0,5707.0,5731.0,5726.0,240789.0,465159.0,tushare_contract
SR.ZCE,2022-02-15,SR2205.ZCE,SR,5726.0,5746.0,5695.0,5720.0,5717.0,329016.0,464324.0,tushare_contract
SR.ZCE,2022-02-16,SR2205.ZCE,SR,5721.0,5730.0,5698.0,5723.0,5717.0,215751.0,462203.0,tushare_contract
SR.ZCE,2022-02-17,SR2205.ZCE,SR,5723.0,5728.0,5684.0,5686.0,5704.0,343098.0,473826.0,tushare_contract
SR.ZCE,2022-02-18,SR2205.ZCE,SR,5700.0,5722.0,5678.0,5703.0,5701.0,302423.0,462381.0,tushare_contract
SR.ZCE,2022-02-21,SR2205.ZCE,SR,5713.0,5725.0,5675.0,5692.0,5700.0,322245.0,471575.0,tushare_contract
SR.ZCE,2022-02-22,SR2205.ZCE,SR,5692.0,5732.0,5682.0,5720.0,5707.0,307799.0,451936.0,tushare_contract
SR.ZCE,2022-02-23,SR2205.ZCE,SR,5725.0,5749.0,5723.0,5748.0,5737.0,274153.0,448557.0,tushare_contract
SR.ZCE,2022-02-24,SR2205.ZCE,SR,5748.0,5780.0,5732.0,5772.0,5756.0,295540.0,441592.0,tushare_contract
SR.ZCE,2022-02-25,SR2205.ZCE,SR,5772.0,5803.0,5731.0,5754.0,5763.0,357869.0,427855.0,tushare_contract
SR.ZCE,2022-02-28,SR2205.ZCE,SR,5754.0,5759.0,5689.0,5696.0,5711.0,343022.0,435471.0,tushare_contract
SR.ZCE,2022-03-01,SR2205.ZCE,SR,5703.0,5707.0,5682.0,5702.0,5694.0,240975.0,450756.0,tushare_contract
SR.ZCE,2022-03-02,SR2205.ZCE,SR,5705.0,5791.0,5703.0,5787.0,5751.0,456740.0,424813.0,tushare_contract
SR.ZCE,2022-03-03,SR2205.ZCE,SR,5786.0,5837.0,5775.0,5825.0,5805.0,413207.0,412115.0,tushare_contract
SR.ZCE,2022-03-04,SR2205.ZCE,SR,5824.0,5827.0,5761.0,5795.0,5799.0,401268.0,399246.0,tushare_contract
SR.ZCE,2022-03-07,SR2205.ZCE,SR,5822.0,5917.0,5802.0,5910.0,5866.0,499939.0,416717.0,tushare_contract
SR.ZCE,2022-03-08,SR2205.ZCE,SR,5888.0,5905.0,5805.0,5869.0,5856.0,454184.0,397240.0,tushare_contract
SR.ZCE,2022-03-09,SR2205.ZCE,SR,5886.0,5920.0,5850.0,5899.0,5884.0,386510.0,388300.0,tushare_contract
SR.ZCE,2022-03-10,SR2205.ZCE,SR,5850.0,5866.0,5815.0,5850.0,5841.0,316743.0,376239.0,tushare_contract
SR.ZCE,2022-03-11,SR2205.ZCE,SR,5872.0,5895.0,5843.0,5859.0,5869.0,255432.0,366059.0,tushare_contract
SR.ZCE,2022-03-14,SR2205.ZCE,SR,5844.0,5888.0,5825.0,5870.0,5859.0,304017.0,370736.0,tushare_contract
SR.ZCE,2022-03-15,SR2205.ZCE,SR,5865.0,5890.0,5780.0,5785.0,5833.0,389050.0,334003.0,tushare_contract
SR.ZCE,2022-03-16,SR2205.ZCE,SR,5775.0,5790.0,5737.0,5788.0,5768.0,271042.0,317800.0,tushare_contract
SR.ZCE,2022-03-17,SR2205.ZCE,SR,5784.0,5797.0,5755.0,5768.0,5772.0,198182.0,314456.0,tushare_contract
SR.ZCE,2022-03-18,SR2205.ZCE,SR,5788.0,5799.0,5772.0,5787.0,5785.0,172383.0,309540.0,tushare_contract
SR.ZCE,2022-03-21,SR2205.ZCE,SR,5780.0,5813.0,5753.0,5809.0,5785.0,228057.0,299755.0,tushare_contract
SR.ZCE,2022-03-22,SR2205.ZCE,SR,5825.0,5827.0,5793.0,5819.0,5811.0,172580.0,296732.0,tushare_contract
SR.ZCE,2022-03-23,SR2205.ZCE,SR,5818.0,5820.0,5770.0,5787.0,5789.0,203769.0,288542.0,tushare_contract
SR.ZCE,2022-03-24,SR2205.ZCE,SR,5790.0,5826.0,5775.0,5775.0,5804.0,250631.0,286573.0,tushare_contract
SR.ZCE,2022-03-25,SR2205.ZCE,SR,5807.0,5817.0,5776.0,5810.0,5798.0,238115.0,282383.0,tushare_contract
SR.ZCE,2022-03-28,SR2205.ZCE,SR,5813.0,5876.0,5813.0,5849.0,5849.0,283155.0,276138.0,tushare_contract
SR.ZCE,2022-03-29,SR2205.ZCE,SR,5842.0,5867.0,5817.0,5866.0,5836.0,211358.0,262175.0,tushare_contract
SR.ZCE,2022-03-30,SR2205.ZCE,SR,5806.0,5829.0,5786.0,5817.0,5805.0,234373.0,242885.0,tushare_contract
SR.ZCE,2022-03-31,SR2205.ZCE,SR,5829.0,5839.0,5793.0,5799.0,5814.0,179073.0,229181.0,tushare_contract
SR.ZCE,2022-04-01,SR2205.ZCE,SR,5806.0,5819.0,5790.0,5792.0,5805.0,142453.0,212556.0,tushare_contract
SR.ZCE,2022-04-06,SR2205.ZCE,SR,5820.0,5885.0,5805.0,5876.0,5861.0,184013.0,197972.0,tushare_contract
SR.ZCE,2022-04-07,SR2205.ZCE,SR,5851.0,5882.0,5851.0,5863.0,5867.0,173321.0,178043.0,tushare_contract
SR.ZCE,2022-04-08,SR2205.ZCE,SR,5882.0,5950.0,5873.0,5927.0,5910.0,232636.0,169041.0,tushare_contract
SR.ZCE,2022-04-11,SR2209.ZCE,SR,6032.0,6053.0,6013.0,6017.0,6034.0,349540.0,360451.0,tushare_contract
SR.ZCE,2022-04-12,SR2209.ZCE,SR,6019.0,6050.0,5996.0,6048.0,6022.0,251748.0,376972.0,tushare_contract
SR.ZCE,2022-04-13,SR2209.ZCE,SR,6030.0,6036.0,6009.0,6020.0,6020.0,234241.0,385210.0,tushare_contract
SR.ZCE,2022-04-14,SR2209.ZCE,SR,6045.0,6070.0,6016.0,6040.0,6039.0,279917.0,398445.0,tushare_contract
SR.ZCE,2022-04-15,SR2209.ZCE,SR,6036.0,6067.0,6025.0,6065.0,6050.0,271277.0,423985.0,tushare_contract
SR.ZCE,2022-04-18,SR2209.ZCE,SR,6060.0,6088.0,6033.0,6039.0,6060.0,260812.0,422344.0,tushare_contract
SR.ZCE,2022-04-19,SR2209.ZCE,SR,6039.0,6096.0,6035.0,6070.0,6072.0,255429.0,439605.0,tushare_contract
SR.ZCE,2022-04-20,SR2209.ZCE,SR,6041.0,6041.0,6002.0,6022.0,6016.0,295631.0,423017.0,tushare_contract
SR.ZCE,2022-04-21,SR2209.ZCE,SR,6036.0,6037.0,6001.0,6006.0,6016.0,190478.0,417476.0,tushare_contract
SR.ZCE,2022-04-22,SR2209.ZCE,SR,6007.0,6047.0,6006.0,6012.0,6027.0,230765.0,406475.0,tushare_contract
SR.ZCE,2022-04-25,SR2209.ZCE,SR,5990.0,5993.0,5894.0,5909.0,5941.0,408460.0,380198.0,tushare_contract
SR.ZCE,2022-04-26,SR2209.ZCE,SR,5890.0,5913.0,5876.0,5889.0,5894.0,261112.0,384365.0,tushare_contract
SR.ZCE,2022-04-27,SR2209.ZCE,SR,5900.0,5918.0,5857.0,5866.0,5887.0,283721.0,397008.0,tushare_contract
SR.ZCE,2022-04-28,SR2209.ZCE,SR,5887.0,5896.0,5866.0,5867.0,5881.0,197951.0,396070.0,tushare_contract
SR.ZCE,2022-04-29,SR2209.ZCE,SR,5860.0,5902.0,5828.0,5876.0,5869.0,265566.0,398217.0,tushare_contract
SR.ZCE,2022-05-05,SR2209.ZCE,SR,5846.0,5897.0,5835.0,5891.0,5871.0,161819.0,409496.0,tushare_contract
SR.ZCE,2022-05-06,SR2209.ZCE,SR,5898.0,5899.0,5845.0,5847.0,5870.0,252811.0,439722.0,tushare_contract
SR.ZCE,2022-05-09,SR2209.ZCE,SR,5847.0,5883.0,5834.0,5860.0,5861.0,250106.0,446912.0,tushare_contract
SR.ZCE,2022-05-10,SR2209.ZCE,SR,5847.0,5847.0,5805.0,5819.0,5818.0,314803.0,469335.0,tushare_contract
SR.ZCE,2022-05-11,SR2209.ZCE,SR,5831.0,5843.0,5802.0,5838.0,5823.0,220881.0,482444.0,tushare_contract
SR.ZCE,2022-05-12,SR2209.ZCE,SR,5827.0,5838.0,5793.0,5808.0,5814.0,267708.0,498523.0,tushare_contract
SR.ZCE,2022-05-13,SR2209.ZCE,SR,5790.0,5828.0,5787.0,5812.0,5807.0,188369.0,496079.0,tushare_contract
SR.ZCE,2022-05-16,SR2209.ZCE,SR,5828.0,5921.0,5823.0,5917.0,5882.0,343652.0,449339.0,tushare_contract
SR.ZCE,2022-05-17,SR2209.ZCE,SR,5922.0,5955.0,5916.0,5935.0,5939.0,252242.0,415682.0,tushare_contract
SR.ZCE,2022-05-18,SR2209.ZCE,SR,5945.0,5962.0,5940.0,5943.0,5951.0,211891.0,409854.0,tushare_contract
SR.ZCE,2022-05-19,SR2209.ZCE,SR,5944.0,5961.0,5910.0,5957.0,5938.0,247960.0,395832.0,tushare_contract
SR.ZCE,2022-05-20,SR2209.ZCE,SR,5929.0,5982.0,5917.0,5977.0,5953.0,265604.0,390673.0,tushare_contract
SR.ZCE,2022-05-23,SR2209.ZCE,SR,5983.0,5998.0,5970.0,5995.0,5982.0,210489.0,385922.0,tushare_contract
SR.ZCE,2022-05-24,SR2209.ZCE,SR,5995.0,6000.0,5968.0,5990.0,5985.0,229889.0,375338.0,tushare_contract
SR.ZCE,2022-05-25,SR2209.ZCE,SR,6010.0,6019.0,5981.0,6016.0,6003.0,254149.0,378257.0,tushare_contract
SR.ZCE,2022-05-26,SR2209.ZCE,SR,5999.0,6030.0,5987.0,6030.0,6011.0,238902.0,380885.0,tushare_contract
SR.ZCE,2022-05-27,SR2209.ZCE,SR,6009.0,6052.0,6005.0,6047.0,6031.0,247517.0,391946.0,tushare_contract
SR.ZCE,2022-05-30,SR2209.ZCE,SR,6047.0,6062.0,6023.0,6026.0,6039.0,242520.0,388507.0,tushare_contract
SR.ZCE,2022-05-31,SR2209.ZCE,SR,6021.0,6094.0,6021.0,6088.0,6070.0,281792.0,398751.0,tushare_contract
SR.ZCE,2022-06-01,SR2209.ZCE,SR,6069.0,6082.0,6045.0,6078.0,6065.0,218409.0,401324.0,tushare_contract
SR.ZCE,2022-06-02,SR2209.ZCE,SR,6091.0,6116.0,6051.0,6090.0,6089.0,311402.0,406851.0,tushare_contract
SR.ZCE,2022-06-06,SR2209.ZCE,SR,6097.0,6110.0,6073.0,6080.0,6085.0,135947.0,411616.0,tushare_contract
SR.ZCE,2022-06-07,SR2209.ZCE,SR,6102.0,6129.0,6085.0,6089.0,6112.0,256994.0,419231.0,tushare_contract
SR.ZCE,2022-06-08,SR2209.ZCE,SR,6065.0,6076.0,6030.0,6035.0,6045.0,262049.0,414649.0,tushare_contract
SR.ZCE,2022-06-09,SR2209.ZCE,SR,6046.0,6071.0,6045.0,6057.0,6058.0,179394.0,408489.0,tushare_contract
SR.ZCE,2022-06-10,SR2209.ZCE,SR,6056.0,6126.0,6051.0,6101.0,6102.0,305416.0,426259.0,tushare_contract
SR.ZCE,2022-06-13,SR2209.ZCE,SR,6072.0,6076.0,6000.0,6001.0,6032.0,326487.0,397274.0,tushare_contract
SR.ZCE,2022-06-14,SR2209.ZCE,SR,6014.0,6020.0,5983.0,6000.0,5997.0,217773.0,386287.0,tushare_contract
SR.ZCE,2022-06-15,SR2209.ZCE,SR,6002.0,6025.0,5991.0,5995.0,6004.0,207698.0,386954.0,tushare_contract
SR.ZCE,2022-06-16,SR2209.ZCE,SR,5980.0,5989.0,5938.0,5944.0,5967.0,271831.0,388641.0,tushare_contract
SR.ZCE,2022-06-17,SR2209.ZCE,SR,5950.0,5958.0,5927.0,5934.0,5939.0,214547.0,388352.0,tushare_contract
SR.ZCE,2022-06-20,SR2209.ZCE,SR,5950.0,5954.0,5907.0,5916.0,5928.0,240073.0,383377.0,tushare_contract
SR.ZCE,2022-06-21,SR2209.ZCE,SR,5904.0,5930.0,5899.0,5919.0,5914.0,199521.0,384806.0,tushare_contract
SR.ZCE,2022-06-22,SR2209.ZCE,SR,5928.0,5935.0,5856.0,5868.0,5891.0,317268.0,397102.0,tushare_contract
SR.ZCE,2022-06-23,SR2209.ZCE,SR,5858.0,5879.0,5826.0,5868.0,5856.0,270250.0,405161.0,tushare_contract
SR.ZCE,2022-06-24,SR2209.ZCE,SR,5862.0,5879.0,5818.0,5847.0,5853.0,255137.0,410278.0,tushare_contract
SR.ZCE,2022-06-27,SR2209.ZCE,SR,5838.0,5873.0,5808.0,5855.0,5845.0,235162.0,413983.0,tushare_contract
SR.ZCE,2022-06-28,SR2209.ZCE,SR,5849.0,5887.0,5825.0,5876.0,5851.0,254779.0,426649.0,tushare_contract
SR.ZCE,2022-06-29,SR2209.ZCE,SR,5887.0,5895.0,5823.0,5846.0,5856.0,239893.0,436510.0,tushare_contract
SR.ZCE,2022-06-30,SR2209.ZCE,SR,5854.0,5864.0,5835.0,5842.0,5850.0,167166.0,436887.0,tushare_contract
SR.ZCE,2022-07-01,SR2209.ZCE,SR,5850.0,5856.0,5792.0,5805.0,5823.0,291260.0,456491.0,tushare_contract
SR.ZCE,2022-07-04,SR2209.ZCE,SR,5806.0,5844.0,5755.0,5813.0,5806.0,303738.0,451265.0,tushare_contract
SR.ZCE,2022-07-05,SR2209.ZCE,SR,5826.0,5831.0,5772.0,5795.0,5800.0,209829.0,458067.0,tushare_contract
SR.ZCE,2022-07-06,SR2209.ZCE,SR,5793.0,5793.0,5685.0,5729.0,5726.0,371727.0,464586.0,tushare_contract
SR.ZCE,2022-07-07,SR2209.ZCE,SR,5736.0,5753.0,5711.0,5745.0,5736.0,224012.0,465482.0,tushare_contract
SR.ZCE,2022-07-08,SR2209.ZCE,SR,5771.0,5794.0,5759.0,5775.0,5774.0,223621.0,450689.0,tushare_contract
SR.ZCE,2022-07-11,SR2209.ZCE,SR,5791.0,5831.0,5773.0,5783.0,5803.0,266785.0,436417.0,tushare_contract
SR.ZCE,2022-07-12,SR2209.ZCE,SR,5780.0,5813.0,5765.0,5776.0,5789.0,213029.0,430525.0,tushare_contract
SR.ZCE,2022-07-13,SR2209.ZCE,SR,5753.0,5806.0,5692.0,5803.0,5748.0,335786.0,433980.0,tushare_contract
SR.ZCE,2022-07-14,SR2209.ZCE,SR,5795.0,5826.0,5766.0,5766.0,5801.0,248482.0,425995.0,tushare_contract
SR.ZCE,2022-07-15,SR2209.ZCE,SR,5758.0,5794.0,5725.0,5762.0,5754.0,267315.0,420038.0,tushare_contract
SR.ZCE,2022-07-18,SR2209.ZCE,SR,5776.0,5846.0,5773.0,5844.0,5817.0,278014.0,398682.0,tushare_contract
SR.ZCE,2022-07-19,SR2209.ZCE,SR,5846.0,5869.0,5821.0,5830.0,5847.0,222067.0,386310.0,tushare_contract
SR.ZCE,2022-07-20,SR2209.ZCE,SR,5800.0,5805.0,5754.0,5782.0,5780.0,275986.0,395547.0,tushare_contract
SR.ZCE,2022-07-21,SR2209.ZCE,SR,5780.0,5803.0,5756.0,5763.0,5776.0,171822.0,401791.0,tushare_contract
SR.ZCE,2022-07-22,SR2209.ZCE,SR,5750.0,5793.0,5743.0,5768.0,5770.0,224158.0,386809.0,tushare_contract
SR.ZCE,2022-07-25,SR2209.ZCE,SR,5748.0,5756.0,5621.0,5662.0,5663.0,454102.0,407546.0,tushare_contract
SR.ZCE,2022-07-26,SR2209.ZCE,SR,5660.0,5693.0,5614.0,5688.0,5653.0,292452.0,396004.0,tushare_contract
SR.ZCE,2022-07-27,SR2209.ZCE,SR,5688.0,5737.0,5665.0,5735.0,5700.0,268367.0,368710.0,tushare_contract
SR.ZCE,2022-07-28,SR2209.ZCE,SR,5718.0,5810.0,5714.0,5807.0,5758.0,256603.0,330652.0,tushare_contract
SR.ZCE,2022-07-29,SR2209.ZCE,SR,5809.0,5825.0,5794.0,5805.0,5809.0,183022.0,315213.0,tushare_contract
SR.ZCE,2022-08-01,SR2209.ZCE,SR,5803.0,5803.0,5754.0,5767.0,5777.0,159140.0,305010.0,tushare_contract
SR.ZCE,2022-08-02,SR2209.ZCE,SR,5750.0,5793.0,5706.0,5716.0,5738.0,231220.0,287532.0,tushare_contract
SR.ZCE,2022-08-03,SR2209.ZCE,SR,5700.0,5721.0,5615.0,5617.0,5665.0,339741.0,274376.0,tushare_contract
SR.ZCE,2022-08-04,SR2209.ZCE,SR,5659.0,5665.0,5587.0,5600.0,5616.0,225784.0,274158.0,tushare_contract
SR.ZCE,2022-08-05,SR2209.ZCE,SR,5600.0,5623.0,5560.0,5592.0,5589.0,154625.0,267171.0,tushare_contract
SR.ZCE,2022-08-08,SR2209.ZCE,SR,5600.0,5634.0,5568.0,5617.0,5612.0,136895.0,255798.0,tushare_contract
SR.ZCE,2022-08-09,SR2209.ZCE,SR,5610.0,5645.0,5591.0,5593.0,5617.0,138266.0,246875.0,tushare_contract
SR.ZCE,2022-08-10,SR2209.ZCE,SR,5586.0,5618.0,5575.0,5599.0,5601.0,168716.0,211832.0,tushare_contract
SR.ZCE,2022-08-11,SR2209.ZCE,SR,5622.0,5672.0,5599.0,5661.0,5632.0,153113.0,167911.0,tushare_contract
SR.ZCE,2022-08-12,SR2301.ZCE,SR,5597.0,5626.0,5585.0,5608.0,5601.0,185249.0,372848.0,tushare_contract
SR.ZCE,2022-08-15,SR2301.ZCE,SR,5602.0,5620.0,5576.0,5577.0,5603.0,183121.0,395243.0,tushare_contract
SR.ZCE,2022-08-16,SR2301.ZCE,SR,5567.0,5605.0,5555.0,5578.0,5583.0,183707.0,408915.0,tushare_contract
SR.ZCE,2022-08-17,SR2301.ZCE,SR,5583.0,5607.0,5543.0,5558.0,5575.0,259399.0,422289.0,tushare_contract
SR.ZCE,2022-08-18,SR2301.ZCE,SR,5550.0,5562.0,5515.0,5517.0,5541.0,233816.0,455149.0,tushare_contract
SR.ZCE,2022-08-19,SR2301.ZCE,SR,5516.0,5523.0,5476.0,5484.0,5498.0,224745.0,469495.0,tushare_contract
SR.ZCE,2022-08-22,SR2301.ZCE,SR,5490.0,5546.0,5484.0,5528.0,5523.0,215519.0,463019.0,tushare_contract
SR.ZCE,2022-08-23,SR2301.ZCE,SR,5519.0,5532.0,5481.0,5529.0,5508.0,216013.0,470308.0,tushare_contract
SR.ZCE,2022-08-24,SR2301.ZCE,SR,5522.0,5543.0,5499.0,5513.0,5523.0,182713.0,474310.0,tushare_contract
SR.ZCE,2022-08-25,SR2301.ZCE,SR,5525.0,5541.0,5490.0,5493.0,5515.0,191311.0,485987.0,tushare_contract
SR.ZCE,2022-08-26,SR2301.ZCE,SR,5483.0,5537.0,5472.0,5525.0,5502.0,253701.0,470370.0,tushare_contract
SR.ZCE,2022-08-29,SR2301.ZCE,SR,5543.0,5575.0,5536.0,5548.0,5557.0,275988.0,453331.0,tushare_contract
SR.ZCE,2022-08-30,SR2301.ZCE,SR,5548.0,5554.0,5493.0,5498.0,5524.0,237740.0,470990.0,tushare_contract
SR.ZCE,2022-08-31,SR2301.ZCE,SR,5494.0,5533.0,5488.0,5532.0,5505.0,219494.0,467861.0,tushare_contract
SR.ZCE,2022-09-01,SR2301.ZCE,SR,5514.0,5540.0,5491.0,5494.0,5512.0,216676.0,469585.0,tushare_contract
SR.ZCE,2022-09-02,SR2301.ZCE,SR,5490.0,5505.0,5457.0,5494.0,5487.0,273223.0,469191.0,tushare_contract
SR.ZCE,2022-09-05,SR2301.ZCE,SR,5512.0,5537.0,5492.0,5519.0,5517.0,280220.0,464034.0,tushare_contract
SR.ZCE,2022-09-06,SR2301.ZCE,SR,5520.0,5541.0,5506.0,5525.0,5522.0,271672.0,465893.0,tushare_contract
SR.ZCE,2022-09-07,SR2301.ZCE,SR,5522.0,5532.0,5478.0,5486.0,5500.0,274596.0,481497.0,tushare_contract
SR.ZCE,2022-09-08,SR2301.ZCE,SR,5505.0,5508.0,5471.0,5486.0,5491.0,263381.0,485310.0,tushare_contract
SR.ZCE,2022-09-09,SR2301.ZCE,SR,5492.0,5531.0,5476.0,5529.0,5501.0,256526.0,455088.0,tushare_contract
SR.ZCE,2022-09-13,SR2301.ZCE,SR,5539.0,5568.0,5535.0,5564.0,5554.0,195132.0,441029.0,tushare_contract
SR.ZCE,2022-09-14,SR2301.ZCE,SR,5564.0,5586.0,5545.0,5583.0,5567.0,223787.0,444725.0,tushare_contract
SR.ZCE,2022-09-15,SR2301.ZCE,SR,5583.0,5634.0,5583.0,5628.0,5615.0,278899.0,445380.0,tushare_contract
SR.ZCE,2022-09-16,SR2301.ZCE,SR,5622.0,5642.0,5603.0,5611.0,5627.0,242305.0,428939.0,tushare_contract
SR.ZCE,2022-09-19,SR2301.ZCE,SR,5605.0,5610.0,5583.0,5591.0,5596.0,212107.0,419837.0,tushare_contract
SR.ZCE,2022-09-20,SR2301.ZCE,SR,5576.0,5605.0,5566.0,5586.0,5583.0,178616.0,415834.0,tushare_contract
SR.ZCE,2022-09-21,SR2301.ZCE,SR,5596.0,5646.0,5574.0,5639.0,5618.0,246650.0,419118.0,tushare_contract
SR.ZCE,2022-09-22,SR2301.ZCE,SR,5643.0,5646.0,5616.0,5638.0,5634.0,159690.0,414655.0,tushare_contract
SR.ZCE,2022-09-23,SR2301.ZCE,SR,5647.0,5660.0,5620.0,5623.0,5640.0,179694.0,412297.0,tushare_contract
SR.ZCE,2022-09-26,SR2301.ZCE,SR,5607.0,5607.0,5535.0,5539.0,5566.0,291968.0,389454.0,tushare_contract
SR.ZCE,2022-09-27,SR2301.ZCE,SR,5564.0,5580.0,5525.0,5539.0,5549.0,224340.0,389768.0,tushare_contract
SR.ZCE,2022-09-28,SR2301.ZCE,SR,5555.0,5559.0,5494.0,5496.0,5524.0,201254.0,402310.0,tushare_contract
SR.ZCE,2022-09-29,SR2301.ZCE,SR,5505.0,5518.0,5481.0,5487.0,5503.0,180623.0,407712.0,tushare_contract
SR.ZCE,2022-09-30,SR2301.ZCE,SR,5487.0,5491.0,5440.0,5442.0,5463.0,266850.0,424562.0,tushare_contract
SR.ZCE,2022-10-10,SR2301.ZCE,SR,5539.0,5583.0,5508.0,5577.0,5551.0,276084.0,395205.0,tushare_contract
SR.ZCE,2022-10-11,SR2301.ZCE,SR,5581.0,5600.0,5571.0,5580.0,5587.0,207815.0,381668.0,tushare_contract
SR.ZCE,2022-10-12,SR2301.ZCE,SR,5580.0,5605.0,5575.0,5602.0,5592.0,166260.0,373949.0,tushare_contract
SR.ZCE,2022-10-13,SR2301.ZCE,SR,5605.0,5609.0,5568.0,5583.0,5589.0,170293.0,370013.0,tushare_contract
SR.ZCE,2022-10-14,SR2301.ZCE,SR,5568.0,5670.0,5562.0,5666.0,5632.0,318290.0,391681.0,tushare_contract
SR.ZCE,2022-10-17,SR2301.ZCE,SR,5656.0,5674.0,5633.0,5664.0,5653.0,209233.0,387719.0,tushare_contract
SR.ZCE,2022-10-18,SR2301.ZCE,SR,5661.0,5676.0,5636.0,5641.0,5654.0,170082.0,386527.0,tushare_contract
SR.ZCE,2022-10-19,SR2301.ZCE,SR,5637.0,5666.0,5612.0,5646.0,5639.0,198499.0,377541.0,tushare_contract
SR.ZCE,2022-10-20,SR2301.ZCE,SR,5630.0,5670.0,5624.0,5667.0,5653.0,198210.0,387150.0,tushare_contract
SR.ZCE,2022-10-21,SR2301.ZCE,SR,5645.0,5663.0,5622.0,5640.0,5641.0,203695.0,378112.0,tushare_contract
SR.ZCE,2022-10-24,SR2301.ZCE,SR,5649.0,5656.0,5570.0,5580.0,5612.0,259807.0,362809.0,tushare_contract
SR.ZCE,2022-10-25,SR2301.ZCE,SR,5577.0,5598.0,5543.0,5549.0,5569.0,199038.0,368283.0,tushare_contract
SR.ZCE,2022-10-26,SR2301.ZCE,SR,5547.0,5567.0,5524.0,5528.0,5544.0,154729.0,376863.0,tushare_contract
SR.ZCE,2022-10-27,SR2301.ZCE,SR,5528.0,5532.0,5500.0,5511.0,5514.0,162542.0,387813.0,tushare_contract
SR.ZCE,2022-10-28,SR2301.ZCE,SR,5514.0,5525.0,5480.0,5506.0,5499.0,176774.0,396821.0,tushare_contract
SR.ZCE,2022-10-31,SR2301.ZCE,SR,5502.0,5538.0,5482.0,5511.0,5512.0,200877.0,391069.0,tushare_contract
SR.ZCE,2022-11-01,SR2301.ZCE,SR,5525.0,5548.0,5505.0,5532.0,5529.0,183117.0,390853.0,tushare_contract
SR.ZCE,2022-11-02,SR2301.ZCE,SR,5550.0,5594.0,5550.0,5582.0,5577.0,216300.0,369552.0,tushare_contract
SR.ZCE,2022-11-03,SR2301.ZCE,SR,5573.0,5584.0,5523.0,5581.0,5555.0,245422.0,359730.0,tushare_contract
SR.ZCE,2022-11-04,SR2301.ZCE,SR,5568.0,5607.0,5555.0,5602.0,5582.0,199194.0,364009.0,tushare_contract
SR.ZCE,2022-11-07,SR2301.ZCE,SR,5618.0,5618.0,5562.0,5597.0,5595.0,194426.0,357108.0,tushare_contract
SR.ZCE,2022-11-08,SR2301.ZCE,SR,5598.0,5608.0,5556.0,5562.0,5587.0,179036.0,355494.0,tushare_contract
SR.ZCE,2022-11-09,SR2301.ZCE,SR,5578.0,5660.0,5571.0,5623.0,5620.0,280855.0,366243.0,tushare_contract
SR.ZCE,2022-11-10,SR2301.ZCE,SR,5610.0,5667.0,5605.0,5647.0,5640.0,227967.0,358997.0,tushare_contract
SR.ZCE,2022-11-11,SR2301.ZCE,SR,5650.0,5719.0,5644.0,5714.0,5689.0,309469.0,363553.0,tushare_contract
SR.ZCE,2022-11-14,SR2301.ZCE,SR,5720.0,5750.0,5704.0,5708.0,5727.0,273684.0,367286.0,tushare_contract
SR.ZCE,2022-11-15,SR2301.ZCE,SR,5711.0,5749.0,5708.0,5734.0,5733.0,183269.0,371571.0,tushare_contract
SR.ZCE,2022-11-16,SR2301.ZCE,SR,5735.0,5776.0,5709.0,5760.0,5747.0,254795.0,365409.0,tushare_contract
SR.ZCE,2022-11-17,SR2301.ZCE,SR,5764.0,5774.0,5747.0,5761.0,5762.0,205529.0,371896.0,tushare_contract
SR.ZCE,2022-11-18,SR2301.ZCE,SR,5721.0,5727.0,5660.0,5672.0,5689.0,305864.0,329264.0,tushare_contract
SR.ZCE,2022-11-21,SR2301.ZCE,SR,5680.0,5696.0,5664.0,5666.0,5679.0,236576.0,313192.0,tushare_contract
SR.ZCE,2022-11-22,SR2301.ZCE,SR,5651.0,5660.0,5630.0,5636.0,5640.0,184573.0,297217.0,tushare_contract
SR.ZCE,2022-11-23,SR2301.ZCE,SR,5637.0,5679.0,5637.0,5661.0,5662.0,164085.0,285651.0,tushare_contract
SR.ZCE,2022-11-24,SR2301.ZCE,SR,5641.0,5646.0,5615.0,5616.0,5628.0,166798.0,272022.0,tushare_contract
SR.ZCE,2022-11-25,SR2301.ZCE,SR,5618.0,5657.0,5618.0,5628.0,5638.0,150734.0,265889.0,tushare_contract
SR.ZCE,2022-11-28,SR2303.ZCE,SR,5608.0,5636.0,5515.0,5528.0,5564.0,317167.0,420565.0,tushare_contract
SR.ZCE,2022-11-29,SR2303.ZCE,SR,5520.0,5553.0,5496.0,5536.0,5530.0,276463.0,434295.0,tushare_contract
SR.ZCE,2022-11-30,SR2303.ZCE,SR,5511.0,5549.0,5506.0,5524.0,5523.0,226828.0,449817.0,tushare_contract
SR.ZCE,2022-12-01,SR2303.ZCE,SR,5545.0,5576.0,5524.0,5527.0,5547.0,256069.0,454018.0,tushare_contract
SR.ZCE,2022-12-02,SR2303.ZCE,SR,5526.0,5533.0,5502.0,5520.0,5515.0,248555.0,457444.0,tushare_contract
SR.ZCE,2022-12-05,SR2303.ZCE,SR,5515.0,5549.0,5508.0,5542.0,5528.0,265427.0,449516.0,tushare_contract
SR.ZCE,2022-12-06,SR2303.ZCE,SR,5560.0,5578.0,5523.0,5534.0,5550.0,245733.0,448804.0,tushare_contract
SR.ZCE,2022-12-07,SR2303.ZCE,SR,5532.0,5554.0,5508.0,5510.0,5528.0,270108.0,461269.0,tushare_contract
SR.ZCE,2022-12-08,SR2303.ZCE,SR,5510.0,5542.0,5505.0,5524.0,5524.0,225165.0,459241.0,tushare_contract
SR.ZCE,2022-12-09,SR2303.ZCE,SR,5539.0,5643.0,5533.0,5640.0,5584.0,436919.0,429005.0,tushare_contract
SR.ZCE,2022-12-12,SR2303.ZCE,SR,5640.0,5690.0,5623.0,5673.0,5656.0,330339.0,409505.0,tushare_contract
SR.ZCE,2022-12-13,SR2303.ZCE,SR,5670.0,5697.0,5652.0,5692.0,5674.0,246487.0,410745.0,tushare_contract
SR.ZCE,2022-12-14,SR2303.ZCE,SR,5692.0,5736.0,5680.0,5696.0,5704.0,327459.0,430514.0,tushare_contract
SR.ZCE,2022-12-15,SR2303.ZCE,SR,5704.0,5756.0,5703.0,5735.0,5731.0,243310.0,443451.0,tushare_contract
SR.ZCE,2022-12-16,SR2303.ZCE,SR,5745.0,5775.0,5682.0,5719.0,5732.0,324769.0,450282.0,tushare_contract
SR.ZCE,2022-12-19,SR2303.ZCE,SR,5710.0,5753.0,5691.0,5698.0,5719.0,279482.0,448703.0,tushare_contract
SR.ZCE,2022-12-20,SR2303.ZCE,SR,5722.0,5734.0,5684.0,5720.0,5715.0,238217.0,447392.0,tushare_contract
SR.ZCE,2022-12-21,SR2303.ZCE,SR,5722.0,5762.0,5721.0,5760.0,5746.0,215436.0,459274.0,tushare_contract
SR.ZCE,2022-12-22,SR2303.ZCE,SR,5755.0,5762.0,5730.0,5753.0,5747.0,202815.0,459435.0,tushare_contract
SR.ZCE,2022-12-23,SR2303.ZCE,SR,5754.0,5785.0,5704.0,5777.0,5746.0,316761.0,477187.0,tushare_contract
SR.ZCE,2022-12-26,SR2303.ZCE,SR,5770.0,5800.0,5735.0,5766.0,5768.0,285161.0,470229.0,tushare_contract
SR.ZCE,2022-12-27,SR2303.ZCE,SR,5766.0,5844.0,5765.0,5826.0,5814.0,293960.0,483965.0,tushare_contract
SR.ZCE,2022-12-28,SR2303.ZCE,SR,5792.0,5805.0,5722.0,5731.0,5752.0,314017.0,455921.0,tushare_contract
SR.ZCE,2022-12-29,SR2303.ZCE,SR,5736.0,5780.0,5735.0,5773.0,5758.0,197482.0,459090.0,tushare_contract
SR.ZCE,2022-12-30,SR2303.ZCE,SR,5772.0,5800.0,5762.0,5783.0,5781.0,173059.0,453102.0,tushare_contract
SR.ZCE,2023-01-03,SR2303.ZCE,SR,5756.0,5813.0,5750.0,5784.0,5785.0,176651.0,460058.0,tushare_contract
SR.ZCE,2023-01-04,SR2303.ZCE,SR,5768.0,5770.0,5687.0,5698.0,5719.0,286096.0,422517.0,tushare_contract
SR.ZCE,2023-01-05,SR2303.ZCE,SR,5710.0,5711.0,5652.0,5674.0,5673.0,229883.0,407994.0,tushare_contract
SR.ZCE,2023-01-06,SR2303.ZCE,SR,5675.0,5681.0,5654.0,5667.0,5667.0,169876.0,406934.0,tushare_contract
SR.ZCE,2023-01-09,SR2303.ZCE,SR,5655.0,5677.0,5645.0,5667.0,5660.0,167099.0,404537.0,tushare_contract
SR.ZCE,2023-01-10,SR2303.ZCE,SR,5670.0,5682.0,5624.0,5626.0,5648.0,183346.0,400989.0,tushare_contract
SR.ZCE,2023-01-11,SR2303.ZCE,SR,5640.0,5647.0,5610.0,5622.0,5629.0,193340.0,391565.0,tushare_contract
SR.ZCE,2023-01-12,SR2303.ZCE,SR,5634.0,5657.0,5617.0,5625.0,5636.0,190141.0,389984.0,tushare_contract
SR.ZCE,2023-01-13,SR2303.ZCE,SR,5625.0,5629.0,5591.0,5604.0,5609.0,225981.0,388489.0,tushare_contract
SR.ZCE,2023-01-16,SR2303.ZCE,SR,5604.0,5643.0,5597.0,5624.0,5616.0,200656.0,375436.0,tushare_contract
SR.ZCE,2023-01-17,SR2303.ZCE,SR,5619.0,5647.0,5616.0,5634.0,5632.0,175699.0,363016.0,tushare_contract
SR.ZCE,2023-01-18,SR2303.ZCE,SR,5632.0,5694.0,5631.0,5675.0,5667.0,223974.0,314584.0,tushare_contract
SR.ZCE,2023-01-19,SR2303.ZCE,SR,5688.0,5688.0,5645.0,5663.0,5664.0,183367.0,280424.0,tushare_contract
SR.ZCE,2023-01-20,SR2303.ZCE,SR,5672.0,5715.0,5650.0,5708.0,5675.0,196012.0,235023.0,tushare_contract
SR.ZCE,2023-01-30,SR2303.ZCE,SR,5820.0,5878.0,5812.0,5856.0,5854.0,273007.0,206579.0,tushare_contract
SR.ZCE,2023-01-31,SR2303.ZCE,SR,5869.0,5889.0,5838.0,5864.0,5866.0,292373.0,149185.0,tushare_contract
SR.ZCE,2023-02-01,SR2303.ZCE,SR,5893.0,5917.0,5870.0,5899.0,5893.0,163280.0,123650.0,tushare_contract
SR.ZCE,2023-02-02,SR2305.ZCE,SR,5902.0,5914.0,5875.0,5882.0,5900.0,228994.0,365342.0,tushare_contract
SR.ZCE,2023-02-03,SR2305.ZCE,SR,5900.0,5944.0,5898.0,5929.0,5925.0,253993.0,386300.0,tushare_contract
SR.ZCE,2023-02-06,SR2305.ZCE,SR,5917.0,5923.0,5878.0,5905.0,5905.0,237563.0,394948.0,tushare_contract
SR.ZCE,2023-02-07,SR2305.ZCE,SR,5900.0,5909.0,5870.0,5889.0,5885.0,184966.0,404247.0,tushare_contract
SR.ZCE,2023-02-08,SR2305.ZCE,SR,5889.0,5942.0,5886.0,5916.0,5917.0,221843.0,424045.0,tushare_contract
SR.ZCE,2023-02-09,SR2305.ZCE,SR,5920.0,5955.0,5914.0,5928.0,5930.0,182858.0,436843.0,tushare_contract
SR.ZCE,2023-02-10,SR2305.ZCE,SR,5930.0,5976.0,5919.0,5939.0,5941.0,293449.0,449900.0,tushare_contract
SR.ZCE,2023-02-13,SR2305.ZCE,SR,5931.0,5955.0,5916.0,5917.0,5938.0,199095.0,454077.0,tushare_contract
SR.ZCE,2023-02-14,SR2305.ZCE,SR,5917.0,5930.0,5888.0,5928.0,5907.0,238685.0,453328.0,tushare_contract
SR.ZCE,2023-02-15,SR2305.ZCE,SR,5931.0,5958.0,5902.0,5907.0,5936.0,296981.0,453608.0,tushare_contract
SR.ZCE,2023-02-16,SR2305.ZCE,SR,5896.0,5928.0,5876.0,5917.0,5899.0,256767.0,444537.0,tushare_contract
SR.ZCE,2023-02-17,SR2305.ZCE,SR,5925.0,5938.0,5884.0,5890.0,5909.0,198453.0,443039.0,tushare_contract
SR.ZCE,2023-02-20,SR2305.ZCE,SR,5909.0,5956.0,5905.0,5944.0,5932.0,238296.0,453263.0,tushare_contract
SR.ZCE,2023-02-21,SR2305.ZCE,SR,5944.0,5947.0,5918.0,5932.0,5932.0,153113.0,441290.0,tushare_contract
SR.ZCE,2023-02-22,SR2305.ZCE,SR,5940.0,5995.0,5936.0,5968.0,5973.0,280969.0,454829.0,tushare_contract
SR.ZCE,2023-02-23,SR2305.ZCE,SR,5971.0,5985.0,5938.0,5953.0,5965.0,203851.0,444804.0,tushare_contract
SR.ZCE,2023-02-24,SR2305.ZCE,SR,5960.0,5989.0,5952.0,5966.0,5970.0,190877.0,444454.0,tushare_contract
SR.ZCE,2023-02-27,SR2305.ZCE,SR,5947.0,5947.0,5890.0,5902.0,5913.0,278915.0,422790.0,tushare_contract
SR.ZCE,2023-02-28,SR2305.ZCE,SR,5913.0,5965.0,5910.0,5949.0,5940.0,234016.0,420396.0,tushare_contract
SR.ZCE,2023-03-01,SR2305.ZCE,SR,5939.0,5960.0,5921.0,5959.0,5938.0,168093.0,413888.0,tushare_contract
SR.ZCE,2023-03-02,SR2305.ZCE,SR,5971.0,5998.0,5967.0,5990.0,5984.0,256375.0,430690.0,tushare_contract
SR.ZCE,2023-03-03,SR2305.ZCE,SR,5980.0,6044.0,5976.0,6040.0,6007.0,249384.0,467046.0,tushare_contract
SR.ZCE,2023-03-06,SR2305.ZCE,SR,6057.0,6134.0,6048.0,6127.0,6098.0,372757.0,505523.0,tushare_contract
SR.ZCE,2023-03-07,SR2305.ZCE,SR,6117.0,6195.0,6113.0,6169.0,6162.0,448102.0,528748.0,tushare_contract
SR.ZCE,2023-03-08,SR2305.ZCE,SR,6170.0,6215.0,6169.0,6186.0,6192.0,394541.0,533932.0,tushare_contract
SR.ZCE,2023-03-09,SR2305.ZCE,SR,6180.0,6229.0,6179.0,6207.0,6205.0,491910.0,544825.0,tushare_contract
SR.ZCE,2023-03-10,SR2305.ZCE,SR,6205.0,6343.0,6202.0,6315.0,6291.0,823271.0,566403.0,tushare_contract
SR.ZCE,2023-03-13,SR2305.ZCE,SR,6302.0,6328.0,6255.0,6296.0,6289.0,560655.0,543440.0,tushare_contract
SR.ZCE,2023-03-14,SR2305.ZCE,SR,6248.0,6319.0,6203.0,6253.0,6271.0,534808.0,509499.0,tushare_contract
SR.ZCE,2023-03-15,SR2305.ZCE,SR,6257.0,6286.0,6186.0,6196.0,6230.0,586375.0,457035.0,tushare_contract
SR.ZCE,2023-03-16,SR2305.ZCE,SR,6179.0,6182.0,6085.0,6114.0,6130.0,538984.0,391956.0,tushare_contract
SR.ZCE,2023-03-17,SR2305.ZCE,SR,6116.0,6162.0,6095.0,6142.0,6131.0,371367.0,370717.0,tushare_contract
SR.ZCE,2023-03-20,SR2305.ZCE,SR,6132.0,6205.0,6123.0,6132.0,6161.0,354673.0,335299.0,tushare_contract
SR.ZCE,2023-03-21,SR2305.ZCE,SR,6132.0,6184.0,6129.0,6158.0,6161.0,281337.0,321689.0,tushare_contract
SR.ZCE,2023-03-22,SR2305.ZCE,SR,6186.0,6196.0,6157.0,6172.0,6176.0,233888.0,303299.0,tushare_contract
SR.ZCE,2023-03-23,SR2305.ZCE,SR,6220.0,6248.0,6189.0,6193.0,6222.0,347007.0,283216.0,tushare_contract
SR.ZCE,2023-03-24,SR2305.ZCE,SR,6203.0,6209.0,6152.0,6188.0,6185.0,271245.0,264173.0,tushare_contract
SR.ZCE,2023-03-27,SR2307.ZCE,SR,6184.0,6191.0,6140.0,6160.0,6172.0,382773.0,445714.0,tushare_contract
SR.ZCE,2023-03-28,SR2307.ZCE,SR,6172.0,6228.0,6152.0,6209.0,6195.0,396994.0,466148.0,tushare_contract
SR.ZCE,2023-03-29,SR2307.ZCE,SR,6220.0,6300.0,6214.0,6299.0,6263.0,459344.0,503641.0,tushare_contract
SR.ZCE,2023-03-30,SR2307.ZCE,SR,6278.0,6384.0,6278.0,6381.0,6326.0,600957.0,570121.0,tushare_contract
SR.ZCE,2023-03-31,SR2307.ZCE,SR,6442.0,6485.0,6417.0,6448.0,6452.0,932310.0,621805.0,tushare_contract
SR.ZCE,2023-04-03,SR2307.ZCE,SR,6448.0,6612.0,6440.0,6493.0,6520.0,887799.0,630633.0,tushare_contract
SR.ZCE,2023-04-04,SR2307.ZCE,SR,6490.0,6545.0,6389.0,6430.0,6469.0,1137097.0,613002.0,tushare_contract
SR.ZCE,2023-04-06,SR2307.ZCE,SR,6502.0,6556.0,6471.0,6546.0,6501.0,707233.0,638395.0,tushare_contract
SR.ZCE,2023-04-07,SR2307.ZCE,SR,6544.0,6723.0,6537.0,6719.0,6650.0,1400001.0,718899.0,tushare_contract
SR.ZCE,2023-04-10,SR2307.ZCE,SR,6727.0,6790.0,6658.0,6676.0,6729.0,1498340.0,698769.0,tushare_contract
SR.ZCE,2023-04-11,SR2307.ZCE,SR,6682.0,6742.0,6653.0,6722.0,6700.0,1110372.0,723282.0,tushare_contract
SR.ZCE,2023-04-12,SR2307.ZCE,SR,6700.0,6778.0,6692.0,6758.0,6736.0,1433545.0,719043.0,tushare_contract
SR.ZCE,2023-04-13,SR2307.ZCE,SR,6749.0,6749.0,6663.0,6696.0,6697.0,1288442.0,699541.0,tushare_contract
SR.ZCE,2023-04-14,SR2307.ZCE,SR,6734.0,6775.0,6672.0,6707.0,6719.0,1360259.0,708750.0,tushare_contract
SR.ZCE,2023-04-17,SR2307.ZCE,SR,6710.0,6825.0,6649.0,6819.0,6735.0,1399329.0,779256.0,tushare_contract
SR.ZCE,2023-04-18,SR2307.ZCE,SR,6807.0,6843.0,6767.0,6829.0,6812.0,1146351.0,770480.0,tushare_contract
SR.ZCE,2023-04-19,SR2307.ZCE,SR,6809.0,6881.0,6774.0,6787.0,6811.0,1197559.0,742588.0,tushare_contract
SR.ZCE,2023-04-20,SR2307.ZCE,SR,6820.0,6828.0,6762.0,6781.0,6791.0,936559.0,691559.0,tushare_contract
SR.ZCE,2023-04-21,SR2307.ZCE,SR,6800.0,6952.0,6776.0,6903.0,6876.0,1412110.0,707526.0,tushare_contract
SR.ZCE,2023-04-24,SR2307.ZCE,SR,6882.0,6893.0,6733.0,6740.0,6812.0,1394143.0,632041.0,tushare_contract
SR.ZCE,2023-04-25,SR2307.ZCE,SR,6772.0,6883.0,6742.0,6814.0,6821.0,1028772.0,636272.0,tushare_contract
SR.ZCE,2023-04-26,SR2307.ZCE,SR,6802.0,6946.0,6778.0,6910.0,6875.0,1424848.0,655685.0,tushare_contract
SR.ZCE,2023-04-27,SR2307.ZCE,SR,6893.0,6940.0,6867.0,6898.0,6903.0,928203.0,626302.0,tushare_contract
SR.ZCE,2023-04-28,SR2307.ZCE,SR,7007.0,7037.0,6926.0,7035.0,6981.0,1134687.0,622940.0,tushare_contract
SR.ZCE,2023-05-04,SR2307.ZCE,SR,6900.0,6936.0,6834.0,6907.0,6894.0,793483.0,560105.0,tushare_contract
SR.ZCE,2023-05-05,SR2307.ZCE,SR,6920.0,6955.0,6833.0,6925.0,6891.0,1036992.0,528343.0,tushare_contract
SR.ZCE,2023-05-08,SR2307.ZCE,SR,6942.0,7018.0,6931.0,6956.0,6968.0,773060.0,518404.0,tushare_contract
SR.ZCE,2023-05-09,SR2307.ZCE,SR,6950.0,6962.0,6903.0,6906.0,6932.0,742035.0,489947.0,tushare_contract
SR.ZCE,2023-05-10,SR2307.ZCE,SR,6928.0,6972.0,6883.0,6954.0,6926.0,765374.0,472535.0,tushare_contract
SR.ZCE,2023-05-11,SR2307.ZCE,SR,6945.0,6985.0,6903.0,6952.0,6946.0,853913.0,440975.0,tushare_contract
SR.ZCE,2023-05-12,SR2307.ZCE,SR,6922.0,6927.0,6788.0,6792.0,6856.0,1109415.0,395220.0,tushare_contract
SR.ZCE,2023-05-15,SR2307.ZCE,SR,6810.0,6894.0,6770.0,6875.0,6828.0,913665.0,382370.0,tushare_contract
SR.ZCE,2023-05-16,SR2307.ZCE,SR,6849.0,6888.0,6820.0,6871.0,6857.0,495376.0,386535.0,tushare_contract
SR.ZCE,2023-05-17,SR2307.ZCE,SR,6888.0,6944.0,6846.0,6943.0,6898.0,808148.0,410714.0,tushare_contract
SR.ZCE,2023-05-18,SR2307.ZCE,SR,6913.0,6989.0,6912.0,6968.0,6940.0,530239.0,419558.0,tushare_contract
SR.ZCE,2023-05-19,SR2307.ZCE,SR,6942.0,6984.0,6906.0,6947.0,6952.0,706469.0,407258.0,tushare_contract
SR.ZCE,2023-05-22,SR2307.ZCE,SR,6999.0,7156.0,6964.0,7129.0,7038.0,949612.0,423146.0,tushare_contract
SR.ZCE,2023-05-23,SR2307.ZCE,SR,7113.0,7202.0,7112.0,7166.0,7170.0,657973.0,418558.0,tushare_contract
SR.ZCE,2023-05-24,SR2307.ZCE,SR,7172.0,7187.0,7111.0,7121.0,7157.0,523230.0,385008.0,tushare_contract
SR.ZCE,2023-05-25,SR2307.ZCE,SR,7110.0,7135.0,7008.0,7045.0,7073.0,690540.0,342423.0,tushare_contract
SR.ZCE,2023-05-26,SR2309.ZCE,SR,6928.0,6935.0,6802.0,6866.0,6858.0,1109775.0,591895.0,tushare_contract
SR.ZCE,2023-05-29,SR2309.ZCE,SR,6889.0,6955.0,6844.0,6918.0,6904.0,739891.0,597815.0,tushare_contract
SR.ZCE,2023-05-30,SR2309.ZCE,SR,6918.0,6933.0,6830.0,6870.0,6882.0,696011.0,587321.0,tushare_contract
SR.ZCE,2023-05-31,SR2309.ZCE,SR,6903.0,6918.0,6838.0,6878.0,6867.0,626352.0,576896.0,tushare_contract
SR.ZCE,2023-06-01,SR2309.ZCE,SR,6850.0,6914.0,6819.0,6907.0,6866.0,837265.0,563729.0,tushare_contract
SR.ZCE,2023-06-02,SR2309.ZCE,SR,6932.0,6943.0,6666.0,6750.0,6761.0,1626488.0,565600.0,tushare_contract
SR.ZCE,2023-06-05,SR2309.ZCE,SR,6740.0,6812.0,6707.0,6777.0,6760.0,937777.0,573814.0,tushare_contract
SR.ZCE,2023-06-06,SR2309.ZCE,SR,6761.0,6824.0,6715.0,6784.0,6756.0,865242.0,563211.0,tushare_contract
SR.ZCE,2023-06-07,SR2309.ZCE,SR,6801.0,6886.0,6776.0,6856.0,6849.0,772095.0,563959.0,tushare_contract
SR.ZCE,2023-06-08,SR2309.ZCE,SR,6866.0,6916.0,6833.0,6871.0,6869.0,599252.0,551468.0,tushare_contract
SR.ZCE,2023-06-09,SR2309.ZCE,SR,6918.0,7009.0,6902.0,7006.0,6967.0,798801.0,561409.0,tushare_contract
SR.ZCE,2023-06-12,SR2309.ZCE,SR,6985.0,7002.0,6945.0,6954.0,6974.0,578449.0,547701.0,tushare_contract
SR.ZCE,2023-06-13,SR2309.ZCE,SR,6986.0,7007.0,6955.0,6969.0,6978.0,574290.0,544613.0,tushare_contract
SR.ZCE,2023-06-14,SR2309.ZCE,SR,6953.0,6979.0,6898.0,6951.0,6942.0,655867.0,545968.0,tushare_contract
SR.ZCE,2023-06-15,SR2309.ZCE,SR,6980.0,7022.0,6960.0,6984.0,6985.0,558407.0,550158.0,tushare_contract
SR.ZCE,2023-06-16,SR2309.ZCE,SR,7010.0,7026.0,6931.0,6940.0,6972.0,586574.0,537736.0,tushare_contract
SR.ZCE,2023-06-19,SR2309.ZCE,SR,6960.0,7000.0,6911.0,6918.0,6955.0,527959.0,527907.0,tushare_contract
SR.ZCE,2023-06-20,SR2309.ZCE,SR,6918.0,6982.0,6916.0,6963.0,6958.0,347683.0,522316.0,tushare_contract
SR.ZCE,2023-06-21,SR2309.ZCE,SR,6963.0,6971.0,6903.0,6957.0,6937.0,441429.0,503651.0,tushare_contract
SR.ZCE,2023-06-26,SR2309.ZCE,SR,6845.0,6860.0,6782.0,6841.0,6815.0,477239.0,486164.0,tushare_contract
SR.ZCE,2023-06-27,SR2309.ZCE,SR,6845.0,6887.0,6688.0,6692.0,6752.0,671479.0,468259.0,tushare_contract
SR.ZCE,2023-06-28,SR2309.ZCE,SR,6648.0,6695.0,6630.0,6657.0,6660.0,577487.0,478567.0,tushare_contract
SR.ZCE,2023-06-29,SR2309.ZCE,SR,6636.0,6684.0,6618.0,6661.0,6646.0,455718.0,468728.0,tushare_contract
SR.ZCE,2023-06-30,SR2309.ZCE,SR,6649.0,6788.0,6635.0,6730.0,6703.0,693146.0,440517.0,tushare_contract
SR.ZCE,2023-07-03,SR2309.ZCE,SR,6731.0,6835.0,6725.0,6832.0,6783.0,449918.0,447711.0,tushare_contract
SR.ZCE,2023-07-04,SR2309.ZCE,SR,6835.0,6847.0,6784.0,6784.0,6814.0,337884.0,442583.0,tushare_contract
SR.ZCE,2023-07-05,SR2309.ZCE,SR,6791.0,6805.0,6740.0,6780.0,6769.0,367872.0,440979.0,tushare_contract
SR.ZCE,2023-07-06,SR2309.ZCE,SR,6800.0,6825.0,6769.0,6770.0,6800.0,298993.0,441485.0,tushare_contract
SR.ZCE,2023-07-07,SR2309.ZCE,SR,6758.0,6788.0,6731.0,6733.0,6759.0,322666.0,437661.0,tushare_contract
SR.ZCE,2023-07-10,SR2309.ZCE,SR,6759.0,6806.0,6737.0,6738.0,6769.0,338636.0,433627.0,tushare_contract
SR.ZCE,2023-07-11,SR2309.ZCE,SR,6723.0,6772.0,6713.0,6768.0,6739.0,310780.0,426626.0,tushare_contract
SR.ZCE,2023-07-12,SR2309.ZCE,SR,6765.0,6814.0,6756.0,6796.0,6785.0,303198.0,422664.0,tushare_contract
SR.ZCE,2023-07-13,SR2309.ZCE,SR,6790.0,6899.0,6782.0,6886.0,6847.0,433565.0,427575.0,tushare_contract
SR.ZCE,2023-07-14,SR2309.ZCE,SR,6885.0,6927.0,6863.0,6915.0,6896.0,316346.0,420457.0,tushare_contract
SR.ZCE,2023-07-17,SR2309.ZCE,SR,6933.0,6962.0,6878.0,6882.0,6921.0,310552.0,418058.0,tushare_contract
SR.ZCE,2023-07-18,SR2309.ZCE,SR,6860.0,6886.0,6827.0,6875.0,6855.0,254900.0,399056.0,tushare_contract
SR.ZCE,2023-07-19,SR2309.ZCE,SR,6875.0,6895.0,6834.0,6877.0,6865.0,229089.0,392913.0,tushare_contract
SR.ZCE,2023-07-20,SR2309.ZCE,SR,6892.0,6914.0,6853.0,6856.0,6881.0,242759.0,388442.0,tushare_contract
SR.ZCE,2023-07-21,SR2309.ZCE,SR,6871.0,6903.0,6782.0,6784.0,6840.0,334635.0,373138.0,tushare_contract
SR.ZCE,2023-07-24,SR2309.ZCE,SR,6784.0,6899.0,6783.0,6826.0,6845.0,388930.0,360753.0,tushare_contract
SR.ZCE,2023-07-25,SR2309.ZCE,SR,6837.0,6856.0,6811.0,6826.0,6829.0,281993.0,349880.0,tushare_contract
SR.ZCE,2023-07-26,SR2309.ZCE,SR,6815.0,6885.0,6786.0,6872.0,6843.0,328188.0,342257.0,tushare_contract
SR.ZCE,2023-07-27,SR2309.ZCE,SR,6868.0,6872.0,6825.0,6827.0,6847.0,239276.0,329199.0,tushare_contract
SR.ZCE,2023-07-28,SR2309.ZCE,SR,6814.0,6841.0,6786.0,6807.0,6811.0,243087.0,312444.0,tushare_contract
SR.ZCE,2023-07-31,SR2309.ZCE,SR,6780.0,6814.0,6690.0,6714.0,6746.0,355303.0,289349.0,tushare_contract
SR.ZCE,2023-08-01,SR2309.ZCE,SR,6730.0,6777.0,6711.0,6739.0,6743.0,193208.0,266720.0,tushare_contract
SR.ZCE,2023-08-02,SR2401.ZCE,SR,6632.0,6675.0,6615.0,6665.0,6652.0,310760.0,410780.0,tushare_contract
SR.ZCE,2023-08-03,SR2401.ZCE,SR,6665.0,6688.0,6635.0,6654.0,6663.0,369989.0,428867.0,tushare_contract
SR.ZCE,2023-08-04,SR2401.ZCE,SR,6638.0,6695.0,6606.0,6682.0,6656.0,441257.0,447623.0,tushare_contract
SR.ZCE,2023-08-07,SR2401.ZCE,SR,6660.0,6696.0,6630.0,6662.0,6662.0,385229.0,445813.0,tushare_contract
SR.ZCE,2023-08-08,SR2401.ZCE,SR,6671.0,6768.0,6670.0,6731.0,6742.0,599061.0,501472.0,tushare_contract
SR.ZCE,2023-08-09,SR2401.ZCE,SR,6716.0,6885.0,6715.0,6877.0,6800.0,742484.0,613287.0,tushare_contract
SR.ZCE,2023-08-10,SR2401.ZCE,SR,6878.0,6902.0,6863.0,6889.0,6884.0,474598.0,642367.0,tushare_contract
SR.ZCE,2023-08-11,SR2401.ZCE,SR,6900.0,6935.0,6856.0,6910.0,6898.0,648945.0,660903.0,tushare_contract
SR.ZCE,2023-08-14,SR2401.ZCE,SR,6917.0,6923.0,6865.0,6881.0,6892.0,479191.0,642640.0,tushare_contract
SR.ZCE,2023-08-15,SR2401.ZCE,SR,6877.0,6885.0,6836.0,6844.0,6861.0,465477.0,616966.0,tushare_contract
SR.ZCE,2023-08-16,SR2401.ZCE,SR,6844.0,6866.0,6824.0,6844.0,6846.0,335033.0,607126.0,tushare_contract
SR.ZCE,2023-08-17,SR2401.ZCE,SR,6852.0,6917.0,6849.0,6880.0,6884.0,519340.0,617263.0,tushare_contract
SR.ZCE,2023-08-18,SR2401.ZCE,SR,6900.0,6910.0,6870.0,6884.0,6892.0,343685.0,622850.0,tushare_contract
SR.ZCE,2023-08-21,SR2401.ZCE,SR,6878.0,6996.0,6862.0,6975.0,6933.0,548345.0,647052.0,tushare_contract
SR.ZCE,2023-08-22,SR2401.ZCE,SR,6975.0,7013.0,6789.0,6823.0,6914.0,805368.0,595218.0,tushare_contract
SR.ZCE,2023-08-23,SR2401.ZCE,SR,6839.0,6866.0,6807.0,6819.0,6832.0,483426.0,589935.0,tushare_contract
SR.ZCE,2023-08-24,SR2401.ZCE,SR,6885.0,6961.0,6853.0,6866.0,6923.0,836585.0,590853.0,tushare_contract
SR.ZCE,2023-08-25,SR2401.ZCE,SR,6894.0,6920.0,6842.0,6890.0,6883.0,422528.0,590438.0,tushare_contract
SR.ZCE,2023-08-28,SR2401.ZCE,SR,6899.0,6968.0,6874.0,6908.0,6914.0,519241.0,595824.0,tushare_contract
SR.ZCE,2023-08-29,SR2401.ZCE,SR,6936.0,6966.0,6901.0,6913.0,6936.0,522029.0,612405.0,tushare_contract
SR.ZCE,2023-08-30,SR2401.ZCE,SR,6899.0,6970.0,6883.0,6959.0,6927.0,519125.0,626274.0,tushare_contract
SR.ZCE,2023-08-31,SR2401.ZCE,SR,6973.0,6981.0,6896.0,6951.0,6941.0,570035.0,612585.0,tushare_contract
SR.ZCE,2023-09-01,SR2401.ZCE,SR,6960.0,7040.0,6942.0,7025.0,6990.0,637653.0,662731.0,tushare_contract
SR.ZCE,2023-09-04,SR2401.ZCE,SR,7040.0,7061.0,7005.0,7038.0,7030.0,518587.0,673399.0,tushare_contract
SR.ZCE,2023-09-05,SR2401.ZCE,SR,7049.0,7075.0,7022.0,7058.0,7054.0,442206.0,690485.0,tushare_contract
SR.ZCE,2023-09-06,SR2401.ZCE,SR,7079.0,7131.0,7058.0,7117.0,7095.0,686419.0,728810.0,tushare_contract
SR.ZCE,2023-09-07,SR2401.ZCE,SR,7110.0,7113.0,7032.0,7062.0,7074.0,558567.0,690074.0,tushare_contract
SR.ZCE,2023-09-08,SR2401.ZCE,SR,7075.0,7119.0,7038.0,7085.0,7083.0,525595.0,696446.0,tushare_contract
SR.ZCE,2023-09-11,SR2401.ZCE,SR,7079.0,7114.0,6973.0,6991.0,7046.0,742647.0,675755.0,tushare_contract
SR.ZCE,2023-09-12,SR2401.ZCE,SR,6949.0,6981.0,6908.0,6956.0,6951.0,610746.0,657050.0,tushare_contract
SR.ZCE,2023-09-13,SR2401.ZCE,SR,6965.0,6995.0,6885.0,6903.0,6944.0,638453.0,638343.0,tushare_contract
SR.ZCE,2023-09-14,SR2401.ZCE,SR,6900.0,6928.0,6866.0,6872.0,6893.0,461768.0,619787.0,tushare_contract
SR.ZCE,2023-09-15,SR2401.ZCE,SR,6887.0,6934.0,6882.0,6928.0,6904.0,492512.0,615985.0,tushare_contract
SR.ZCE,2023-09-18,SR2401.ZCE,SR,6950.0,6960.0,6860.0,6886.0,6899.0,449690.0,601884.0,tushare_contract
SR.ZCE,2023-09-19,SR2401.ZCE,SR,6901.0,6916.0,6871.0,6896.0,6896.0,391436.0,598502.0,tushare_contract
SR.ZCE,2023-09-20,SR2401.ZCE,SR,6893.0,6944.0,6887.0,6928.0,6917.0,368219.0,597996.0,tushare_contract
SR.ZCE,2023-09-21,SR2401.ZCE,SR,6910.0,6924.0,6804.0,6821.0,6866.0,589683.0,592677.0,tushare_contract
SR.ZCE,2023-09-22,SR2401.ZCE,SR,6820.0,6906.0,6801.0,6888.0,6850.0,489670.0,588565.0,tushare_contract
SR.ZCE,2023-09-25,SR2401.ZCE,SR,6908.0,6957.0,6887.0,6901.0,6921.0,432204.0,574591.0,tushare_contract
SR.ZCE,2023-09-26,SR2401.ZCE,SR,6881.0,6915.0,6854.0,6909.0,6887.0,429350.0,561789.0,tushare_contract
SR.ZCE,2023-09-27,SR2401.ZCE,SR,6895.0,6950.0,6879.0,6930.0,6921.0,385381.0,542869.0,tushare_contract
SR.ZCE,2023-09-28,SR2401.ZCE,SR,6938.0,6948.0,6880.0,6947.0,6917.0,347602.0,523025.0,tushare_contract
SR.ZCE,2023-10-09,SR2401.ZCE,SR,6961.0,7022.0,6870.0,6886.0,6946.0,503937.0,533461.0,tushare_contract
SR.ZCE,2023-10-10,SR2401.ZCE,SR,6887.0,6909.0,6834.0,6838.0,6869.0,537202.0,556925.0,tushare_contract
SR.ZCE,2023-10-11,SR2401.ZCE,SR,6838.0,6868.0,6764.0,6777.0,6823.0,656420.0,576566.0,tushare_contract
SR.ZCE,2023-10-12,SR2401.ZCE,SR,6775.0,6819.0,6740.0,6816.0,6773.0,601836.0,584305.0,tushare_contract
SR.ZCE,2023-10-13,SR2401.ZCE,SR,6821.0,6821.0,6756.0,6784.0,6778.0,460211.0,584148.0,tushare_contract
SR.ZCE,2023-10-16,SR2401.ZCE,SR,6816.0,6926.0,6790.0,6818.0,6832.0,523407.0,568543.0,tushare_contract
SR.ZCE,2023-10-17,SR2401.ZCE,SR,6816.0,6823.0,6772.0,6790.0,6799.0,425035.0,569240.0,tushare_contract
SR.ZCE,2023-10-18,SR2401.ZCE,SR,6820.0,6839.0,6801.0,6816.0,6820.0,357716.0,570651.0,tushare_contract
SR.ZCE,2023-10-19,SR2401.ZCE,SR,6825.0,6894.0,6760.0,6878.0,6831.0,748344.0,578081.0,tushare_contract
SR.ZCE,2023-10-20,SR2401.ZCE,SR,6853.0,6887.0,6819.0,6825.0,6852.0,453330.0,560622.0,tushare_contract
SR.ZCE,2023-10-23,SR2401.ZCE,SR,6813.0,6839.0,6717.0,6720.0,6782.0,648895.0,584002.0,tushare_contract
SR.ZCE,2023-10-24,SR2401.ZCE,SR,6742.0,6786.0,6724.0,6778.0,6752.0,487612.0,587531.0,tushare_contract
SR.ZCE,2023-10-25,SR2401.ZCE,SR,6781.0,6846.0,6767.0,6819.0,6810.0,512830.0,584186.0,tushare_contract
SR.ZCE,2023-10-26,SR2401.ZCE,SR,6828.0,6840.0,6781.0,6813.0,6804.0,402901.0,580635.0,tushare_contract
SR.ZCE,2023-10-27,SR2401.ZCE,SR,6790.0,6806.0,6749.0,6785.0,6778.0,510974.0,572416.0,tushare_contract
SR.ZCE,2023-10-30,SR2401.ZCE,SR,6791.0,6862.0,6774.0,6861.0,6817.0,473646.0,572368.0,tushare_contract
SR.ZCE,2023-10-31,SR2401.ZCE,SR,6850.0,6856.0,6772.0,6788.0,6806.0,410582.0,559350.0,tushare_contract
SR.ZCE,2023-11-01,SR2401.ZCE,SR,6790.0,6836.0,6774.0,6788.0,6802.0,416963.0,556172.0,tushare_contract
SR.ZCE,2023-11-02,SR2401.ZCE,SR,6816.0,6858.0,6805.0,6843.0,6831.0,426073.0,572117.0,tushare_contract
SR.ZCE,2023-11-03,SR2401.ZCE,SR,6840.0,6908.0,6829.0,6900.0,6871.0,419426.0,579572.0,tushare_contract
SR.ZCE,2023-11-06,SR2401.ZCE,SR,6900.0,6925.0,6882.0,6923.0,6903.0,351678.0,586476.0,tushare_contract
SR.ZCE,2023-11-07,SR2401.ZCE,SR,6932.0,6976.0,6918.0,6949.0,6949.0,382336.0,595145.0,tushare_contract
SR.ZCE,2023-11-08,SR2401.ZCE,SR,6950.0,6950.0,6894.0,6940.0,6928.0,317471.0,590262.0,tushare_contract
SR.ZCE,2023-11-09,SR2401.ZCE,SR,6930.0,6961.0,6924.0,6948.0,6942.0,295384.0,597124.0,tushare_contract
SR.ZCE,2023-11-10,SR2401.ZCE,SR,6957.0,7027.0,6956.0,7003.0,6997.0,442447.0,610650.0,tushare_contract
SR.ZCE,2023-11-13,SR2401.ZCE,SR,6997.0,7005.0,6906.0,6919.0,6948.0,351618.0,573118.0,tushare_contract
SR.ZCE,2023-11-14,SR2401.ZCE,SR,6915.0,6953.0,6897.0,6927.0,6923.0,293457.0,564655.0,tushare_contract
SR.ZCE,2023-11-15,SR2401.ZCE,SR,6915.0,6935.0,6871.0,6930.0,6905.0,418636.0,548715.0,tushare_contract
SR.ZCE,2023-11-16,SR2401.ZCE,SR,6934.0,6942.0,6884.0,6899.0,6910.0,282583.0,541890.0,tushare_contract
SR.ZCE,2023-11-17,SR2401.ZCE,SR,6896.0,6921.0,6846.0,6851.0,6885.0,408098.0,510259.0,tushare_contract
SR.ZCE,2023-11-20,SR2401.ZCE,SR,6847.0,6881.0,6835.0,6855.0,6855.0,310965.0,495866.0,tushare_contract
SR.ZCE,2023-11-21,SR2401.ZCE,SR,6855.0,6918.0,6841.0,6843.0,6873.0,356429.0,483824.0,tushare_contract
SR.ZCE,2023-11-22,SR2401.ZCE,SR,6833.0,6876.0,6822.0,6861.0,6851.0,304344.0,463238.0,tushare_contract
SR.ZCE,2023-11-23,SR2401.ZCE,SR,6860.0,6860.0,6795.0,6814.0,6826.0,387626.0,439635.0,tushare_contract
SR.ZCE,2023-11-24,SR2401.ZCE,SR,6820.0,6885.0,6816.0,6880.0,6842.0,300139.0,441308.0,tushare_contract
SR.ZCE,2023-11-27,SR2401.ZCE,SR,6870.0,6883.0,6801.0,6806.0,6833.0,283571.0,418854.0,tushare_contract
SR.ZCE,2023-11-28,SR2401.ZCE,SR,6813.0,6852.0,6792.0,6838.0,6824.0,273893.0,411808.0,tushare_contract
SR.ZCE,2023-11-29,SR2401.ZCE,SR,6823.0,6842.0,6790.0,6810.0,6813.0,324440.0,391543.0,tushare_contract
SR.ZCE,2023-11-30,SR2401.ZCE,SR,6811.0,6828.0,6732.0,6738.0,6778.0,340911.0,378227.0,tushare_contract
SR.ZCE,2023-12-01,SR2401.ZCE,SR,6736.0,6737.0,6590.0,6620.0,6661.0,493405.0,342864.0,tushare_contract
SR.ZCE,2023-12-04,SR2401.ZCE,SR,6619.0,6640.0,6555.0,6609.0,6600.0,427952.0,305470.0,tushare_contract
SR.ZCE,2023-12-05,SR2401.ZCE,SR,6645.0,6655.0,6557.0,6574.0,6599.0,294232.0,272224.0,tushare_contract
SR.ZCE,2023-12-06,SR2405.ZCE,SR,6431.0,6448.0,6284.0,6356.0,6349.0,662607.0,455772.0,tushare_contract
SR.ZCE,2023-12-07,SR2405.ZCE,SR,6314.0,6342.0,6159.0,6282.0,6255.0,748180.0,458812.0,tushare_contract
SR.ZCE,2023-12-08,SR2405.ZCE,SR,6278.0,6394.0,6223.0,6371.0,6301.0,688321.0,456419.0,tushare_contract
SR.ZCE,2023-12-11,SR2405.ZCE,SR,6359.0,6367.0,6273.0,6294.0,6320.0,543128.0,465890.0,tushare_contract
SR.ZCE,2023-12-12,SR2405.ZCE,SR,6230.0,6271.0,6205.0,6252.0,6239.0,508397.0,476308.0,tushare_contract
SR.ZCE,2023-12-13,SR2405.ZCE,SR,6200.0,6303.0,6183.0,6279.0,6254.0,518972.0,485275.0,tushare_contract
SR.ZCE,2023-12-14,SR2405.ZCE,SR,6312.0,6324.0,6210.0,6239.0,6267.0,471970.0,485768.0,tushare_contract
SR.ZCE,2023-12-15,SR2405.ZCE,SR,6238.0,6290.0,6190.0,6238.0,6235.0,646611.0,488345.0,tushare_contract
SR.ZCE,2023-12-18,SR2405.ZCE,SR,6230.0,6260.0,6181.0,6214.0,6221.0,531674.0,490094.0,tushare_contract
SR.ZCE,2023-12-19,SR2405.ZCE,SR,6180.0,6207.0,6105.0,6106.0,6162.0,752133.0,523702.0,tushare_contract
SR.ZCE,2023-12-20,SR2405.ZCE,SR,6125.0,6182.0,6116.0,6170.0,6145.0,559752.0,509732.0,tushare_contract
SR.ZCE,2023-12-21,SR2405.ZCE,SR,6176.0,6215.0,6137.0,6195.0,6177.0,602982.0,488422.0,tushare_contract
SR.ZCE,2023-12-22,SR2405.ZCE,SR,6152.0,6267.0,6147.0,6248.0,6202.0,583982.0,480249.0,tushare_contract
SR.ZCE,2023-12-25,SR2405.ZCE,SR,6252.0,6283.0,6227.0,6237.0,6254.0,401297.0,481316.0,tushare_contract
SR.ZCE,2023-12-26,SR2405.ZCE,SR,6237.0,6305.0,6217.0,6288.0,6260.0,415544.0,476235.0,tushare_contract
SR.ZCE,2023-12-27,SR2405.ZCE,SR,6294.0,6294.0,6256.0,6280.0,6273.0,319495.0,473032.0,tushare_contract
SR.ZCE,2023-12-28,SR2405.ZCE,SR,6262.0,6322.0,6261.0,6298.0,6294.0,401638.0,458783.0,tushare_contract
SR.ZCE,2023-12-29,SR2405.ZCE,SR,6299.0,6385.0,6269.0,6307.0,6324.0,482382.0,456067.0,tushare_contract
SR.ZCE,2024-01-02,SR2405.ZCE,SR,6263.0,6305.0,6233.0,6304.0,6272.0,254580.0,449414.0,tushare_contract
SR.ZCE,2024-01-03,SR2405.ZCE,SR,6302.0,6333.0,6285.0,6330.0,6311.0,312078.0,451670.0,tushare_contract
SR.ZCE,2024-01-04,SR2405.ZCE,SR,6338.0,6342.0,6286.0,6324.0,6316.0,294321.0,449451.0,tushare_contract
SR.ZCE,2024-01-05,SR2405.ZCE,SR,6327.0,6343.0,6298.0,6308.0,6321.0,281862.0,451745.0,tushare_contract
SR.ZCE,2024-01-08,SR2405.ZCE,SR,6290.0,6338.0,6272.0,6313.0,6305.0,345419.0,451980.0,tushare_contract
SR.ZCE,2024-01-09,SR2405.ZCE,SR,6329.0,6347.0,6302.0,6316.0,6322.0,389240.0,436387.0,tushare_contract
SR.ZCE,2024-01-10,SR2405.ZCE,SR,6328.0,6338.0,6197.0,6218.0,6272.0,512497.0,433600.0,tushare_contract
SR.ZCE,2024-01-11,SR2405.ZCE,SR,6235.0,6299.0,6203.0,6282.0,6250.0,417667.0,421125.0,tushare_contract
SR.ZCE,2024-01-12,SR2405.ZCE,SR,6284.0,6295.0,6260.0,6281.0,6279.0,286631.0,402779.0,tushare_contract
SR.ZCE,2024-01-15,SR2405.ZCE,SR,6274.0,6319.0,6256.0,6269.0,6285.0,336710.0,388910.0,tushare_contract
SR.ZCE,2024-01-16,SR2405.ZCE,SR,6271.0,6298.0,6242.0,6293.0,6273.0,309581.0,392082.0,tushare_contract
SR.ZCE,2024-01-17,SR2405.ZCE,SR,6315.0,6358.0,6306.0,6345.0,6336.0,385727.0,408591.0,tushare_contract
SR.ZCE,2024-01-18,SR2405.ZCE,SR,6350.0,6364.0,6318.0,6340.0,6341.0,302614.0,398621.0,tushare_contract
SR.ZCE,2024-01-19,SR2405.ZCE,SR,6351.0,6402.0,6337.0,6390.0,6375.0,361240.0,411418.0,tushare_contract
SR.ZCE,2024-01-22,SR2405.ZCE,SR,6387.0,6450.0,6385.0,6448.0,6417.0,340274.0,421710.0,tushare_contract
SR.ZCE,2024-01-23,SR2405.ZCE,SR,6445.0,6450.0,6422.0,6443.0,6438.0,244185.0,431359.0,tushare_contract
SR.ZCE,2024-01-24,SR2405.ZCE,SR,6440.0,6490.0,6423.0,6474.0,6462.0,318748.0,447454.0,tushare_contract
SR.ZCE,2024-01-25,SR2405.ZCE,SR,6490.0,6527.0,6446.0,6506.0,6491.0,372960.0,454811.0,tushare_contract
SR.ZCE,2024-01-26,SR2405.ZCE,SR,6510.0,6539.0,6436.0,6439.0,6487.0,413151.0,443338.0,tushare_contract
SR.ZCE,2024-01-29,SR2405.ZCE,SR,6450.0,6494.0,6426.0,6473.0,6457.0,348351.0,448852.0,tushare_contract
SR.ZCE,2024-01-30,SR2405.ZCE,SR,6495.0,6502.0,6435.0,6439.0,6463.0,288846.0,450715.0,tushare_contract
SR.ZCE,2024-01-31,SR2405.ZCE,SR,6445.0,6496.0,6415.0,6461.0,6454.0,328227.0,443521.0,tushare_contract
SR.ZCE,2024-02-01,SR2405.ZCE,SR,6456.0,6490.0,6451.0,6471.0,6472.0,260932.0,447027.0,tushare_contract
SR.ZCE,2024-02-02,SR2405.ZCE,SR,6471.0,6524.0,6451.0,6482.0,6485.0,479939.0,458440.0,tushare_contract
SR.ZCE,2024-02-05,SR2405.ZCE,SR,6480.0,6588.0,6475.0,6538.0,6539.0,471858.0,467985.0,tushare_contract
SR.ZCE,2024-02-06,SR2405.ZCE,SR,6547.0,6550.0,6484.0,6494.0,6512.0,327639.0,443880.0,tushare_contract
SR.ZCE,2024-02-07,SR2405.ZCE,SR,6512.0,6547.0,6486.0,6547.0,6515.0,272600.0,428807.0,tushare_contract
SR.ZCE,2024-02-08,SR2405.ZCE,SR,6559.0,6596.0,6549.0,6566.0,6570.0,226548.0,410417.0,tushare_contract
SR.ZCE,2024-02-19,SR2405.ZCE,SR,6506.0,6527.0,6481.0,6497.0,6500.0,183374.0,415105.0,tushare_contract
SR.ZCE,2024-02-20,SR2405.ZCE,SR,6495.0,6495.0,6363.0,6369.0,6415.0,374604.0,412610.0,tushare_contract
SR.ZCE,2024-02-21,SR2405.ZCE,SR,6370.0,6385.0,6334.0,6362.0,6362.0,326077.0,398185.0,tushare_contract
SR.ZCE,2024-02-22,SR2405.ZCE,SR,6357.0,6379.0,6343.0,6368.0,6360.0,236787.0,389383.0,tushare_contract
SR.ZCE,2024-02-23,SR2405.ZCE,SR,6334.0,6360.0,6281.0,6282.0,6306.0,418113.0,383094.0,tushare_contract
SR.ZCE,2024-02-26,SR2405.ZCE,SR,6284.0,6292.0,6227.0,6233.0,6255.0,293005.0,376414.0,tushare_contract
SR.ZCE,2024-02-27,SR2405.ZCE,SR,6250.0,6279.0,6245.0,6248.0,6260.0,237506.0,364733.0,tushare_contract
SR.ZCE,2024-02-28,SR2405.ZCE,SR,6260.0,6313.0,6252.0,6276.0,6280.0,301898.0,358849.0,tushare_contract
SR.ZCE,2024-02-29,SR2405.ZCE,SR,6279.0,6294.0,6256.0,6289.0,6273.0,226637.0,367152.0,tushare_contract
SR.ZCE,2024-03-01,SR2405.ZCE,SR,6255.0,6258.0,6204.0,6254.0,6230.0,390244.0,374605.0,tushare_contract
SR.ZCE,2024-03-04,SR2405.ZCE,SR,6229.0,6281.0,6225.0,6274.0,6254.0,289894.0,379751.0,tushare_contract
SR.ZCE,2024-03-05,SR2405.ZCE,SR,6272.0,6302.0,6236.0,6283.0,6280.0,286842.0,375478.0,tushare_contract
SR.ZCE,2024-03-06,SR2405.ZCE,SR,6290.0,6325.0,6260.0,6265.0,6297.0,330677.0,370317.0,tushare_contract
SR.ZCE,2024-03-07,SR2405.ZCE,SR,6275.0,6316.0,6265.0,6266.0,6294.0,272386.0,369440.0,tushare_contract
SR.ZCE,2024-03-08,SR2405.ZCE,SR,6254.0,6310.0,6250.0,6305.0,6284.0,254146.0,368356.0,tushare_contract
SR.ZCE,2024-03-11,SR2405.ZCE,SR,6298.0,6319.0,6269.0,6306.0,6294.0,284790.0,365175.0,tushare_contract
SR.ZCE,2024-03-12,SR2405.ZCE,SR,6330.0,6449.0,6316.0,6447.0,6391.0,508055.0,375747.0,tushare_contract
SR.ZCE,2024-03-13,SR2405.ZCE,SR,6453.0,6480.0,6432.0,6474.0,6454.0,329445.0,372142.0,tushare_contract
SR.ZCE,2024-03-14,SR2405.ZCE,SR,6458.0,6515.0,6418.0,6491.0,6467.0,420423.0,367890.0,tushare_contract
SR.ZCE,2024-03-15,SR2405.ZCE,SR,6505.0,6547.0,6460.0,6536.0,6511.0,340283.0,388491.0,tushare_contract
SR.ZCE,2024-03-18,SR2405.ZCE,SR,6540.0,6569.0,6525.0,6556.0,6546.0,314678.0,395857.0,tushare_contract
SR.ZCE,2024-03-19,SR2405.ZCE,SR,6562.0,6586.0,6531.0,6570.0,6558.0,289678.0,409829.0,tushare_contract
SR.ZCE,2024-03-20,SR2405.ZCE,SR,6536.0,6556.0,6471.0,6489.0,6510.0,409918.0,404649.0,tushare_contract
SR.ZCE,2024-03-21,SR2405.ZCE,SR,6458.0,6569.0,6450.0,6526.0,6505.0,327297.0,393760.0,tushare_contract
SR.ZCE,2024-03-22,SR2405.ZCE,SR,6539.0,6557.0,6507.0,6542.0,6531.0,290474.0,395853.0,tushare_contract
SR.ZCE,2024-03-25,SR2405.ZCE,SR,6557.0,6560.0,6428.0,6461.0,6489.0,352250.0,365403.0,tushare_contract
SR.ZCE,2024-03-26,SR2405.ZCE,SR,6462.0,6495.0,6450.0,6462.0,6471.0,234947.0,357217.0,tushare_contract
SR.ZCE,2024-03-27,SR2405.ZCE,SR,6480.0,6525.0,6455.0,6483.0,6488.0,329214.0,337977.0,tushare_contract
SR.ZCE,2024-03-28,SR2405.ZCE,SR,6444.0,6491.0,6433.0,6472.0,6460.0,248221.0,329600.0,tushare_contract
SR.ZCE,2024-03-29,SR2405.ZCE,SR,6500.0,6539.0,6475.0,6510.0,6504.0,265879.0,323106.0,tushare_contract
SR.ZCE,2024-04-01,SR2405.ZCE,SR,6520.0,6795.0,6505.0,6638.0,6627.0,664265.0,331722.0,tushare_contract
SR.ZCE,2024-04-02,SR2405.ZCE,SR,6650.0,6672.0,6591.0,6621.0,6624.0,369958.0,285806.0,tushare_contract
SR.ZCE,2024-04-03,SR2405.ZCE,SR,6598.0,6630.0,6576.0,6598.0,6607.0,244082.0,251557.0,tushare_contract
SR.ZCE,2024-04-08,SR2405.ZCE,SR,6576.0,6644.0,6552.0,6604.0,6609.0,225053.0,224301.0,tushare_contract
SR.ZCE,2024-04-09,SR2405.ZCE,SR,6591.0,6609.0,6555.0,6581.0,6583.0,209577.0,194902.0,tushare_contract
SR.ZCE,2024-04-10,SR2409.ZCE,SR,6498.0,6518.0,6477.0,6503.0,6497.0,317367.0,371521.0,tushare_contract
SR.ZCE,2024-04-11,SR2409.ZCE,SR,6510.0,6528.0,6408.0,6455.0,6462.0,516296.0,364568.0,tushare_contract
SR.ZCE,2024-04-12,SR2409.ZCE,SR,6438.0,6445.0,6368.0,6394.0,6404.0,378580.0,374864.0,tushare_contract
SR.ZCE,2024-04-15,SR2409.ZCE,SR,6383.0,6416.0,6315.0,6333.0,6361.0,445182.0,381516.0,tushare_contract
SR.ZCE,2024-04-16,SR2409.ZCE,SR,6326.0,6346.0,6262.0,6303.0,6299.0,420526.0,374037.0,tushare_contract
SR.ZCE,2024-04-17,SR2409.ZCE,SR,6235.0,6278.0,6225.0,6252.0,6255.0,352938.0,377127.0,tushare_contract
SR.ZCE,2024-04-18,SR2409.ZCE,SR,6230.0,6231.0,6163.0,6166.0,6201.0,438490.0,390201.0,tushare_contract
SR.ZCE,2024-04-19,SR2409.ZCE,SR,6195.0,6241.0,6185.0,6216.0,6215.0,396686.0,370199.0,tushare_contract
SR.ZCE,2024-04-22,SR2409.ZCE,SR,6204.0,6226.0,6185.0,6212.0,6205.0,354342.0,385003.0,tushare_contract
SR.ZCE,2024-04-23,SR2409.ZCE,SR,6223.0,6234.0,6176.0,6182.0,6207.0,421795.0,391598.0,tushare_contract
SR.ZCE,2024-04-24,SR2409.ZCE,SR,6188.0,6216.0,6172.0,6192.0,6195.0,324612.0,392401.0,tushare_contract
SR.ZCE,2024-04-25,SR2409.ZCE,SR,6193.0,6208.0,6092.0,6158.0,6154.0,561027.0,393130.0,tushare_contract
SR.ZCE,2024-04-26,SR2409.ZCE,SR,6111.0,6189.0,6102.0,6174.0,6148.0,420389.0,384088.0,tushare_contract
SR.ZCE,2024-04-29,SR2409.ZCE,SR,6195.0,6205.0,6118.0,6130.0,6154.0,347403.0,388439.0,tushare_contract
SR.ZCE,2024-04-30,SR2409.ZCE,SR,6137.0,6174.0,6137.0,6168.0,6161.0,296647.0,361947.0,tushare_contract
SR.ZCE,2024-05-06,SR2409.ZCE,SR,6162.0,6225.0,6145.0,6185.0,6188.0,254399.0,370478.0,tushare_contract
SR.ZCE,2024-05-07,SR2409.ZCE,SR,6180.0,6285.0,6180.0,6282.0,6242.0,462935.0,365592.0,tushare_contract
SR.ZCE,2024-05-08,SR2409.ZCE,SR,6287.0,6322.0,6274.0,6309.0,6306.0,443911.0,350434.0,tushare_contract
SR.ZCE,2024-05-09,SR2409.ZCE,SR,6280.0,6325.0,6261.0,6300.0,6303.0,351320.0,347685.0,tushare_contract
SR.ZCE,2024-05-10,SR2409.ZCE,SR,6299.0,6348.0,6271.0,6347.0,6310.0,410551.0,356142.0,tushare_contract
SR.ZCE,2024-05-13,SR2409.ZCE,SR,6337.0,6346.0,6277.0,6321.0,6315.0,385819.0,357450.0,tushare_contract
SR.ZCE,2024-05-14,SR2409.ZCE,SR,6292.0,6302.0,6176.0,6181.0,6242.0,549282.0,359148.0,tushare_contract
SR.ZCE,2024-05-15,SR2409.ZCE,SR,6185.0,6206.0,6162.0,6172.0,6187.0,326814.0,353996.0,tushare_contract
SR.ZCE,2024-05-16,SR2409.ZCE,SR,6155.0,6175.0,6131.0,6161.0,6153.0,341673.0,371452.0,tushare_contract
SR.ZCE,2024-05-17,SR2409.ZCE,SR,6105.0,6167.0,6090.0,6160.0,6139.0,395514.0,376614.0,tushare_contract
SR.ZCE,2024-05-20,SR2409.ZCE,SR,6152.0,6196.0,6144.0,6194.0,6173.0,408577.0,382784.0,tushare_contract
SR.ZCE,2024-05-21,SR2409.ZCE,SR,6205.0,6236.0,6159.0,6206.0,6205.0,437479.0,366967.0,tushare_contract
SR.ZCE,2024-05-22,SR2409.ZCE,SR,6200.0,6223.0,6181.0,6188.0,6200.0,301196.0,375706.0,tushare_contract
SR.ZCE,2024-05-23,SR2409.ZCE,SR,6185.0,6186.0,6102.0,6128.0,6143.0,501474.0,417622.0,tushare_contract
SR.ZCE,2024-05-24,SR2409.ZCE,SR,6142.0,6167.0,6120.0,6149.0,6148.0,327924.0,409768.0,tushare_contract
SR.ZCE,2024-05-27,SR2409.ZCE,SR,6133.0,6226.0,6133.0,6201.0,6183.0,407867.0,382915.0,tushare_contract
SR.ZCE,2024-05-28,SR2409.ZCE,SR,6210.0,6243.0,6195.0,6225.0,6219.0,358984.0,377451.0,tushare_contract
SR.ZCE,2024-05-29,SR2409.ZCE,SR,6232.0,6236.0,6185.0,6222.0,6213.0,312476.0,370384.0,tushare_contract
SR.ZCE,2024-05-30,SR2409.ZCE,SR,6188.0,6220.0,6155.0,6205.0,6191.0,422581.0,367382.0,tushare_contract
SR.ZCE,2024-05-31,SR2409.ZCE,SR,6197.0,6217.0,6118.0,6120.0,6165.0,446791.0,401328.0,tushare_contract
SR.ZCE,2024-06-03,SR2409.ZCE,SR,6136.0,6216.0,6125.0,6186.0,6174.0,519181.0,372833.0,tushare_contract
SR.ZCE,2024-06-04,SR2409.ZCE,SR,6213.0,6249.0,6156.0,6196.0,6208.0,639746.0,386208.0,tushare_contract
SR.ZCE,2024-06-05,SR2409.ZCE,SR,6202.0,6246.0,6186.0,6244.0,6222.0,418177.0,386735.0,tushare_contract
SR.ZCE,2024-06-06,SR2409.ZCE,SR,6244.0,6310.0,6233.0,6302.0,6281.0,570960.0,396675.0,tushare_contract
SR.ZCE,2024-06-07,SR2409.ZCE,SR,6296.0,6319.0,6277.0,6301.0,6301.0,401335.0,392086.0,tushare_contract
SR.ZCE,2024-06-11,SR2409.ZCE,SR,6263.0,6264.0,6183.0,6194.0,6206.0,393587.0,362635.0,tushare_contract
SR.ZCE,2024-06-12,SR2409.ZCE,SR,6211.0,6211.0,6170.0,6187.0,6191.0,296880.0,358621.0,tushare_contract
SR.ZCE,2024-06-13,SR2409.ZCE,SR,6210.0,6218.0,6159.0,6164.0,6196.0,312593.0,359968.0,tushare_contract
SR.ZCE,2024-06-14,SR2409.ZCE,SR,6170.0,6242.0,6170.0,6237.0,6213.0,417169.0,356963.0,tushare_contract
SR.ZCE,2024-06-17,SR2409.ZCE,SR,6223.0,6240.0,6175.0,6176.0,6206.0,368748.0,361278.0,tushare_contract
SR.ZCE,2024-06-18,SR2409.ZCE,SR,6136.0,6159.0,6000.0,6004.0,6086.0,880766.0,442827.0,tushare_contract
SR.ZCE,2024-06-19,SR2409.ZCE,SR,6027.0,6059.0,6005.0,6049.0,6037.0,584745.0,447879.0,tushare_contract
SR.ZCE,2024-06-20,SR2409.ZCE,SR,6051.0,6088.0,6043.0,6055.0,6066.0,424914.0,433171.0,tushare_contract
SR.ZCE,2024-06-21,SR2409.ZCE,SR,6091.0,6139.0,6072.0,6079.0,6102.0,455958.0,390768.0,tushare_contract
SR.ZCE,2024-06-24,SR2409.ZCE,SR,6082.0,6114.0,6061.0,6071.0,6083.0,322368.0,394810.0,tushare_contract
SR.ZCE,2024-06-25,SR2409.ZCE,SR,6099.0,6134.0,6090.0,6119.0,6111.0,319843.0,383319.0,tushare_contract
SR.ZCE,2024-06-26,SR2409.ZCE,SR,6111.0,6147.0,6083.0,6120.0,6109.0,347502.0,368886.0,tushare_contract
SR.ZCE,2024-06-27,SR2409.ZCE,SR,6118.0,6119.0,6075.0,6077.0,6097.0,303181.0,376221.0,tushare_contract
SR.ZCE,2024-06-28,SR2409.ZCE,SR,6130.0,6225.0,6120.0,6212.0,6176.0,584677.0,368505.0,tushare_contract
SR.ZCE,2024-07-01,SR2409.ZCE,SR,6228.0,6233.0,6177.0,6196.0,6205.0,327015.0,353774.0,tushare_contract
SR.ZCE,2024-07-02,SR2409.ZCE,SR,6190.0,6204.0,6173.0,6197.0,6190.0,228863.0,340805.0,tushare_contract
SR.ZCE,2024-07-03,SR2409.ZCE,SR,6190.0,6239.0,6168.0,6227.0,6209.0,352741.0,333963.0,tushare_contract
SR.ZCE,2024-07-04,SR2409.ZCE,SR,6222.0,6275.0,6221.0,6261.0,6256.0,344376.0,343069.0,tushare_contract
SR.ZCE,2024-07-05,SR2409.ZCE,SR,6265.0,6282.0,6240.0,6261.0,6261.0,282645.0,346293.0,tushare_contract
SR.ZCE,2024-07-08,SR2409.ZCE,SR,6260.0,6284.0,6208.0,6225.0,6239.0,316945.0,338492.0,tushare_contract
SR.ZCE,2024-07-09,SR2409.ZCE,SR,6235.0,6254.0,6195.0,6247.0,6223.0,343034.0,344916.0,tushare_contract
SR.ZCE,2024-07-10,SR2409.ZCE,SR,6220.0,6227.0,6133.0,6150.0,6174.0,408180.0,315580.0,tushare_contract
SR.ZCE,2024-07-11,SR2409.ZCE,SR,6170.0,6208.0,6163.0,6194.0,6189.0,297682.0,312118.0,tushare_contract
SR.ZCE,2024-07-12,SR2409.ZCE,SR,6179.0,6190.0,6137.0,6162.0,6161.0,270339.0,300749.0,tushare_contract
SR.ZCE,2024-07-15,SR2409.ZCE,SR,6146.0,6157.0,6112.0,6121.0,6132.0,250524.0,299656.0,tushare_contract
SR.ZCE,2024-07-16,SR2409.ZCE,SR,6132.0,6172.0,6128.0,6143.0,6147.0,233385.0,301507.0,tushare_contract
SR.ZCE,2024-07-17,SR2409.ZCE,SR,6135.0,6147.0,6118.0,6128.0,6134.0,200247.0,303866.0,tushare_contract
SR.ZCE,2024-07-18,SR2409.ZCE,SR,6108.0,6138.0,6101.0,6135.0,6118.0,244494.0,306513.0,tushare_contract
SR.ZCE,2024-07-19,SR2409.ZCE,SR,6115.0,6144.0,6106.0,6122.0,6122.0,219695.0,302166.0,tushare_contract
SR.ZCE,2024-07-22,SR2409.ZCE,SR,6104.0,6111.0,6073.0,6104.0,6092.0,247284.0,304065.0,tushare_contract
SR.ZCE,2024-07-23,SR2409.ZCE,SR,6089.0,6097.0,6064.0,6069.0,6081.0,215084.0,305519.0,tushare_contract
SR.ZCE,2024-07-24,SR2409.ZCE,SR,6077.0,6165.0,6068.0,6150.0,6112.0,344805.0,304611.0,tushare_contract
SR.ZCE,2024-07-25,SR2409.ZCE,SR,6140.0,6148.0,6103.0,6134.0,6123.0,286861.0,287162.0,tushare_contract
SR.ZCE,2024-07-26,SR2409.ZCE,SR,6170.0,6226.0,6165.0,6174.0,6196.0,389107.0,280663.0,tushare_contract
SR.ZCE,2024-07-29,SR2409.ZCE,SR,6162.0,6173.0,6113.0,6147.0,6140.0,255185.0,270686.0,tushare_contract
SR.ZCE,2024-07-30,SR2409.ZCE,SR,6180.0,6195.0,6157.0,6181.0,6176.0,219965.0,277855.0,tushare_contract
SR.ZCE,2024-07-31,SR2409.ZCE,SR,6185.0,6210.0,6177.0,6196.0,6193.0,221248.0,276251.0,tushare_contract
SR.ZCE,2024-08-01,SR2409.ZCE,SR,6190.0,6199.0,6154.0,6164.0,6173.0,237080.0,261075.0,tushare_contract
SR.ZCE,2024-08-02,SR2409.ZCE,SR,6150.0,6169.0,6119.0,6160.0,6143.0,211388.0,251991.0,tushare_contract
SR.ZCE,2024-08-05,SR2409.ZCE,SR,6135.0,6192.0,6115.0,6143.0,6149.0,268223.0,247573.0,tushare_contract
SR.ZCE,2024-08-06,SR2409.ZCE,SR,6120.0,6146.0,6110.0,6125.0,6127.0,196682.0,245899.0,tushare_contract
SR.ZCE,2024-08-07,SR2409.ZCE,SR,6122.0,6138.0,6025.0,6036.0,6071.0,351374.0,255925.0,tushare_contract
SR.ZCE,2024-08-08,SR2409.ZCE,SR,6068.0,6069.0,6011.0,6028.0,6036.0,206667.0,251571.0,tushare_contract
SR.ZCE,2024-08-09,SR2409.ZCE,SR,6062.0,6091.0,6045.0,6061.0,6065.0,215308.0,230886.0,tushare_contract
SR.ZCE,2024-08-12,SR2409.ZCE,SR,6067.0,6076.0,5965.0,6024.0,6018.0,285599.0,204555.0,tushare_contract
SR.ZCE,2024-08-13,SR2409.ZCE,SR,6024.0,6036.0,5997.0,6023.0,6014.0,210075.0,187604.0,tushare_contract
SR.ZCE,2024-08-14,SR2409.ZCE,SR,6040.0,6047.0,5985.0,5987.0,6007.0,155360.0,172794.0,tushare_contract
SR.ZCE,2024-08-15,SR2409.ZCE,SR,5993.0,6001.0,5956.0,5978.0,5978.0,147500.0,137363.0,tushare_contract
SR.ZCE,2024-08-16,SR2501.ZCE,SR,5648.0,5671.0,5625.0,5636.0,5651.0,200816.0,304647.0,tushare_contract
SR.ZCE,2024-08-19,SR2501.ZCE,SR,5655.0,5686.0,5649.0,5662.0,5667.0,220368.0,305206.0,tushare_contract
SR.ZCE,2024-08-20,SR2501.ZCE,SR,5661.0,5671.0,5620.0,5640.0,5647.0,223423.0,322381.0,tushare_contract
SR.ZCE,2024-08-21,SR2501.ZCE,SR,5610.0,5620.0,5563.0,5586.0,5587.0,350771.0,354366.0,tushare_contract
SR.ZCE,2024-08-22,SR2501.ZCE,SR,5586.0,5590.0,5553.0,5558.0,5565.0,335185.0,367388.0,tushare_contract
SR.ZCE,2024-08-23,SR2501.ZCE,SR,5575.0,5580.0,5508.0,5536.0,5543.0,312530.0,377860.0,tushare_contract
SR.ZCE,2024-08-26,SR2501.ZCE,SR,5560.0,5595.0,5557.0,5573.0,5571.0,287470.0,377378.0,tushare_contract
SR.ZCE,2024-08-27,SR2501.ZCE,SR,5605.0,5628.0,5593.0,5613.0,5611.0,303896.0,368796.0,tushare_contract
SR.ZCE,2024-08-28,SR2501.ZCE,SR,5624.0,5669.0,5615.0,5633.0,5644.0,292571.0,366283.0,tushare_contract
SR.ZCE,2024-08-29,SR2501.ZCE,SR,5629.0,5662.0,5617.0,5649.0,5644.0,229878.0,354435.0,tushare_contract
SR.ZCE,2024-08-30,SR2501.ZCE,SR,5647.0,5685.0,5640.0,5652.0,5660.0,227539.0,357236.0,tushare_contract
SR.ZCE,2024-09-02,SR2501.ZCE,SR,5651.0,5658.0,5603.0,5635.0,5640.0,240224.0,350455.0,tushare_contract
SR.ZCE,2024-09-03,SR2501.ZCE,SR,5623.0,5640.0,5587.0,5624.0,5611.0,272565.0,347561.0,tushare_contract
SR.ZCE,2024-09-04,SR2501.ZCE,SR,5632.0,5651.0,5543.0,5568.0,5596.0,363530.0,361551.0,tushare_contract
SR.ZCE,2024-09-05,SR2501.ZCE,SR,5580.0,5619.0,5564.0,5609.0,5593.0,282470.0,360425.0,tushare_contract
SR.ZCE,2024-09-06,SR2501.ZCE,SR,5610.0,5640.0,5599.0,5619.0,5618.0,253903.0,348724.0,tushare_contract
SR.ZCE,2024-09-09,SR2501.ZCE,SR,5647.0,5666.0,5571.0,5590.0,5619.0,343033.0,345953.0,tushare_contract
SR.ZCE,2024-09-10,SR2501.ZCE,SR,5575.0,5656.0,5575.0,5647.0,5620.0,277729.0,347144.0,tushare_contract
SR.ZCE,2024-09-11,SR2501.ZCE,SR,5638.0,5648.0,5595.0,5645.0,5626.0,273115.0,342091.0,tushare_contract
SR.ZCE,2024-09-12,SR2501.ZCE,SR,5667.0,5715.0,5662.0,5692.0,5690.0,414430.0,344567.0,tushare_contract
SR.ZCE,2024-09-13,SR2501.ZCE,SR,5707.0,5710.0,5670.0,5688.0,5688.0,270744.0,343268.0,tushare_contract
SR.ZCE,2024-09-18,SR2501.ZCE,SR,5746.0,5785.0,5725.0,5742.0,5754.0,246078.0,333673.0,tushare_contract
SR.ZCE,2024-09-19,SR2501.ZCE,SR,5778.0,5825.0,5753.0,5812.0,5796.0,427491.0,347362.0,tushare_contract
SR.ZCE,2024-09-20,SR2501.ZCE,SR,5798.0,5866.0,5790.0,5843.0,5831.0,373415.0,357390.0,tushare_contract
SR.ZCE,2024-09-23,SR2501.ZCE,SR,5855.0,5861.0,5831.0,5849.0,5847.0,261832.0,358636.0,tushare_contract
SR.ZCE,2024-09-24,SR2501.ZCE,SR,5863.0,5887.0,5850.0,5871.0,5869.0,292118.0,364709.0,tushare_contract
SR.ZCE,2024-09-25,SR2501.ZCE,SR,5886.0,5964.0,5885.0,5921.0,5922.0,372183.0,364487.0,tushare_contract
SR.ZCE,2024-09-26,SR2501.ZCE,SR,5908.0,5957.0,5897.0,5926.0,5926.0,263118.0,366716.0,tushare_contract
SR.ZCE,2024-09-27,SR2501.ZCE,SR,5914.0,5977.0,5912.0,5942.0,5937.0,300254.0,360325.0,tushare_contract
SR.ZCE,2024-09-30,SR2501.ZCE,SR,5907.0,5967.0,5890.0,5915.0,5928.0,289565.0,339946.0,tushare_contract
SR.ZCE,2024-10-08,SR2501.ZCE,SR,5913.0,5943.0,5882.0,5929.0,5914.0,237413.0,346682.0,tushare_contract
SR.ZCE,2024-10-09,SR2501.ZCE,SR,5935.0,6028.0,5904.0,6020.0,5981.0,559639.0,397622.0,tushare_contract
SR.ZCE,2024-10-10,SR2501.ZCE,SR,5982.0,5982.0,5853.0,5859.0,5896.0,494360.0,353385.0,tushare_contract
SR.ZCE,2024-10-11,SR2501.ZCE,SR,5882.0,5928.0,5846.0,5917.0,5888.0,333431.0,345743.0,tushare_contract
SR.ZCE,2024-10-14,SR2501.ZCE,SR,5948.0,5956.0,5911.0,5939.0,5936.0,242477.0,347689.0,tushare_contract
SR.ZCE,2024-10-15,SR2501.ZCE,SR,5930.0,5947.0,5899.0,5913.0,5922.0,248944.0,343615.0,tushare_contract
SR.ZCE,2024-10-16,SR2501.ZCE,SR,5901.0,5973.0,5892.0,5934.0,5940.0,287836.0,342437.0,tushare_contract
SR.ZCE,2024-10-17,SR2501.ZCE,SR,5910.0,5935.0,5871.0,5878.0,5899.0,273722.0,341436.0,tushare_contract
SR.ZCE,2024-10-18,SR2501.ZCE,SR,5872.0,5881.0,5825.0,5866.0,5849.0,327246.0,328346.0,tushare_contract
SR.ZCE,2024-10-21,SR2501.ZCE,SR,5885.0,5885.0,5812.0,5840.0,5841.0,204353.0,329137.0,tushare_contract
SR.ZCE,2024-10-22,SR2501.ZCE,SR,5850.0,5856.0,5823.0,5844.0,5839.0,173537.0,324429.0,tushare_contract
SR.ZCE,2024-10-23,SR2501.ZCE,SR,5851.0,5878.0,5833.0,5869.0,5856.0,182406.0,324033.0,tushare_contract
SR.ZCE,2024-10-24,SR2501.ZCE,SR,5887.0,5958.0,5882.0,5936.0,5918.0,320809.0,335388.0,tushare_contract
SR.ZCE,2024-10-25,SR2501.ZCE,SR,5934.0,5947.0,5902.0,5919.0,5926.0,201176.0,338715.0,tushare_contract
SR.ZCE,2024-10-28,SR2501.ZCE,SR,5903.0,5935.0,5854.0,5868.0,5893.0,237847.0,329722.0,tushare_contract
SR.ZCE,2024-10-29,SR2501.ZCE,SR,5854.0,5889.0,5846.0,5853.0,5869.0,173187.0,323717.0,tushare_contract
SR.ZCE,2024-10-30,SR2501.ZCE,SR,5867.0,5876.0,5842.0,5847.0,5858.0,170449.0,319396.0,tushare_contract
SR.ZCE,2024-10-31,SR2501.ZCE,SR,5838.0,5876.0,5828.0,5870.0,5851.0,163010.0,318179.0,tushare_contract
SR.ZCE,2024-11-01,SR2501.ZCE,SR,5897.0,5933.0,5883.0,5921.0,5916.0,268960.0,336221.0,tushare_contract
SR.ZCE,2024-11-04,SR2501.ZCE,SR,5910.0,5918.0,5832.0,5843.0,5865.0,249811.0,314567.0,tushare_contract
SR.ZCE,2024-11-05,SR2501.ZCE,SR,5834.0,5839.0,5787.0,5815.0,5810.0,287818.0,306550.0,tushare_contract
SR.ZCE,2024-11-06,SR2501.ZCE,SR,5810.0,5833.0,5804.0,5814.0,5818.0,159523.0,301025.0,tushare_contract
SR.ZCE,2024-11-07,SR2501.ZCE,SR,5800.0,5848.0,5791.0,5845.0,5824.0,177428.0,294021.0,tushare_contract
SR.ZCE,2024-11-08,SR2501.ZCE,SR,5858.0,5859.0,5811.0,5817.0,5840.0,170927.0,292868.0,tushare_contract
SR.ZCE,2024-11-11,SR2501.ZCE,SR,5828.0,5947.0,5828.0,5942.0,5903.0,381551.0,334714.0,tushare_contract
SR.ZCE,2024-11-12,SR2501.ZCE,SR,5933.0,5942.0,5902.0,5932.0,5921.0,225874.0,337192.0,tushare_contract
SR.ZCE,2024-11-13,SR2501.ZCE,SR,5940.0,5981.0,5928.0,5931.0,5955.0,312435.0,345577.0,tushare_contract
SR.ZCE,2024-11-14,SR2501.ZCE,SR,5931.0,5943.0,5855.0,5869.0,5910.0,271261.0,326970.0,tushare_contract
SR.ZCE,2024-11-15,SR2501.ZCE,SR,5878.0,5914.0,5850.0,5864.0,5884.0,206528.0,321453.0,tushare_contract
SR.ZCE,2024-11-18,SR2501.ZCE,SR,5855.0,5860.0,5819.0,5833.0,5840.0,174933.0,304227.0,tushare_contract
SR.ZCE,2024-11-19,SR2501.ZCE,SR,5848.0,5881.0,5839.0,5863.0,5859.0,171851.0,294991.0,tushare_contract
SR.ZCE,2024-11-20,SR2501.ZCE,SR,5859.0,5935.0,5853.0,5931.0,5895.0,229719.0,308390.0,tushare_contract
SR.ZCE,2024-11-21,SR2501.ZCE,SR,5930.0,5974.0,5920.0,5971.0,5951.0,264318.0,339981.0,tushare_contract
SR.ZCE,2024-11-22,SR2501.ZCE,SR,5960.0,5990.0,5879.0,5897.0,5946.0,335733.0,323742.0,tushare_contract
SR.ZCE,2024-11-25,SR2501.ZCE,SR,5903.0,5946.0,5898.0,5942.0,5924.0,208032.0,310168.0,tushare_contract
SR.ZCE,2024-11-26,SR2501.ZCE,SR,5932.0,5967.0,5914.0,5963.0,5940.0,230223.0,298978.0,tushare_contract
SR.ZCE,2024-11-27,SR2501.ZCE,SR,5989.0,6038.0,5943.0,5958.0,5986.0,430809.0,290750.0,tushare_contract
SR.ZCE,2024-11-28,SR2501.ZCE,SR,5977.0,6015.0,5937.0,6013.0,5968.0,224725.0,283453.0,tushare_contract
SR.ZCE,2024-11-29,SR2501.ZCE,SR,6018.0,6144.0,6012.0,6135.0,6082.0,573157.0,317760.0,tushare_contract
SR.ZCE,2024-12-02,SR2501.ZCE,SR,6109.0,6125.0,6050.0,6082.0,6090.0,382818.0,293454.0,tushare_contract
SR.ZCE,2024-12-03,SR2501.ZCE,SR,6087.0,6100.0,6057.0,6066.0,6076.0,262405.0,275585.0,tushare_contract
SR.ZCE,2024-12-04,SR2501.ZCE,SR,6082.0,6108.0,6026.0,6034.0,6065.0,330996.0,251378.0,tushare_contract
SR.ZCE,2024-12-05,SR2501.ZCE,SR,6026.0,6041.0,5954.0,5984.0,5989.0,278856.0,227044.0,tushare_contract
SR.ZCE,2024-12-06,SR2501.ZCE,SR,5973.0,6012.0,5916.0,6008.0,5959.0,220394.0,212401.0,tushare_contract
SR.ZCE,2024-12-09,SR2501.ZCE,SR,6000.0,6047.0,5988.0,6038.0,6011.0,197408.0,198500.0,tushare_contract
SR.ZCE,2024-12-10,SR2501.ZCE,SR,6046.0,6070.0,6029.0,6034.0,6047.0,153799.0,185794.0,tushare_contract
SR.ZCE,2024-12-11,SR2505.ZCE,SR,6028.0,6068.0,5969.0,6063.0,6023.0,426354.0,406291.0,tushare_contract
SR.ZCE,2024-12-12,SR2505.ZCE,SR,6058.0,6140.0,6045.0,6125.0,6100.0,450175.0,453812.0,tushare_contract
SR.ZCE,2024-12-13,SR2505.ZCE,SR,6124.0,6144.0,6076.0,6083.0,6112.0,336902.0,461561.0,tushare_contract
SR.ZCE,2024-12-16,SR2505.ZCE,SR,6080.0,6085.0,5995.0,6017.0,6034.0,331125.0,432338.0,tushare_contract
SR.ZCE,2024-12-17,SR2505.ZCE,SR,5990.0,6031.0,5983.0,6005.0,6008.0,289634.0,430281.0,tushare_contract
SR.ZCE,2024-12-18,SR2505.ZCE,SR,5995.0,5995.0,5884.0,5899.0,5928.0,416043.0,406773.0,tushare_contract
SR.ZCE,2024-12-19,SR2505.ZCE,SR,5896.0,5908.0,5856.0,5894.0,5879.0,281665.0,387714.0,tushare_contract
SR.ZCE,2024-12-20,SR2505.ZCE,SR,5889.0,5893.0,5870.0,5882.0,5882.0,196522.0,373476.0,tushare_contract
SR.ZCE,2024-12-23,SR2505.ZCE,SR,5882.0,5944.0,5874.0,5941.0,5913.0,263280.0,370499.0,tushare_contract
SR.ZCE,2024-12-24,SR2505.ZCE,SR,5953.0,5953.0,5923.0,5944.0,5939.0,180002.0,369249.0,tushare_contract
SR.ZCE,2024-12-25,SR2505.ZCE,SR,5958.0,5989.0,5928.0,5982.0,5959.0,222913.0,373419.0,tushare_contract
SR.ZCE,2024-12-26,SR2505.ZCE,SR,5982.0,5993.0,5956.0,5976.0,5976.0,186208.0,370276.0,tushare_contract
SR.ZCE,2024-12-27,SR2505.ZCE,SR,5976.0,5977.0,5924.0,5944.0,5944.0,274703.0,367453.0,tushare_contract
SR.ZCE,2024-12-30,SR2505.ZCE,SR,5942.0,5979.0,5908.0,5969.0,5943.0,346797.0,369702.0,tushare_contract
SR.ZCE,2024-12-31,SR2505.ZCE,SR,5983.0,5983.0,5922.0,5961.0,5948.0,245954.0,367499.0,tushare_contract
SR.ZCE,2025-01-02,SR2505.ZCE,SR,5970.0,6024.0,5970.0,6002.0,6003.0,225660.0,387663.0,tushare_contract
SR.ZCE,2025-01-03,SR2505.ZCE,SR,6010.0,6029.0,5960.0,5995.0,5993.0,297714.0,396965.0,tushare_contract
SR.ZCE,2025-01-06,SR2505.ZCE,SR,5985.0,6036.0,5936.0,5946.0,5990.0,368560.0,394612.0,tushare_contract
SR.ZCE,2025-01-07,SR2505.ZCE,SR,5952.0,5973.0,5905.0,5935.0,5935.0,250131.0,380180.0,tushare_contract
SR.ZCE,2025-01-08,SR2505.ZCE,SR,5941.0,5949.0,5913.0,5926.0,5929.0,188991.0,376412.0,tushare_contract
SR.ZCE,2025-01-09,SR2505.ZCE,SR,5920.0,5931.0,5853.0,5872.0,5884.0,308002.0,369460.0,tushare_contract
SR.ZCE,2025-01-10,SR2505.ZCE,SR,5862.0,5911.0,5847.0,5891.0,5881.0,241465.0,348356.0,tushare_contract
SR.ZCE,2025-01-13,SR2505.ZCE,SR,5896.0,5947.0,5859.0,5945.0,5902.0,278381.0,340130.0,tushare_contract
SR.ZCE,2025-01-14,SR2505.ZCE,SR,5928.0,5939.0,5907.0,5926.0,5922.0,183409.0,335407.0,tushare_contract
SR.ZCE,2025-01-15,SR2505.ZCE,SR,5888.0,5889.0,5780.0,5781.0,5822.0,419694.0,345932.0,tushare_contract
SR.ZCE,2025-01-16,SR2505.ZCE,SR,5780.0,5807.0,5742.0,5781.0,5774.0,356945.0,338725.0,tushare_contract
SR.ZCE,2025-01-17,SR2505.ZCE,SR,5805.0,5826.0,5781.0,5809.0,5803.0,286097.0,332627.0,tushare_contract
SR.ZCE,2025-01-20,SR2505.ZCE,SR,5790.0,5799.0,5752.0,5772.0,5777.0,240116.0,335285.0,tushare_contract
SR.ZCE,2025-01-21,SR2505.ZCE,SR,5741.0,5799.0,5741.0,5798.0,5777.0,168457.0,327309.0,tushare_contract
SR.ZCE,2025-01-22,SR2505.ZCE,SR,5769.0,5779.0,5725.0,5757.0,5750.0,239709.0,326142.0,tushare_contract
SR.ZCE,2025-01-23,SR2505.ZCE,SR,5766.0,5794.0,5761.0,5776.0,5779.0,160101.0,320781.0,tushare_contract
SR.ZCE,2025-01-24,SR2505.ZCE,SR,5801.0,5838.0,5791.0,5826.0,5815.0,227105.0,286326.0,tushare_contract
SR.ZCE,2025-01-27,SR2505.ZCE,SR,5850.0,5869.0,5816.0,5817.0,5843.0,153068.0,267805.0,tushare_contract
SR.ZCE,2025-02-05,SR2505.ZCE,SR,5859.0,5907.0,5855.0,5879.0,5886.0,130969.0,272566.0,tushare_contract
SR.ZCE,2025-02-06,SR2505.ZCE,SR,5883.0,5894.0,5857.0,5863.0,5875.0,133736.0,279583.0,tushare_contract
SR.ZCE,2025-02-07,SR2505.ZCE,SR,5891.0,5897.0,5821.0,5836.0,5856.0,188290.0,273977.0,tushare_contract
SR.ZCE,2025-02-10,SR2505.ZCE,SR,5849.0,5880.0,5828.0,5870.0,5855.0,162809.0,272765.0,tushare_contract
SR.ZCE,2025-02-11,SR2505.ZCE,SR,5878.0,5909.0,5861.0,5897.0,5887.0,215284.0,275759.0,tushare_contract
SR.ZCE,2025-02-12,SR2505.ZCE,SR,5910.0,5940.0,5902.0,5934.0,5926.0,200907.0,286271.0,tushare_contract
SR.ZCE,2025-02-13,SR2505.ZCE,SR,5939.0,5945.0,5916.0,5923.0,5930.0,159982.0,298041.0,tushare_contract
SR.ZCE,2025-02-14,SR2505.ZCE,SR,5932.0,5996.0,5927.0,5981.0,5973.0,252627.0,325704.0,tushare_contract
SR.ZCE,2025-02-17,SR2505.ZCE,SR,5989.0,6005.0,5970.0,5988.0,5988.0,177121.0,342982.0,tushare_contract
SR.ZCE,2025-02-18,SR2505.ZCE,SR,5986.0,5994.0,5965.0,5978.0,5980.0,144734.0,353077.0,tushare_contract
SR.ZCE,2025-02-19,SR2505.ZCE,SR,5988.0,6013.0,5960.0,5995.0,5988.0,202892.0,375964.0,tushare_contract
SR.ZCE,2025-02-20,SR2505.ZCE,SR,6002.0,6016.0,5983.0,5985.0,5998.0,140471.0,381195.0,tushare_contract
SR.ZCE,2025-02-21,SR2505.ZCE,SR,5995.0,6044.0,5992.0,6004.0,6014.0,212127.0,389790.0,tushare_contract
SR.ZCE,2025-02-24,SR2505.ZCE,SR,5997.0,6017.0,5971.0,5977.0,5995.0,164168.0,387661.0,tushare_contract
SR.ZCE,2025-02-25,SR2505.ZCE,SR,5987.0,5992.0,5941.0,5971.0,5967.0,183338.0,379290.0,tushare_contract
SR.ZCE,2025-02-26,SR2505.ZCE,SR,5971.0,6020.0,5971.0,6002.0,5993.0,230700.0,377680.0,tushare_contract
SR.ZCE,2025-02-27,SR2505.ZCE,SR,5980.0,5999.0,5960.0,5998.0,5979.0,179542.0,376684.0,tushare_contract
SR.ZCE,2025-02-28,SR2505.ZCE,SR,5963.0,5971.0,5918.0,5931.0,5940.0,266321.0,351232.0,tushare_contract
SR.ZCE,2025-03-03,SR2505.ZCE,SR,5917.0,5947.0,5903.0,5932.0,5925.0,204976.0,341277.0,tushare_contract
SR.ZCE,2025-03-04,SR2505.ZCE,SR,5914.0,5939.0,5906.0,5919.0,5922.0,148999.0,335272.0,tushare_contract
SR.ZCE,2025-03-05,SR2505.ZCE,SR,5922.0,5926.0,5884.0,5901.0,5902.0,228341.0,314402.0,tushare_contract
SR.ZCE,2025-03-06,SR2505.ZCE,SR,5917.0,5929.0,5900.0,5915.0,5915.0,185742.0,314212.0,tushare_contract
SR.ZCE,2025-03-07,SR2505.ZCE,SR,5916.0,5939.0,5896.0,5920.0,5920.0,199189.0,320336.0,tushare_contract
SR.ZCE,2025-03-10,SR2505.ZCE,SR,5923.0,5965.0,5908.0,5931.0,5935.0,188650.0,315439.0,tushare_contract
SR.ZCE,2025-03-11,SR2505.ZCE,SR,5963.0,5993.0,5953.0,5967.0,5974.0,226841.0,324425.0,tushare_contract
SR.ZCE,2025-03-12,SR2505.ZCE,SR,5965.0,5974.0,5936.0,5955.0,5955.0,157001.0,319481.0,tushare_contract
SR.ZCE,2025-03-13,SR2505.ZCE,SR,5968.0,5998.0,5965.0,5991.0,5982.0,187782.0,329809.0,tushare_contract
SR.ZCE,2025-03-14,SR2505.ZCE,SR,6000.0,6050.0,5996.0,6030.0,6025.0,257775.0,354136.0,tushare_contract
SR.ZCE,2025-03-17,SR2505.ZCE,SR,6031.0,6041.0,6006.0,6016.0,6022.0,184436.0,346909.0,tushare_contract
SR.ZCE,2025-03-18,SR2505.ZCE,SR,6065.0,6118.0,6054.0,6111.0,6088.0,344732.0,391408.0,tushare_contract
SR.ZCE,2025-03-19,SR2505.ZCE,SR,6097.0,6135.0,6089.0,6113.0,6113.0,256159.0,386280.0,tushare_contract
SR.ZCE,2025-03-20,SR2505.ZCE,SR,6113.0,6118.0,6080.0,6105.0,6098.0,205444.0,378481.0,tushare_contract
SR.ZCE,2025-03-21,SR2505.ZCE,SR,6116.0,6166.0,6073.0,6078.0,6119.0,385297.0,364276.0,tushare_contract
SR.ZCE,2025-03-24,SR2505.ZCE,SR,6085.0,6094.0,6051.0,6073.0,6073.0,216466.0,354252.0,tushare_contract
SR.ZCE,2025-03-25,SR2505.ZCE,SR,6060.0,6066.0,6033.0,6055.0,6050.0,184396.0,339661.0,tushare_contract
SR.ZCE,2025-03-26,SR2505.ZCE,SR,6065.0,6106.0,6063.0,6098.0,6087.0,232233.0,335322.0,tushare_contract
SR.ZCE,2025-03-27,SR2505.ZCE,SR,6075.0,6096.0,6055.0,6067.0,6073.0,206097.0,318589.0,tushare_contract
SR.ZCE,2025-03-28,SR2505.ZCE,SR,6065.0,6085.0,6042.0,6079.0,6061.0,191381.0,313966.0,tushare_contract
SR.ZCE,2025-03-31,SR2505.ZCE,SR,6071.0,6130.0,6066.0,6075.0,6090.0,244205.0,314762.0,tushare_contract
SR.ZCE,2025-04-01,SR2505.ZCE,SR,6077.0,6149.0,6075.0,6129.0,6113.0,310901.0,313196.0,tushare_contract
SR.ZCE,2025-04-02,SR2505.ZCE,SR,6155.0,6198.0,6134.0,6161.0,6164.0,253503.0,309797.0,tushare_contract
SR.ZCE,2025-04-03,SR2505.ZCE,SR,6147.0,6194.0,6133.0,6189.0,6173.0,232987.0,302111.0,tushare_contract
SR.ZCE,2025-04-07,SR2505.ZCE,SR,6050.0,6120.0,6033.0,6087.0,6086.0,251738.0,253310.0,tushare_contract
SR.ZCE,2025-04-08,SR2505.ZCE,SR,6088.0,6120.0,6044.0,6048.0,6071.0,266688.0,223579.0,tushare_contract
SR.ZCE,2025-04-09,SR2505.ZCE,SR,6055.0,6070.0,5986.0,6006.0,6022.0,246387.0,178758.0,tushare_contract
SR.ZCE,2025-04-10,SR2505.ZCE,SR,5998.0,6089.0,5988.0,6082.0,6038.0,193113.0,159718.0,tushare_contract
SR.ZCE,2025-04-11,SR2505.ZCE,SR,6075.0,6094.0,6045.0,6086.0,6071.0,161618.0,146720.0,tushare_contract
SR.ZCE,2025-04-14,SR2505.ZCE,SR,6089.0,6097.0,6052.0,6056.0,6068.0,75832.0,127910.0,tushare_contract
SR.ZCE,2025-04-15,SR2509.ZCE,SR,5930.0,5942.0,5883.0,5896.0,5909.0,186016.0,289033.0,tushare_contract
SR.ZCE,2025-04-16,SR2509.ZCE,SR,5890.0,5895.0,5856.0,5884.0,5875.0,212037.0,295802.0,tushare_contract
SR.ZCE,2025-04-17,SR2509.ZCE,SR,5885.0,5946.0,5879.0,5936.0,5918.0,225862.0,303403.0,tushare_contract
SR.ZCE,2025-04-18,SR2509.ZCE,SR,5936.0,5965.0,5936.0,5952.0,5953.0,186705.0,315288.0,tushare_contract
SR.ZCE,2025-04-21,SR2509.ZCE,SR,5959.0,6024.0,5951.0,6005.0,5990.0,266415.0,332415.0,tushare_contract
SR.ZCE,2025-04-22,SR2509.ZCE,SR,6018.0,6019.0,5967.0,5978.0,5987.0,243269.0,334892.0,tushare_contract
SR.ZCE,2025-04-23,SR2509.ZCE,SR,5987.0,6009.0,5972.0,5986.0,5992.0,215938.0,343305.0,tushare_contract
SR.ZCE,2025-04-24,SR2509.ZCE,SR,5979.0,5979.0,5920.0,5945.0,5940.0,266198.0,328490.0,tushare_contract
SR.ZCE,2025-04-25,SR2509.ZCE,SR,5946.0,6009.0,5939.0,5974.0,5970.0,259232.0,332852.0,tushare_contract
SR.ZCE,2025-04-28,SR2509.ZCE,SR,5970.0,5995.0,5956.0,5977.0,5975.0,197330.0,338467.0,tushare_contract
SR.ZCE,2025-04-29,SR2509.ZCE,SR,5933.0,5943.0,5895.0,5936.0,5919.0,250608.0,322020.0,tushare_contract
SR.ZCE,2025-04-30,SR2509.ZCE,SR,5909.0,5918.0,5872.0,5887.0,5889.0,241834.0,306202.0,tushare_contract
SR.ZCE,2025-05-06,SR2509.ZCE,SR,5872.0,5907.0,5866.0,5890.0,5891.0,107964.0,305344.0,tushare_contract
SR.ZCE,2025-05-07,SR2509.ZCE,SR,5897.0,5912.0,5863.0,5868.0,5889.0,179226.0,316561.0,tushare_contract
SR.ZCE,2025-05-08,SR2509.ZCE,SR,5849.0,5849.0,5808.0,5813.0,5824.0,214819.0,327000.0,tushare_contract
SR.ZCE,2025-05-09,SR2509.ZCE,SR,5835.0,5854.0,5827.0,5839.0,5840.0,146916.0,317090.0,tushare_contract
SR.ZCE,2025-05-12,SR2509.ZCE,SR,5865.0,5893.0,5844.0,5885.0,5868.0,189669.0,308154.0,tushare_contract
SR.ZCE,2025-05-13,SR2509.ZCE,SR,5884.0,5895.0,5840.0,5853.0,5868.0,160855.0,309043.0,tushare_contract
SR.ZCE,2025-05-14,SR2509.ZCE,SR,5881.0,5926.0,5881.0,5906.0,5905.0,216322.0,299001.0,tushare_contract
SR.ZCE,2025-05-15,SR2509.ZCE,SR,5893.0,5894.0,5864.0,5886.0,5883.0,155714.0,301138.0,tushare_contract
SR.ZCE,2025-05-16,SR2509.ZCE,SR,5868.0,5874.0,5848.0,5855.0,5859.0,142381.0,301174.0,tushare_contract
SR.ZCE,2025-05-19,SR2509.ZCE,SR,5850.0,5872.0,5836.0,5853.0,5857.0,151982.0,299940.0,tushare_contract
SR.ZCE,2025-05-20,SR2509.ZCE,SR,5866.0,5878.0,5844.0,5849.0,5859.0,129681.0,299729.0,tushare_contract
SR.ZCE,2025-05-21,SR2509.ZCE,SR,5850.0,5868.0,5836.0,5863.0,5851.0,139696.0,296306.0,tushare_contract
SR.ZCE,2025-05-22,SR2509.ZCE,SR,5865.0,5883.0,5854.0,5855.0,5870.0,142006.0,292351.0,tushare_contract
SR.ZCE,2025-05-23,SR2509.ZCE,SR,5840.0,5848.0,5826.0,5833.0,5837.0,155333.0,293668.0,tushare_contract
SR.ZCE,2025-05-26,SR2509.ZCE,SR,5819.0,5839.0,5811.0,5835.0,5825.0,127707.0,302080.0,tushare_contract
SR.ZCE,2025-05-27,SR2509.ZCE,SR,5830.0,5845.0,5807.0,5841.0,5826.0,162011.0,304757.0,tushare_contract
SR.ZCE,2025-05-28,SR2509.ZCE,SR,5841.0,5844.0,5792.0,5795.0,5809.0,194926.0,308545.0,tushare_contract
SR.ZCE,2025-05-29,SR2509.ZCE,SR,5789.0,5798.0,5770.0,5783.0,5783.0,151042.0,308960.0,tushare_contract
SR.ZCE,2025-05-30,SR2509.ZCE,SR,5780.0,5780.0,5760.0,5763.0,5769.0,150293.0,316394.0,tushare_contract
SR.ZCE,2025-06-03,SR2509.ZCE,SR,5752.0,5758.0,5726.0,5732.0,5742.0,114486.0,330034.0,tushare_contract
SR.ZCE,2025-06-04,SR2509.ZCE,SR,5733.0,5754.0,5712.0,5748.0,5732.0,157372.0,335901.0,tushare_contract
SR.ZCE,2025-06-05,SR2509.ZCE,SR,5753.0,5753.0,5721.0,5730.0,5735.0,131779.0,336624.0,tushare_contract
SR.ZCE,2025-06-06,SR2509.ZCE,SR,5715.0,5741.0,5688.0,5735.0,5716.0,202300.0,342408.0,tushare_contract
SR.ZCE,2025-06-09,SR2509.ZCE,SR,5717.0,5745.0,5715.0,5734.0,5731.0,144356.0,341231.0,tushare_contract
SR.ZCE,2025-06-10,SR2509.ZCE,SR,5740.0,5740.0,5709.0,5717.0,5724.0,138037.0,342526.0,tushare_contract
SR.ZCE,2025-06-11,SR2509.ZCE,SR,5725.0,5734.0,5664.0,5668.0,5692.0,202075.0,358131.0,tushare_contract
SR.ZCE,2025-06-12,SR2509.ZCE,SR,5677.0,5677.0,5644.0,5647.0,5662.0,142354.0,367580.0,tushare_contract
SR.ZCE,2025-06-13,SR2509.ZCE,SR,5638.0,5678.0,5609.0,5664.0,5642.0,235776.0,368226.0,tushare_contract
SR.ZCE,2025-06-16,SR2509.ZCE,SR,5652.0,5674.0,5612.0,5667.0,5652.0,178019.0,370572.0,tushare_contract
SR.ZCE,2025-06-17,SR2509.ZCE,SR,5650.0,5715.0,5636.0,5691.0,5673.0,211078.0,369312.0,tushare_contract
SR.ZCE,2025-06-18,SR2509.ZCE,SR,5660.0,5692.0,5645.0,5679.0,5672.0,190971.0,371817.0,tushare_contract
SR.ZCE,2025-06-19,SR2509.ZCE,SR,5664.0,5681.0,5643.0,5658.0,5662.0,208047.0,384680.0,tushare_contract
SR.ZCE,2025-06-20,SR2509.ZCE,SR,5660.0,5732.0,5650.0,5720.0,5695.0,285378.0,368972.0,tushare_contract
SR.ZCE,2025-06-23,SR2509.ZCE,SR,5720.0,5743.0,5708.0,5721.0,5726.0,192057.0,353799.0,tushare_contract
SR.ZCE,2025-06-24,SR2509.ZCE,SR,5724.0,5736.0,5693.0,5710.0,5717.0,171885.0,349073.0,tushare_contract
SR.ZCE,2025-06-25,SR2509.ZCE,SR,5696.0,5757.0,5686.0,5757.0,5727.0,225576.0,342761.0,tushare_contract
SR.ZCE,2025-06-26,SR2509.ZCE,SR,5760.0,5796.0,5759.0,5790.0,5779.0,219005.0,326870.0,tushare_contract
SR.ZCE,2025-06-27,SR2509.ZCE,SR,5770.0,5805.0,5760.0,5792.0,5787.0,213862.0,315131.0,tushare_contract
SR.ZCE,2025-06-30,SR2509.ZCE,SR,5808.0,5816.0,5785.0,5807.0,5802.0,188858.0,312362.0,tushare_contract
SR.ZCE,2025-07-01,SR2509.ZCE,SR,5773.0,5795.0,5763.0,5775.0,5781.0,190361.0,309811.0,tushare_contract
SR.ZCE,2025-07-02,SR2509.ZCE,SR,5740.0,5772.0,5705.0,5766.0,5735.0,284022.0,302138.0,tushare_contract
SR.ZCE,2025-07-03,SR2509.ZCE,SR,5760.0,5778.0,5749.0,5767.0,5763.0,147977.0,304239.0,tushare_contract
SR.ZCE,2025-07-04,SR2509.ZCE,SR,5792.0,5810.0,5766.0,5769.0,5790.0,202764.0,301911.0,tushare_contract
SR.ZCE,2025-07-07,SR2509.ZCE,SR,5764.0,5785.0,5736.0,5754.0,5758.0,148704.0,296064.0,tushare_contract
SR.ZCE,2025-07-08,SR2509.ZCE,SR,5764.0,5766.0,5726.0,5747.0,5744.0,137466.0,294975.0,tushare_contract
SR.ZCE,2025-07-09,SR2509.ZCE,SR,5755.0,5783.0,5747.0,5779.0,5763.0,141732.0,287247.0,tushare_contract
SR.ZCE,2025-07-10,SR2509.ZCE,SR,5795.0,5815.0,5786.0,5805.0,5800.0,163903.0,298087.0,tushare_contract
SR.ZCE,2025-07-11,SR2509.ZCE,SR,5803.0,5820.0,5789.0,5810.0,5808.0,188037.0,311377.0,tushare_contract
SR.ZCE,2025-07-14,SR2509.ZCE,SR,5801.0,5837.0,5801.0,5817.0,5825.0,176312.0,327581.0,tushare_contract
SR.ZCE,2025-07-15,SR2509.ZCE,SR,5811.0,5818.0,5780.0,5802.0,5802.0,143216.0,317114.0,tushare_contract
SR.ZCE,2025-07-16,SR2509.ZCE,SR,5813.0,5825.0,5786.0,5808.0,5804.0,140954.0,312832.0,tushare_contract
SR.ZCE,2025-07-17,SR2509.ZCE,SR,5802.0,5833.0,5784.0,5828.0,5814.0,171564.0,321770.0,tushare_contract
SR.ZCE,2025-07-18,SR2509.ZCE,SR,5840.0,5845.0,5808.0,5826.0,5828.0,161870.0,329588.0,tushare_contract
SR.ZCE,2025-07-21,SR2509.ZCE,SR,5840.0,5854.0,5823.0,5839.0,5840.0,186783.0,337153.0,tushare_contract
SR.ZCE,2025-07-22,SR2509.ZCE,SR,5828.0,5846.0,5811.0,5823.0,5825.0,161969.0,334160.0,tushare_contract
SR.ZCE,2025-07-23,SR2509.ZCE,SR,5810.0,5844.0,5805.0,5834.0,5826.0,183540.0,332040.0,tushare_contract
SR.ZCE,2025-07-24,SR2509.ZCE,SR,5835.0,5884.0,5820.0,5866.0,5853.0,248631.0,342009.0,tushare_contract
SR.ZCE,2025-07-25,SR2509.ZCE,SR,5875.0,5887.0,5863.0,5876.0,5876.0,178286.0,343704.0,tushare_contract
SR.ZCE,2025-07-28,SR2509.ZCE,SR,5872.0,5893.0,5838.0,5845.0,5857.0,208937.0,324831.0,tushare_contract
SR.ZCE,2025-07-29,SR2509.ZCE,SR,5840.0,5870.0,5840.0,5867.0,5858.0,160001.0,310585.0,tushare_contract
SR.ZCE,2025-07-30,SR2509.ZCE,SR,5860.0,5878.0,5800.0,5804.0,5839.0,234894.0,277031.0,tushare_contract
SR.ZCE,2025-07-31,SR2509.ZCE,SR,5800.0,5822.0,5785.0,5793.0,5801.0,149593.0,255082.0,tushare_contract
SR.ZCE,2025-08-01,SR2509.ZCE,SR,5782.0,5794.0,5731.0,5733.0,5762.0,183595.0,231065.0,tushare_contract
SR.ZCE,2025-08-04,SR2509.ZCE,SR,5730.0,5735.0,5709.0,5718.0,5721.0,148906.0,205423.0,tushare_contract
SR.ZCE,2025-08-05,SR2509.ZCE,SR,5727.0,5730.0,5691.0,5697.0,5707.0,137463.0,185059.0,tushare_contract
SR.ZCE,2025-08-06,SR2509.ZCE,SR,5680.0,5702.0,5675.0,5683.0,5689.0,111673.0,172520.0,tushare_contract
SR.ZCE,2025-08-07,SR2509.ZCE,SR,5680.0,5697.0,5657.0,5667.0,5675.0,107791.0,161306.0,tushare_contract
SR.ZCE,2025-08-08,SR2601.ZCE,SR,5602.0,5603.0,5554.0,5573.0,5576.0,189978.0,300976.0,tushare_contract
SR.ZCE,2025-08-11,SR2601.ZCE,SR,5584.0,5587.0,5561.0,5573.0,5574.0,119662.0,307158.0,tushare_contract
SR.ZCE,2025-08-12,SR2601.ZCE,SR,5580.0,5612.0,5573.0,5608.0,5589.0,157708.0,306587.0,tushare_contract
SR.ZCE,2025-08-13,SR2601.ZCE,SR,5620.0,5668.0,5617.0,5657.0,5646.0,238562.0,310322.0,tushare_contract
SR.ZCE,2025-08-14,SR2601.ZCE,SR,5660.0,5672.0,5647.0,5659.0,5660.0,176054.0,319449.0,tushare_contract
SR.ZCE,2025-08-15,SR2601.ZCE,SR,5643.0,5666.0,5634.0,5664.0,5648.0,174049.0,315440.0,tushare_contract
SR.ZCE,2025-08-18,SR2601.ZCE,SR,5653.0,5674.0,5636.0,5672.0,5657.0,179830.0,322832.0,tushare_contract
SR.ZCE,2025-08-19,SR2601.ZCE,SR,5672.0,5683.0,5658.0,5661.0,5673.0,170512.0,338456.0,tushare_contract
SR.ZCE,2025-08-20,SR2601.ZCE,SR,5667.0,5678.0,5642.0,5676.0,5659.0,153382.0,343739.0,tushare_contract
SR.ZCE,2025-08-21,SR2601.ZCE,SR,5686.0,5703.0,5682.0,5688.0,5691.0,154901.0,358685.0,tushare_contract
SR.ZCE,2025-08-22,SR2601.ZCE,SR,5678.0,5686.0,5663.0,5670.0,5673.0,135494.0,361919.0,tushare_contract
SR.ZCE,2025-08-25,SR2601.ZCE,SR,5672.0,5696.0,5672.0,5688.0,5685.0,133089.0,367664.0,tushare_contract
SR.ZCE,2025-08-26,SR2601.ZCE,SR,5685.0,5688.0,5622.0,5632.0,5658.0,211128.0,366130.0,tushare_contract
SR.ZCE,2025-08-27,SR2601.ZCE,SR,5632.0,5639.0,5612.0,5620.0,5625.0,147466.0,363151.0,tushare_contract
SR.ZCE,2025-08-28,SR2601.ZCE,SR,5623.0,5629.0,5586.0,5602.0,5601.0,146506.0,359065.0,tushare_contract
SR.ZCE,2025-08-29,SR2601.ZCE,SR,5610.0,5616.0,5584.0,5604.0,5600.0,150509.0,357771.0,tushare_contract
SR.ZCE,2025-09-01,SR2601.ZCE,SR,5600.0,5612.0,5589.0,5609.0,5602.0,140109.0,358781.0,tushare_contract
SR.ZCE,2025-09-02,SR2601.ZCE,SR,5613.0,5624.0,5566.0,5599.0,5595.0,227215.0,356276.0,tushare_contract
SR.ZCE,2025-09-03,SR2601.ZCE,SR,5580.0,5586.0,5556.0,5562.0,5569.0,189825.0,362219.0,tushare_contract
SR.ZCE,2025-09-04,SR2601.ZCE,SR,5566.0,5566.0,5531.0,5533.0,5540.0,183267.0,369333.0,tushare_contract
SR.ZCE,2025-09-05,SR2601.ZCE,SR,5526.0,5537.0,5509.0,5523.0,5522.0,187748.0,374355.0,tushare_contract
SR.ZCE,2025-09-08,SR2601.ZCE,SR,5518.0,5539.0,5503.0,5527.0,5522.0,201249.0,381300.0,tushare_contract
SR.ZCE,2025-09-09,SR2601.ZCE,SR,5535.0,5538.0,5509.0,5518.0,5521.0,153809.0,388606.0,tushare_contract
SR.ZCE,2025-09-10,SR2601.ZCE,SR,5520.0,5548.0,5518.0,5535.0,5534.0,196283.0,389187.0,tushare_contract
SR.ZCE,2025-09-11,SR2601.ZCE,SR,5545.0,5558.0,5527.0,5556.0,5542.0,155411.0,391605.0,tushare_contract
SR.ZCE,2025-09-12,SR2601.ZCE,SR,5546.0,5555.0,5534.0,5540.0,5544.0,136271.0,384498.0,tushare_contract
SR.ZCE,2025-09-15,SR2601.ZCE,SR,5535.0,5564.0,5532.0,5549.0,5545.0,149174.0,381607.0,tushare_contract
SR.ZCE,2025-09-16,SR2601.ZCE,SR,5557.0,5572.0,5540.0,5547.0,5555.0,182295.0,385623.0,tushare_contract
SR.ZCE,2025-09-17,SR2601.ZCE,SR,5546.0,5552.0,5522.0,5529.0,5538.0,159507.0,388194.0,tushare_contract
SR.ZCE,2025-09-18,SR2601.ZCE,SR,5526.0,5536.0,5462.0,5474.0,5496.0,315458.0,432454.0,tushare_contract
SR.ZCE,2025-09-19,SR2601.ZCE,SR,5467.0,5475.0,5448.0,5461.0,5460.0,225488.0,450307.0,tushare_contract
SR.ZCE,2025-09-22,SR2601.ZCE,SR,5473.0,5478.0,5444.0,5452.0,5461.0,185371.0,456830.0,tushare_contract
SR.ZCE,2025-09-23,SR2601.ZCE,SR,5451.0,5457.0,5424.0,5444.0,5440.0,222211.0,474011.0,tushare_contract
SR.ZCE,2025-09-24,SR2601.ZCE,SR,5444.0,5508.0,5443.0,5497.0,5483.0,287568.0,439006.0,tushare_contract
SR.ZCE,2025-09-25,SR2601.ZCE,SR,5492.0,5518.0,5481.0,5485.0,5497.0,212995.0,431349.0,tushare_contract
SR.ZCE,2025-09-26,SR2601.ZCE,SR,5486.0,5510.0,5477.0,5478.0,5491.0,153305.0,427474.0,tushare_contract
SR.ZCE,2025-09-29,SR2601.ZCE,SR,5485.0,5505.0,5473.0,5479.0,5489.0,143897.0,417045.0,tushare_contract
SR.ZCE,2025-09-30,SR2601.ZCE,SR,5478.0,5504.0,5465.0,5493.0,5490.0,156661.0,388037.0,tushare_contract
SR.ZCE,2025-10-09,SR2601.ZCE,SR,5498.0,5542.0,5481.0,5528.0,5517.0,196596.0,373744.0,tushare_contract
SR.ZCE,2025-10-10,SR2601.ZCE,SR,5521.0,5537.0,5490.0,5496.0,5517.0,170718.0,385836.0,tushare_contract
SR.ZCE,2025-10-13,SR2601.ZCE,SR,5490.0,5503.0,5451.0,5470.0,5474.0,213337.0,390023.0,tushare_contract
SR.ZCE,2025-10-14,SR2601.ZCE,SR,5430.0,5432.0,5382.0,5397.0,5400.0,328908.0,422156.0,tushare_contract
SR.ZCE,2025-10-15,SR2601.ZCE,SR,5391.0,5416.0,5386.0,5403.0,5402.0,164189.0,433188.0,tushare_contract
SR.ZCE,2025-10-16,SR2601.ZCE,SR,5394.0,5412.0,5389.0,5408.0,5403.0,144443.0,438116.0,tushare_contract
SR.ZCE,2025-10-17,SR2601.ZCE,SR,5420.0,5430.0,5403.0,5412.0,5415.0,153332.0,441448.0,tushare_contract
SR.ZCE,2025-10-20,SR2601.ZCE,SR,5417.0,5451.0,5412.0,5428.0,5435.0,175882.0,426415.0,tushare_contract
SR.ZCE,2025-10-21,SR2601.ZCE,SR,5439.0,5445.0,5423.0,5438.0,5436.0,127499.0,421702.0,tushare_contract
SR.ZCE,2025-10-22,SR2601.ZCE,SR,5425.0,5434.0,5394.0,5426.0,5416.0,211578.0,417296.0,tushare_contract
SR.ZCE,2025-10-23,SR2601.ZCE,SR,5421.0,5464.0,5400.0,5457.0,5429.0,244061.0,420072.0,tushare_contract
SR.ZCE,2025-10-24,SR2601.ZCE,SR,5453.0,5464.0,5434.0,5446.0,5451.0,147867.0,408160.0,tushare_contract
SR.ZCE,2025-10-27,SR2601.ZCE,SR,5425.0,5451.0,5414.0,5445.0,5433.0,160441.0,401598.0,tushare_contract
SR.ZCE,2025-10-28,SR2601.ZCE,SR,5423.0,5492.0,5422.0,5483.0,5459.0,280945.0,400036.0,tushare_contract
SR.ZCE,2025-10-29,SR2601.ZCE,SR,5480.0,5500.0,5473.0,5494.0,5489.0,182203.0,391035.0,tushare_contract
SR.ZCE,2025-10-30,SR2601.ZCE,SR,5491.0,5500.0,5465.0,5472.0,5485.0,167364.0,379832.0,tushare_contract
SR.ZCE,2025-10-31,SR2601.ZCE,SR,5461.0,5495.0,5450.0,5483.0,5477.0,166999.0,372770.0,tushare_contract
SR.ZCE,2025-11-03,SR2601.ZCE,SR,5479.0,5504.0,5458.0,5499.0,5479.0,173994.0,372791.0,tushare_contract
SR.ZCE,2025-11-04,SR2601.ZCE,SR,5493.0,5508.0,5474.0,5481.0,5488.0,154845.0,368822.0,tushare_contract
SR.ZCE,2025-11-05,SR2601.ZCE,SR,5473.0,5477.0,5434.0,5441.0,5449.0,184476.0,367492.0,tushare_contract
SR.ZCE,2025-11-06,SR2601.ZCE,SR,5445.0,5454.0,5426.0,5448.0,5440.0,155276.0,372447.0,tushare_contract
SR.ZCE,2025-11-07,SR2601.ZCE,SR,5456.0,5460.0,5436.0,5457.0,5450.0,140737.0,371961.0,tushare_contract
SR.ZCE,2025-11-10,SR2601.ZCE,SR,5457.0,5477.0,5450.0,5475.0,5467.0,139545.0,373243.0,tushare_contract
SR.ZCE,2025-11-11,SR2601.ZCE,SR,5478.0,5490.0,5474.0,5480.0,5482.0,120865.0,376463.0,tushare_contract
SR.ZCE,2025-11-12,SR2601.ZCE,SR,5481.0,5485.0,5467.0,5478.0,5478.0,101917.0,373976.0,tushare_contract
SR.ZCE,2025-11-13,SR2601.ZCE,SR,5475.0,5515.0,5458.0,5512.0,5488.0,208136.0,381667.0,tushare_contract
SR.ZCE,2025-11-14,SR2601.ZCE,SR,5508.0,5509.0,5468.0,5470.0,5490.0,159139.0,370242.0,tushare_contract
SR.ZCE,2025-11-17,SR2601.ZCE,SR,5481.0,5485.0,5452.0,5458.0,5465.0,175826.0,359183.0,tushare_contract
SR.ZCE,2025-11-18,SR2601.ZCE,SR,5458.0,5469.0,5405.0,5407.0,5429.0,246606.0,363213.0,tushare_contract
SR.ZCE,2025-11-19,SR2601.ZCE,SR,5407.0,5419.0,5375.0,5381.0,5395.0,259900.0,388009.0,tushare_contract
SR.ZCE,2025-11-20,SR2601.ZCE,SR,5391.0,5398.0,5363.0,5366.0,5379.0,188301.0,402945.0,tushare_contract
SR.ZCE,2025-11-21,SR2601.ZCE,SR,5374.0,5389.0,5342.0,5353.0,5365.0,179829.0,416700.0,tushare_contract
SR.ZCE,2025-11-24,SR2601.ZCE,SR,5354.0,5387.0,5336.0,5370.0,5359.0,175985.0,417739.0,tushare_contract
SR.ZCE,2025-11-25,SR2601.ZCE,SR,5380.0,5404.0,5373.0,5387.0,5385.0,135377.0,406329.0,tushare_contract
SR.ZCE,2025-11-26,SR2601.ZCE,SR,5389.0,5402.0,5377.0,5379.0,5390.0,153464.0,394080.0,tushare_contract
SR.ZCE,2025-11-27,SR2601.ZCE,SR,5384.0,5413.0,5375.0,5403.0,5398.0,169362.0,377132.0,tushare_contract
SR.ZCE,2025-11-28,SR2601.ZCE,SR,5409.0,5418.0,5392.0,5400.0,5407.0,146905.0,361517.0,tushare_contract
SR.ZCE,2025-12-01,SR2601.ZCE,SR,5405.0,5407.0,5384.0,5405.0,5396.0,133737.0,350573.0,tushare_contract
SR.ZCE,2025-12-02,SR2601.ZCE,SR,5390.0,5400.0,5360.0,5382.0,5382.0,163973.0,338486.0,tushare_contract
SR.ZCE,2025-12-03,SR2601.ZCE,SR,5376.0,5380.0,5359.0,5366.0,5371.0,133086.0,330181.0,tushare_contract
SR.ZCE,2025-12-04,SR2601.ZCE,SR,5372.0,5373.0,5308.0,5328.0,5328.0,239624.0,329240.0,tushare_contract
SR.ZCE,2025-12-05,SR2601.ZCE,SR,5318.0,5341.0,5301.0,5303.0,5319.0,153044.0,317303.0,tushare_contract
SR.ZCE,2025-12-08,SR2601.ZCE,SR,5303.0,5354.0,5303.0,5337.0,5331.0,173785.0,289716.0,tushare_contract
SR.ZCE,2025-12-09,SR2601.ZCE,SR,5331.0,5356.0,5320.0,5343.0,5340.0,154305.0,260465.0,tushare_contract
SR.ZCE,2025-12-10,SR2601.ZCE,SR,5340.0,5345.0,5313.0,5328.0,5331.0,121672.0,241501.0,tushare_contract
SR.ZCE,2025-12-11,SR2605.ZCE,SR,5230.0,5246.0,5215.0,5245.0,5232.0,223503.0,391467.0,tushare_contract
SR.ZCE,2025-12-12,SR2605.ZCE,SR,5244.0,5249.0,5208.0,5214.0,5228.0,220740.0,416939.0,tushare_contract
SR.ZCE,2025-12-15,SR2605.ZCE,SR,5226.0,5242.0,5205.0,5207.0,5227.0,188224.0,429498.0,tushare_contract
SR.ZCE,2025-12-16,SR2605.ZCE,SR,5210.0,5211.0,5132.0,5133.0,5166.0,313133.0,481426.0,tushare_contract
SR.ZCE,2025-12-17,SR2605.ZCE,SR,5141.0,5160.0,5124.0,5139.0,5137.0,253403.0,487935.0,tushare_contract
SR.ZCE,2025-12-18,SR2605.ZCE,SR,5138.0,5165.0,5099.0,5102.0,5130.0,275933.0,518010.0,tushare_contract
SR.ZCE,2025-12-19,SR2605.ZCE,SR,5087.0,5106.0,5072.0,5088.0,5087.0,274286.0,523222.0,tushare_contract
SR.ZCE,2025-12-22,SR2605.ZCE,SR,5102.0,5145.0,5095.0,5126.0,5123.0,287789.0,513067.0,tushare_contract
SR.ZCE,2025-12-23,SR2605.ZCE,SR,5133.0,5155.0,5133.0,5155.0,5143.0,207403.0,508950.0,tushare_contract
SR.ZCE,2025-12-24,SR2605.ZCE,SR,5158.0,5263.0,5156.0,5262.0,5215.0,463804.0,466130.0,tushare_contract
SR.ZCE,2025-12-25,SR2605.ZCE,SR,5270.0,5278.0,5259.0,5269.0,5267.0,298728.0,455396.0,tushare_contract
SR.ZCE,2025-12-26,SR2605.ZCE,SR,5260.0,5296.0,5246.0,5285.0,5278.0,254534.0,448924.0,tushare_contract
SR.ZCE,2025-12-29,SR2605.ZCE,SR,5277.0,5280.0,5224.0,5253.0,5256.0,261074.0,432294.0,tushare_contract
SR.ZCE,2025-12-30,SR2605.ZCE,SR,5260.0,5271.0,5241.0,5258.0,5256.0,202265.0,425612.0,tushare_contract
SR.ZCE,2025-12-31,SR2605.ZCE,SR,5250.0,5256.0,5229.0,5251.0,5243.0,200353.0,415659.0,tushare_contract
SR.ZCE,2026-01-05,SR2605.ZCE,SR,5226.0,5260.0,5205.0,5257.0,5233.0,136106.0,422565.0,tushare_contract
SR.ZCE,2026-01-06,SR2605.ZCE,SR,5254.0,5267.0,5231.0,5259.0,5251.0,187904.0,427408.0,tushare_contract
SR.ZCE,2026-01-07,SR2605.ZCE,SR,5265.0,5288.0,5255.0,5281.0,5275.0,231909.0,439946.0,tushare_contract
SR.ZCE,2026-01-08,SR2605.ZCE,SR,5299.0,5308.0,5255.0,5279.0,5283.0,218370.0,429678.0,tushare_contract
SR.ZCE,2026-01-09,SR2605.ZCE,SR,5285.0,5300.0,5264.0,5288.0,5284.0,162871.0,432813.0,tushare_contract
SR.ZCE,2026-01-12,SR2605.ZCE,SR,5288.0,5300.0,5271.0,5285.0,5286.0,190530.0,431395.0,tushare_contract
SR.ZCE,2026-01-13,SR2605.ZCE,SR,5283.0,5284.0,5238.0,5253.0,5260.0,221246.0,429949.0,tushare_contract
SR.ZCE,2026-01-14,SR2605.ZCE,SR,5260.0,5313.0,5255.0,5299.0,5285.0,228873.0,428965.0,tushare_contract
SR.ZCE,2026-01-15,SR2605.ZCE,SR,5299.0,5299.0,5259.0,5280.0,5277.0,162483.0,425271.0,tushare_contract
SR.ZCE,2026-01-16,SR2605.ZCE,SR,5272.0,5279.0,5246.0,5258.0,5263.0,177769.0,426717.0,tushare_contract
SR.ZCE,2026-01-19,SR2605.ZCE,SR,5278.0,5278.0,5230.0,5244.0,5255.0,217180.0,427297.0,tushare_contract
SR.ZCE,2026-01-20,SR2605.ZCE,SR,5240.0,5249.0,5177.0,5183.0,5216.0,239789.0,438833.0,tushare_contract
SR.ZCE,2026-01-21,SR2605.ZCE,SR,5182.0,5204.0,5138.0,5144.0,5166.0,223350.0,461359.0,tushare_contract
SR.ZCE,2026-01-22,SR2605.ZCE,SR,5146.0,5160.0,5124.0,5158.0,5141.0,221201.0,477452.0,tushare_contract
SR.ZCE,2026-01-23,SR2605.ZCE,SR,5165.0,5198.0,5153.0,5180.0,5176.0,200983.0,466645.0,tushare_contract
SR.ZCE,2026-01-26,SR2605.ZCE,SR,5170.0,5195.0,5160.0,5172.0,5175.0,200135.0,467975.0,tushare_contract
SR.ZCE,2026-01-27,SR2605.ZCE,SR,5177.0,5185.0,5154.0,5168.0,5168.0,190426.0,472603.0,tushare_contract
SR.ZCE,2026-01-28,SR2605.ZCE,SR,5169.0,5194.0,5160.0,5187.0,5176.0,172505.0,473871.0,tushare_contract
SR.ZCE,2026-01-29,SR2605.ZCE,SR,5185.0,5266.0,5178.0,5257.0,5231.0,342769.0,463208.0,tushare_contract
SR.ZCE,2026-01-30,SR2605.ZCE,SR,5248.0,5281.0,5235.0,5248.0,5261.0,315289.0,452137.0,tushare_contract
SR.ZCE,2026-02-02,SR2605.ZCE,SR,5230.0,5243.0,5193.0,5207.0,5215.0,319755.0,441083.0,tushare_contract
SR.ZCE,2026-02-03,SR2605.ZCE,SR,5215.0,5221.0,5156.0,5167.0,5190.0,284324.0,451499.0,tushare_contract
SR.ZCE,2026-02-04,SR2605.ZCE,SR,5196.0,5231.0,5185.0,5210.0,5207.0,215851.0,451761.0,tushare_contract
SR.ZCE,2026-02-05,SR2605.ZCE,SR,5205.0,5238.0,5198.0,5224.0,5222.0,241487.0,443522.0,tushare_contract
SR.ZCE,2026-02-06,SR2605.ZCE,SR,5215.0,5250.0,5210.0,5228.0,5231.0,258125.0,446908.0,tushare_contract
SR.ZCE,2026-02-09,SR2605.ZCE,SR,5220.0,5272.0,5217.0,5261.0,5243.0,253424.0,453913.0,tushare_contract
SR.ZCE,2026-02-10,SR2605.ZCE,SR,5262.0,5295.0,5254.0,5278.0,5278.0,257845.0,458435.0,tushare_contract
SR.ZCE,2026-02-11,SR2605.ZCE,SR,5286.0,5290.0,5258.0,5266.0,5275.0,157168.0,451856.0,tushare_contract
SR.ZCE,2026-02-12,SR2605.ZCE,SR,5258.0,5269.0,5244.0,5254.0,5257.0,146436.0,443331.0,tushare_contract
SR.ZCE,2026-02-13,SR2605.ZCE,SR,5255.0,5260.0,5207.0,5211.0,5230.0,194855.0,420258.0,tushare_contract
SR.ZCE,2026-02-24,SR2605.ZCE,SR,5240.0,5271.0,5227.0,5229.0,5252.0,178941.0,431165.0,tushare_contract
SR.ZCE,2026-02-25,SR2605.ZCE,SR,5228.0,5264.0,5228.0,5248.0,5248.0,174512.0,446222.0,tushare_contract
SR.ZCE,2026-02-26,SR2605.ZCE,SR,5241.0,5330.0,5232.0,5285.0,5280.0,341075.0,462071.0,tushare_contract
SR.ZCE,2026-02-27,SR2605.ZCE,SR,5289.0,5338.0,5283.0,5324.0,5314.0,377708.0,473339.0,tushare_contract
SR.ZCE,2026-03-02,SR2605.ZCE,SR,5330.0,5348.0,5283.0,5345.0,5318.0,353876.0,469973.0,tushare_contract
SR.ZCE,2026-03-03,SR2605.ZCE,SR,5343.0,5344.0,5305.0,5321.0,5323.0,289757.0,453444.0,tushare_contract
SR.ZCE,2026-03-04,SR2605.ZCE,SR,5334.0,5360.0,5293.0,5308.0,5320.0,305235.0,446413.0,tushare_contract
SR.ZCE,2026-03-05,SR2605.ZCE,SR,5298.0,5350.0,5286.0,5330.0,5325.0,281173.0,442794.0,tushare_contract
SR.ZCE,2026-03-06,SR2605.ZCE,SR,5328.0,5392.0,5328.0,5371.0,5363.0,360570.0,451222.0,tushare_contract
SR.ZCE,2026-03-09,SR2605.ZCE,SR,5395.0,5542.0,5373.0,5436.0,5468.0,787404.0,438027.0,tushare_contract
SR.ZCE,2026-03-10,SR2605.ZCE,SR,5451.0,5456.0,5365.0,5409.0,5410.0,427862.0,409684.0,tushare_contract
SR.ZCE,2026-03-11,SR2605.ZCE,SR,5420.0,5431.0,5397.0,5423.0,5416.0,279654.0,415081.0,tushare_contract
SR.ZCE,2026-03-12,SR2605.ZCE,SR,5426.0,5455.0,5409.0,5416.0,5434.0,318197.0,413877.0,tushare_contract
SR.ZCE,2026-03-13,SR2605.ZCE,SR,5434.0,5487.0,5416.0,5447.0,5452.0,380764.0,416185.0,tushare_contract
SR.ZCE,2026-03-16,SR2605.ZCE,SR,5447.0,5490.0,5432.0,5472.0,5461.0,295713.0,418200.0,tushare_contract
SR.ZCE,2026-03-17,SR2605.ZCE,SR,5450.0,5459.0,5404.0,5406.0,5429.0,284333.0,416937.0,tushare_contract
SR.ZCE,2026-03-18,SR2605.ZCE,SR,5420.0,5426.0,5334.0,5343.0,5377.0,369334.0,387747.0,tushare_contract
SR.ZCE,2026-03-19,SR2605.ZCE,SR,5367.0,5434.0,5362.0,5417.0,5399.0,337734.0,372106.0,tushare_contract
SR.ZCE,2026-03-20,SR2605.ZCE,SR,5438.0,5452.0,5403.0,5439.0,5429.0,347624.0,354040.0,tushare_contract
SR.ZCE,2026-03-23,SR2605.ZCE,SR,5447.0,5508.0,5443.0,5453.0,5470.0,402573.0,340678.0,tushare_contract
SR.ZCE,2026-03-24,SR2605.ZCE,SR,5425.0,5466.0,5405.0,5429.0,5437.0,270323.0,328849.0,tushare_contract
SR.ZCE,2026-03-25,SR2605.ZCE,SR,5432.0,5453.0,5405.0,5429.0,5431.0,262921.0,318672.0,tushare_contract
SR.ZCE,2026-03-26,SR2605.ZCE,SR,5402.0,5465.0,5402.0,5463.0,5439.0,264326.0,317898.0,tushare_contract
SR.ZCE,2026-03-27,SR2605.ZCE,SR,5468.0,5473.0,5425.0,5464.0,5452.0,257336.0,312885.0,tushare_contract
SR.ZCE,2026-03-30,SR2605.ZCE,SR,5469.0,5533.0,5437.0,5441.0,5480.0,405297.0,304083.0,tushare_contract
SR.ZCE,2026-03-31,SR2605.ZCE,SR,5432.0,5443.0,5380.0,5398.0,5411.0,292071.0,269186.0,tushare_contract
SR.ZCE,2026-04-01,SR2605.ZCE,SR,5415.0,5425.0,5347.0,5356.0,5386.0,258100.0,243255.0,tushare_contract
SR.ZCE,2026-04-02,SR2605.ZCE,SR,5360.0,5383.0,5340.0,5365.0,5360.0,180387.0,221777.0,tushare_contract
SR.ZCE,2026-04-03,SR2609.ZCE,SR,5405.0,5410.0,5332.0,5338.0,5364.0,285229.0,394480.0,tushare_contract
SR.ZCE,2026-04-07,SR2609.ZCE,SR,5339.0,5358.0,5321.0,5329.0,5334.0,179064.0,412602.0,tushare_contract
SR.ZCE,2026-04-08,SR2609.ZCE,SR,5327.0,5328.0,5270.0,5291.0,5300.0,250017.0,437390.0,tushare_contract
SR.ZCE,2026-04-09,SR2609.ZCE,SR,5285.0,5335.0,5259.0,5317.0,5288.0,333785.0,455616.0,tushare_contract
SR.ZCE,2026-04-10,SR2609.ZCE,SR,5300.0,5329.0,5295.0,5325.0,5311.0,312932.0,489603.0,tushare_contract
SR.ZCE,2026-04-13,SR2609.ZCE,SR,5329.0,5334.0,5304.0,5319.0,5316.0,275645.0,504529.0,tushare_contract
SR.ZCE,2026-04-14,SR2609.ZCE,SR,5319.0,5319.0,5283.0,5287.0,5296.0,267765.0,528003.0,tushare_contract
SR.ZCE,2026-04-15,SR2609.ZCE,SR,5298.0,5330.0,5289.0,5311.0,5307.0,309763.0,537467.0,tushare_contract
SR.ZCE,2026-04-16,SR2609.ZCE,SR,5299.0,5381.0,5289.0,5377.0,5330.0,446417.0,545478.0,tushare_contract
SR.ZCE,2026-04-17,SR2609.ZCE,SR,5370.0,5381.0,5339.0,5352.0,5362.0,326237.0,532649.0,tushare_contract
SR.ZCE,2026-04-20,SR2609.ZCE,SR,5330.0,5332.0,5291.0,5321.0,5313.0,396207.0,551752.0,tushare_contract
SR.ZCE,2026-04-21,SR2609.ZCE,SR,5314.0,5375.0,5310.0,5371.0,5343.0,404726.0,581833.0,tushare_contract
SR.ZCE,2026-04-22,SR2609.ZCE,SR,5380.0,5419.0,5377.0,5396.0,5397.0,523957.0,594710.0,tushare_contract
SR.ZCE,2026-04-23,SR2609.ZCE,SR,5409.0,5434.0,5388.0,5395.0,5413.0,469048.0,591994.0,tushare_contract
SR.ZCE,2026-04-24,SR2609.ZCE,SR,5400.0,5432.0,5389.0,5397.0,5411.0,346033.0,589183.0,tushare_contract
SR.ZCE,2026-04-27,SR2609.ZCE,SR,5398.0,5437.0,5362.0,5423.0,5410.0,417428.0,622891.0,tushare_contract
SR.ZCE,2026-04-28,SR2609.ZCE,SR,5420.0,5425.0,5384.0,5409.0,5406.0,372451.0,619804.0,tushare_contract
SR.ZCE,2026-04-29,SR2609.ZCE,SR,5420.0,5421.0,5385.0,5406.0,5401.0,305566.0,619748.0,tushare_contract
SR.ZCE,2026-04-30,SR2609.ZCE,SR,5417.0,5432.0,5396.0,5406.0,5414.0,341379.0,607028.0,tushare_contract
SR.ZCE,2026-05-06,SR2609.ZCE,SR,5441.0,5472.0,5414.0,5425.0,5437.0,443279.0,639316.0,tushare_contract
SR.ZCE,2026-05-07,SR2609.ZCE,SR,5389.0,5450.0,5373.0,5447.0,5418.0,499384.0,640629.0,tushare_contract
SR.ZCE,2026-05-08,SR2609.ZCE,SR,5430.0,5483.0,5426.0,5442.0,5456.0,603422.0,652817.0,tushare_contract
SR.ZCE,2026-05-11,SR2609.ZCE,SR,5446.0,5483.0,5442.0,5477.0,5466.0,434436.0,669551.0,tushare_contract
SR.ZCE,2026-05-12,SR2609.ZCE,SR,5484.0,5514.0,5465.0,5504.0,5492.0,480920.0,678269.0,tushare_contract
SR.ZCE,2026-05-13,SR2609.ZCE,SR,5507.0,5519.0,5451.0,5479.0,5481.0,513709.0,656171.0,tushare_contract
SR.ZCE,2026-05-14,SR2609.ZCE,SR,5490.0,5538.0,5470.0,5497.0,5504.0,586646.0,668449.0,tushare_contract
SR.ZCE,2026-05-15,SR2609.ZCE,SR,5469.0,5490.0,5427.0,5437.0,5458.0,549540.0,640582.0,tushare_contract
SR.ZCE,2026-05-18,SR2609.ZCE,SR,5431.0,5453.0,5424.0,5429.0,5436.0,376570.0,632806.0,tushare_contract
SR.ZCE,2026-05-19,SR2609.ZCE,SR,5419.0,5441.0,5406.0,5430.0,5423.0,359285.0,631707.0,tushare_contract
SR.ZCE,2026-05-20,SR2609.ZCE,SR,5437.0,5439.0,5381.0,5392.0,5410.0,447275.0,640122.0,tushare_contract
SR.ZCE,2026-05-21,SR2609.ZCE,SR,5390.0,5404.0,5359.0,5363.0,5382.0,416039.0,634596.0,tushare_contract
SR.ZCE,2026-05-22,SR2609.ZCE,SR,5370.0,5388.0,5357.0,5368.0,5371.0,329226.0,650675.0,tushare_contract
SR.ZCE,2026-05-25,SR2609.ZCE,SR,5357.0,5378.0,5339.0,5346.0,5358.0,359828.0,672398.0,tushare_contract
SR.ZCE,2026-05-26,SR2609.ZCE,SR,5350.0,5394.0,5339.0,5389.0,5368.0,356541.0,682505.0,tushare_contract
SR.ZCE,2026-05-27,SR2609.ZCE,SR,5387.0,5408.0,5375.0,5382.0,5392.0,326115.0,671125.0,tushare_contract
SR.ZCE,2026-05-28,SR2609.ZCE,SR,5370.0,5385.0,5351.0,5378.0,5367.0,326857.0,688615.0,tushare_contract
SR.ZCE,2026-05-29,SR2609.ZCE,SR,5369.0,5420.0,5362.0,5411.0,5402.0,493768.0,683377.0,tushare_contract
SR.ZCE,2026-06-01,SR2609.ZCE,SR,5419.0,5454.0,5410.0,5446.0,5432.0,432983.0,673969.0,tushare_contract
SR.ZCE,2026-06-02,SR2609.ZCE,SR,5450.0,5451.0,5416.0,5433.0,5436.0,375595.0,657417.0,tushare_contract
SR.ZCE,2026-06-03,SR2609.ZCE,SR,5433.0,5455.0,5427.0,5438.0,5440.0,376631.0,656640.0,tushare_contract
SR.ZCE,2026-06-04,SR2609.ZCE,SR,5439.0,5446.0,5368.0,5374.0,5403.0,475908.0,659276.0,tushare_contract
SR.ZCE,2026-06-05,SR2609.ZCE,SR,5375.0,5390.0,5316.0,5341.0,5348.0,521214.0,672582.0,tushare_contract
SR.ZCE,2026-06-08,SR2609.ZCE,SR,5340.0,5341.0,5312.0,5330.0,5325.0,336897.0,689463.0,tushare_contract
SR.ZCE,2026-06-09,SR2609.ZCE,SR,5330.0,5348.0,5307.0,5310.0,5328.0,347053.0,706024.0,tushare_contract
SR.ZCE,2026-06-10,SR2609.ZCE,SR,5309.0,5323.0,5301.0,5314.0,5312.0,259000.0,718959.0,tushare_contract
SR.ZCE,2026-06-11,SR2609.ZCE,SR,5315.0,5322.0,5277.0,5291.0,5298.0,356513.0,735546.0,tushare_contract
SR.ZCE,2026-06-12,SR2609.ZCE,SR,5291.0,5331.0,5273.0,5315.0,5299.0,426882.0,748911.0,tushare_contract
SR.ZCE,2026-06-15,SR2609.ZCE,SR,5311.0,5332.0,5303.0,5321.0,5318.0,312013.0,754715.0,tushare_contract
SR.ZCE,2026-06-16,SR2609.ZCE,SR,5325.0,5335.0,5307.0,5317.0,5321.0,306369.0,752133.0,tushare_contract
SR.ZCE,2026-06-17,SR2609.ZCE,SR,5313.0,5354.0,5309.0,5338.0,5339.0,365180.0,737913.0,tushare_contract
SR.ZCE,2026-06-18,SR2609.ZCE,SR,5340.0,5353.0,5310.0,5320.0,5332.0,360257.0,727155.0,tushare_contract
SR.ZCE,2026-06-22,SR2609.ZCE,SR,5326.0,5346.0,5304.0,5345.0,5327.0,268958.0,712088.0,tushare_contract
SR.ZCE,2026-06-23,SR2609.ZCE,SR,5340.0,5340.0,5253.0,5264.0,5287.0,529770.0,751698.0,tushare_contract
SR.ZCE,2026-06-24,SR2609.ZCE,SR,5273.0,5286.0,5237.0,5241.0,5265.0,411900.0,758711.0,tushare_contract
SR.ZCE,2026-06-25,SR2609.ZCE,SR,5241.0,5243.0,5198.0,5210.0,5218.0,411923.0,764832.0,tushare_contract
SR.ZCE,2026-06-26,SR2609.ZCE,SR,5218.0,5247.0,5209.0,5219.0,5225.0,361421.0,766965.0,tushare_contract
SR.ZCE,2026-06-29,SR2609.ZCE,SR,5251.0,5285.0,5247.0,5270.0,5262.0,391767.0,748436.0,tushare_contract
SR.ZCE,2026-06-30,SR2609.ZCE,SR,5290.0,5304.0,5260.0,5260.0,5284.0,353209.0,724718.0,tushare_contract
SR.ZCE,2026-07-01,SR2609.ZCE,SR,5269.0,5295.0,5242.0,5277.0,5273.0,331777.0,711148.0,tushare_contract
SR.ZCE,2026-07-02,SR2609.ZCE,SR,5300.0,5304.0,5262.0,5267.0,5282.0,317907.0,719587.0,tushare_contract
SR.ZCE,2026-07-03,SR2609.ZCE,SR,5286.0,5316.0,5246.0,5307.0,5287.0,461268.0,704054.0,tushare_contract
SR.ZCE,2026-07-06,SR2609.ZCE,SR,5312.0,5329.0,5287.0,5327.0,5312.0,407507.0,705413.0,tushare_contract
SR.ZCE,2026-07-07,SR2609.ZCE,SR,5326.0,5336.0,5306.0,5316.0,5321.0,355530.0,694454.0,tushare_contract
SR.ZCE,2026-07-08,SR2609.ZCE,SR,5315.0,5315.0,5262.0,5271.0,5285.0,448497.0,703303.0,tushare_contract
SR.ZCE,2026-07-09,SR2609.ZCE,SR,5265.0,5277.0,5235.0,5249.0,5258.0,383156.0,706376.0,tushare_contract
SR.ZCE,2026-07-10,SR2609.ZCE,SR,5247.0,5288.0,5236.0,5284.0,5262.0,406006.0,691029.0,tushare_contract
SR.ZCE,2026-07-13,SR2609.ZCE,SR,5274.0,5279.0,5248.0,5255.0,5265.0,347366.0,686999.0,tushare_contract
SR.ZCE,2026-07-14,SR2609.ZCE,SR,5260.0,5266.0,5224.0,5235.0,5243.0,318823.0,701040.0,tushare_contract
SR.ZCE,2026-07-15,SR2609.ZCE,SR,5233.0,5246.0,5225.0,5229.0,5235.0,266010.0,711157.0,tushare_contract
SR.ZCE,2026-07-16,SR2609.ZCE,SR,5220.0,5232.0,5152.0,5158.0,5191.0,573215.0,785079.0,tushare_contract
SR.ZCE,2026-07-17,SR2609.ZCE,SR,5145.0,5162.0,5121.0,5124.0,5142.0,444110.0,765325.0,tushare_contract
SR.ZCE,2026-07-20,SR2609.ZCE,SR,5138.0,5174.0,5132.0,5157.0,5153.0,364746.0,736762.0,tushare_contract
SR.ZCE,2026-07-21,SR2609.ZCE,SR,5162.0,5182.0,5147.0,5169.0,5163.0,326818.0,712384.0,tushare_contract
SR.ZCE,2026-07-22,SR2609.ZCE,SR,5165.0,5181.0,5155.0,5169.0,5168.0,286310.0,689522.0,tushare_contract
SR.ZCE,2026-07-23,SR2609.ZCE,SR,5157.0,5197.0,5154.0,5190.0,5178.0,284729.0,665332.0,tushare_contract
SR.ZCE,2026-07-24,SR2609.ZCE,SR,5185.0,5189.0,5151.0,5158.0,5168.0,283555.0,652299.0,tushare_contract
SR.ZCE,2026-07-27,SR2609.ZCE,SR,5150.0,5176.0,5135.0,5169.0,5159.0,270069.0,626745.0,tushare_contract
SR.ZCE,2026-07-28,SR2609.ZCE,SR,5157.0,5167.0,5135.0,5143.0,5151.0,302582.0,615197.0,tushare_contract
SR.ZCE,2026-07-29,SR2609.ZCE,SR,5150.0,5150.0,5080.0,5120.0,5113.0,476198.0,598260.0,tushare_contract
SR.ZCE,2026-07-30,SR2609.ZCE,SR,5117.0,5128.0,5079.0,5089.0,5097.0,292160.0,594202.0,tushare_contract
SR.ZCE,2026-07-31,SR2609.ZCE,SR,5092.0,5099.0,5049.0,5053.0,5074.0,329070.0,584259.0,tushare_contract
SR.ZCE,2026-08-03,SR2609.ZCE,SR,5062.0,5077.0,5050.0,5057.0,5063.0,272276.0,571550.0,tushare_contract
SR.ZCE,2026-08-04,SR2609.ZCE,SR,5065.0,5097.0,5051.0,5086.0,5074.0,292508.0,547609.0,tushare_contract
SR.ZCE,2026-08-05,SR2609.ZCE,SR,5090.0,5118.0,5069.0,5108.0,5094.0,264379.0,513537.0,tushare_contract
SR.ZCE,2026-08-06,SR2609.ZCE,SR,5116.0,5130.0,5108.0,5122.0,5121.0,225383.0,478320.0,tushare_contract
SR.ZCE,2026-08-07,SR2609.ZCE,SR,5113.0,5183.0,5108.0,5153.0,5151.0,388916.0,418615.0,tushare_contract
SR.ZCE,2026-08-10,SR2609.ZCE,SR,5180.0,5218.0,5165.0,5207.0,5196.0,345314.0,365842.0,tushare_contract
SR.ZCE,2026-08-11,SR2609.ZCE,SR,5210.0,5226.0,5196.0,5203.0,5212.0,325199.0,307069.0,tushare_contract
SR.ZCE,2026-08-12,SR2609.ZCE,SR,5205.0,5212.0,5188.0,5192.0,5200.0,288483.0,284694.0,tushare_contract
SR.ZCE,2026-08-13,SR2609.ZCE,SR,5210.0,5214.0,5130.0,5155.0,5164.0,230816.0,234778.0,tushare_contract
SR.ZCE,2026-08-14,SR2701.ZCE,SR,5298.0,5332.0,5280.0,5309.0,5307.0,323619.0,509613.0,tushare_contract
